solid OpenSCAD_Model
  facet normal 0.146736 0.989176 -0
    outer loop
      vertex 1.17054 5.88471 0
      vertex 0.588102 5.97111 4
      vertex 1.17054 5.88471 4
    endloop
  endfacet
  facet normal 0.146736 0.989176 0
    outer loop
      vertex 0.588102 5.97111 4
      vertex 1.17054 5.88471 0
      vertex 0.588102 5.97111 0
    endloop
  endfacet
  facet normal 0.989176 0.146736 0
    outer loop
      vertex 5.97111 0.588102 4
      vertex 5.88471 1.17054 0
      vertex 5.88471 1.17054 4
    endloop
  endfacet
  facet normal 0.989176 0.146736 0
    outer loop
      vertex 5.88471 1.17054 0
      vertex 5.97111 0.588102 4
      vertex 5.97111 0.588102 0
    endloop
  endfacet
  facet normal 0.998796 0.049065 0
    outer loop
      vertex 6 0 4
      vertex 5.97111 0.588102 0
      vertex 5.97111 0.588102 4
    endloop
  endfacet
  facet normal 0.998796 0.049065 0
    outer loop
      vertex 5.97111 0.588102 0
      vertex 6 0 4
      vertex 6 0 0
    endloop
  endfacet
  facet normal 0.970032 0.242979 0
    outer loop
      vertex 5.88471 1.17054 4
      vertex 5.74164 1.74171 0
      vertex 5.74164 1.74171 4
    endloop
  endfacet
  facet normal 0.970032 0.242979 0
    outer loop
      vertex 5.74164 1.74171 0
      vertex 5.88471 1.17054 4
      vertex 5.88471 1.17054 0
    endloop
  endfacet
  facet normal 0.336884 -0.941546 0
    outer loop
      vertex 1.74171 -5.74164 0
      vertex 2.2961 -5.54328 4
      vertex 1.74171 -5.74164 4
    endloop
  endfacet
  facet normal 0.336884 -0.941546 0
    outer loop
      vertex 2.2961 -5.54328 4
      vertex 1.74171 -5.74164 0
      vertex 2.2961 -5.54328 0
    endloop
  endfacet
  facet normal 0.903989 -0.427556 0
    outer loop
      vertex 5.29153 -2.82838 4
      vertex 5.54328 -2.2961 0
      vertex 5.54328 -2.2961 4
    endloop
  endfacet
  facet normal 0.903989 -0.427556 0
    outer loop
      vertex 5.54328 -2.2961 0
      vertex 5.29153 -2.82838 4
      vertex 5.29153 -2.82838 0
    endloop
  endfacet
  facet normal 0.671558 0.740952 -0
    outer loop
      vertex 4.24264 4.24264 0
      vertex 3.80636 4.63806 4
      vertex 4.24264 4.24264 4
    endloop
  endfacet
  facet normal 0.671558 0.740952 0
    outer loop
      vertex 3.80636 4.63806 4
      vertex 4.24264 4.24264 0
      vertex 3.80636 4.63806 0
    endloop
  endfacet
  facet normal -0.740952 0.671558 0
    outer loop
      vertex -4.63806 3.80636 0
      vertex -4.24264 4.24264 4
      vertex -4.24264 4.24264 0
    endloop
  endfacet
  facet normal -0.740952 0.671558 0
    outer loop
      vertex -4.24264 4.24264 4
      vertex -4.63806 3.80636 0
      vertex -4.63806 3.80636 4
    endloop
  endfacet
  facet normal -0.146736 -0.989176 0
    outer loop
      vertex -1.17054 -5.88471 0
      vertex -0.588102 -5.97111 4
      vertex -1.17054 -5.88471 4
    endloop
  endfacet
  facet normal -0.146736 -0.989176 -0
    outer loop
      vertex -0.588102 -5.97111 4
      vertex -1.17054 -5.88471 0
      vertex -0.588102 -5.97111 0
    endloop
  endfacet
  facet normal 0.941546 0.336884 0
    outer loop
      vertex 5.74164 1.74171 4
      vertex 5.54328 2.2961 0
      vertex 5.54328 2.2961 4
    endloop
  endfacet
  facet normal 0.941546 0.336884 0
    outer loop
      vertex 5.54328 2.2961 0
      vertex 5.74164 1.74171 4
      vertex 5.74164 1.74171 0
    endloop
  endfacet
  facet normal -0.049065 0.998796 0
    outer loop
      vertex 0 6 0
      vertex -0.588102 5.97111 4
      vertex 0 6 4
    endloop
  endfacet
  facet normal -0.049065 0.998796 0
    outer loop
      vertex -0.588102 5.97111 4
      vertex 0 6 0
      vertex -0.588102 5.97111 0
    endloop
  endfacet
  facet normal 0.803204 0.595703 0
    outer loop
      vertex 4.98882 3.33342 4
      vertex 4.63806 3.80636 0
      vertex 4.63806 3.80636 4
    endloop
  endfacet
  facet normal 0.803204 0.595703 0
    outer loop
      vertex 4.63806 3.80636 0
      vertex 4.98882 3.33342 4
      vertex 4.98882 3.33342 0
    endloop
  endfacet
  facet normal 0.049065 -0.998796 0
    outer loop
      vertex 0 -6 0
      vertex 0.588102 -5.97111 4
      vertex 0 -6 4
    endloop
  endfacet
  facet normal 0.049065 -0.998796 0
    outer loop
      vertex 0.588102 -5.97111 4
      vertex 0 -6 0
      vertex 0.588102 -5.97111 0
    endloop
  endfacet
  facet normal 0.049065 0.998796 -0
    outer loop
      vertex 0.588102 5.97111 0
      vertex 0 6 4
      vertex 0.588102 5.97111 4
    endloop
  endfacet
  facet normal 0.049065 0.998796 0
    outer loop
      vertex 0 6 4
      vertex 0.588102 5.97111 0
      vertex 0 6 0
    endloop
  endfacet
  facet normal 0.857728 -0.514104 0
    outer loop
      vertex 4.98882 -3.33342 4
      vertex 5.29153 -2.82838 0
      vertex 5.29153 -2.82838 4
    endloop
  endfacet
  facet normal 0.857728 -0.514104 0
    outer loop
      vertex 5.29153 -2.82838 0
      vertex 4.98882 -3.33342 4
      vertex 4.98882 -3.33342 0
    endloop
  endfacet
  facet normal -0.595703 -0.803204 0
    outer loop
      vertex -3.80636 -4.63806 0
      vertex -3.33342 -4.98882 4
      vertex -3.80636 -4.63806 4
    endloop
  endfacet
  facet normal -0.595703 -0.803204 -0
    outer loop
      vertex -3.33342 -4.98882 4
      vertex -3.80636 -4.63806 0
      vertex -3.33342 -4.98882 0
    endloop
  endfacet
  facet normal -0.857728 0.514104 0
    outer loop
      vertex -5.29153 2.82838 0
      vertex -4.98882 3.33342 4
      vertex -4.98882 3.33342 0
    endloop
  endfacet
  facet normal -0.857728 0.514104 0
    outer loop
      vertex -4.98882 3.33342 4
      vertex -5.29153 2.82838 0
      vertex -5.29153 2.82838 4
    endloop
  endfacet
  facet normal -0.242979 -0.970032 0
    outer loop
      vertex -1.74171 -5.74164 0
      vertex -1.17054 -5.88471 4
      vertex -1.74171 -5.74164 4
    endloop
  endfacet
  facet normal -0.242979 -0.970032 -0
    outer loop
      vertex -1.17054 -5.88471 4
      vertex -1.74171 -5.74164 0
      vertex -1.17054 -5.88471 0
    endloop
  endfacet
  facet normal 0.857728 0.514104 0
    outer loop
      vertex 5.29153 2.82838 4
      vertex 4.98882 3.33342 0
      vertex 4.98882 3.33342 4
    endloop
  endfacet
  facet normal 0.857728 0.514104 0
    outer loop
      vertex 4.98882 3.33342 0
      vertex 5.29153 2.82838 4
      vertex 5.29153 2.82838 0
    endloop
  endfacet
  facet normal -0.998796 -0.049065 0
    outer loop
      vertex -5.97111 -0.588102 0
      vertex -6 0 4
      vertex -6 0 0
    endloop
  endfacet
  facet normal -0.998796 -0.049065 0
    outer loop
      vertex -6 0 4
      vertex -5.97111 -0.588102 0
      vertex -5.97111 -0.588102 4
    endloop
  endfacet
  facet normal 0.903989 0.427556 0
    outer loop
      vertex 5.54328 2.2961 4
      vertex 5.29153 2.82838 0
      vertex 5.29153 2.82838 4
    endloop
  endfacet
  facet normal 0.903989 0.427556 0
    outer loop
      vertex 5.29153 2.82838 0
      vertex 5.54328 2.2961 4
      vertex 5.54328 2.2961 0
    endloop
  endfacet
  facet normal 0.970032 -0.242979 0
    outer loop
      vertex 5.74164 -1.74171 4
      vertex 5.88471 -1.17054 0
      vertex 5.88471 -1.17054 4
    endloop
  endfacet
  facet normal 0.970032 -0.242979 0
    outer loop
      vertex 5.88471 -1.17054 0
      vertex 5.74164 -1.74171 4
      vertex 5.74164 -1.74171 0
    endloop
  endfacet
  facet normal -0.970032 0.242979 0
    outer loop
      vertex -5.88471 1.17054 0
      vertex -5.74164 1.74171 4
      vertex -5.74164 1.74171 0
    endloop
  endfacet
  facet normal -0.970032 0.242979 0
    outer loop
      vertex -5.74164 1.74171 4
      vertex -5.88471 1.17054 0
      vertex -5.88471 1.17054 4
    endloop
  endfacet
  facet normal -0.427556 -0.903989 0
    outer loop
      vertex -2.82838 -5.29153 0
      vertex -2.2961 -5.54328 4
      vertex -2.82838 -5.29153 4
    endloop
  endfacet
  facet normal -0.427556 -0.903989 -0
    outer loop
      vertex -2.2961 -5.54328 4
      vertex -2.82838 -5.29153 0
      vertex -2.2961 -5.54328 0
    endloop
  endfacet
  facet normal -0.970032 -0.242979 0
    outer loop
      vertex -5.74164 -1.74171 0
      vertex -5.88471 -1.17054 4
      vertex -5.88471 -1.17054 0
    endloop
  endfacet
  facet normal -0.970032 -0.242979 0
    outer loop
      vertex -5.88471 -1.17054 4
      vertex -5.74164 -1.74171 0
      vertex -5.74164 -1.74171 4
    endloop
  endfacet
  facet normal 0.336884 0.941546 -0
    outer loop
      vertex 2.2961 5.54328 0
      vertex 1.74171 5.74164 4
      vertex 2.2961 5.54328 4
    endloop
  endfacet
  facet normal 0.336884 0.941546 0
    outer loop
      vertex 1.74171 5.74164 4
      vertex 2.2961 5.54328 0
      vertex 1.74171 5.74164 0
    endloop
  endfacet
  facet normal 0.989176 -0.146736 0
    outer loop
      vertex 5.88471 -1.17054 4
      vertex 5.97111 -0.588102 0
      vertex 5.97111 -0.588102 4
    endloop
  endfacet
  facet normal 0.989176 -0.146736 0
    outer loop
      vertex 5.97111 -0.588102 0
      vertex 5.88471 -1.17054 4
      vertex 5.88471 -1.17054 0
    endloop
  endfacet
  facet normal -0.146736 0.989176 0
    outer loop
      vertex -0.588102 5.97111 0
      vertex -1.17054 5.88471 4
      vertex -0.588102 5.97111 4
    endloop
  endfacet
  facet normal -0.146736 0.989176 0
    outer loop
      vertex -1.17054 5.88471 4
      vertex -0.588102 5.97111 0
      vertex -1.17054 5.88471 0
    endloop
  endfacet
  facet normal 0.427556 -0.903989 0
    outer loop
      vertex 2.2961 -5.54328 0
      vertex 2.82838 -5.29153 4
      vertex 2.2961 -5.54328 4
    endloop
  endfacet
  facet normal 0.427556 -0.903989 0
    outer loop
      vertex 2.82838 -5.29153 4
      vertex 2.2961 -5.54328 0
      vertex 2.82838 -5.29153 0
    endloop
  endfacet
  facet normal -0.671558 0.740952 0
    outer loop
      vertex -3.80636 4.63806 0
      vertex -4.24264 4.24264 4
      vertex -3.80636 4.63806 4
    endloop
  endfacet
  facet normal -0.671558 0.740952 0
    outer loop
      vertex -4.24264 4.24264 4
      vertex -3.80636 4.63806 0
      vertex -4.24264 4.24264 0
    endloop
  endfacet
  facet normal 0 0 -1
    outer loop
      vertex 1.75 0 0
      vertex 6 0 0
      vertex 5.97111 -0.588102 0
    endloop
  endfacet
  facet normal 0 0 -1
    outer loop
      vertex 1.74157 -0.17153 0
      vertex 5.97111 -0.588102 0
      vertex 5.88471 -1.17054 0
    endloop
  endfacet
  facet normal 0 0 -1
    outer loop
      vertex 6 0 0
      vertex 1.75 0 0
      vertex 5.97111 0.588102 0
    endloop
  endfacet
  facet normal 0 0 -1
    outer loop
      vertex 1.71637 -0.341408 0
      vertex 5.88471 -1.17054 0
      vertex 5.74164 -1.74171 0
    endloop
  endfacet
  facet normal 0 0 -1
    outer loop
      vertex 1.74157 0.17153 0
      vertex 5.97111 0.588102 0
      vertex 1.75 0 0
    endloop
  endfacet
  facet normal 0 0 -1
    outer loop
      vertex 1.67465 -0.507998 0
      vertex 5.74164 -1.74171 0
      vertex 5.54328 -2.2961 0
    endloop
  endfacet
  facet normal -0 0 -1
    outer loop
      vertex 5.97111 0.588102 0
      vertex 1.74157 0.17153 0
      vertex 5.88471 1.17054 0
    endloop
  endfacet
  facet normal 0 0 -1
    outer loop
      vertex 1.61679 -0.669696 0
      vertex 5.54328 -2.2961 0
      vertex 5.29153 -2.82838 0
    endloop
  endfacet
  facet normal 0 0 -1
    outer loop
      vertex 1.71637 0.341408 0
      vertex 5.88471 1.17054 0
      vertex 1.74157 0.17153 0
    endloop
  endfacet
  facet normal 0 0 -1
    outer loop
      vertex 1.54336 -0.824944 0
      vertex 5.29153 -2.82838 0
      vertex 4.98882 -3.33342 0
    endloop
  endfacet
  facet normal -0 0 -1
    outer loop
      vertex 5.88471 1.17054 0
      vertex 1.71637 0.341408 0
      vertex 5.74164 1.74171 0
    endloop
  endfacet
  facet normal 0 0 -1
    outer loop
      vertex 1.45507 -0.972247 0
      vertex 4.98882 -3.33342 0
      vertex 4.63806 -3.80636 0
    endloop
  endfacet
  facet normal 0 0 -1
    outer loop
      vertex 1.67465 0.507998 0
      vertex 5.74164 1.74171 0
      vertex 1.71637 0.341408 0
    endloop
  endfacet
  facet normal 0 0 -1
    outer loop
      vertex 1.35277 -1.11019 0
      vertex 4.63806 -3.80636 0
      vertex 4.24264 -4.24264 0
    endloop
  endfacet
  facet normal -0 0 -1
    outer loop
      vertex 5.74164 1.74171 0
      vertex 1.67465 0.507998 0
      vertex 5.54328 2.2961 0
    endloop
  endfacet
  facet normal 0 0 -1
    outer loop
      vertex 1.23744 -1.23744 0
      vertex 4.24264 -4.24264 0
      vertex 3.80636 -4.63806 0
    endloop
  endfacet
  facet normal 0 0 -1
    outer loop
      vertex 1.61679 0.669696 0
      vertex 5.54328 2.2961 0
      vertex 1.67465 0.507998 0
    endloop
  endfacet
  facet normal 0 0 -1
    outer loop
      vertex 1.11019 -1.35277 0
      vertex 3.80636 -4.63806 0
      vertex 3.33342 -4.98882 0
    endloop
  endfacet
  facet normal -0 0 -1
    outer loop
      vertex 5.54328 2.2961 0
      vertex 1.61679 0.669696 0
      vertex 5.29153 2.82838 0
    endloop
  endfacet
  facet normal 0 0 -1
    outer loop
      vertex 0.972247 -1.45507 0
      vertex 3.33342 -4.98882 0
      vertex 2.82838 -5.29153 0
    endloop
  endfacet
  facet normal 0 0 -1
    outer loop
      vertex 1.54336 0.824944 0
      vertex 5.29153 2.82838 0
      vertex 1.61679 0.669696 0
    endloop
  endfacet
  facet normal 0 0 -1
    outer loop
      vertex 0.824944 -1.54336 0
      vertex 2.82838 -5.29153 0
      vertex 2.2961 -5.54328 0
    endloop
  endfacet
  facet normal -0 0 -1
    outer loop
      vertex 5.29153 2.82838 0
      vertex 1.54336 0.824944 0
      vertex 4.98882 3.33342 0
    endloop
  endfacet
  facet normal 0 0 -1
    outer loop
      vertex 1.45507 0.972247 0
      vertex 4.98882 3.33342 0
      vertex 1.54336 0.824944 0
    endloop
  endfacet
  facet normal 0 0 -1
    outer loop
      vertex 0.669696 -1.61679 0
      vertex 2.2961 -5.54328 0
      vertex 1.74171 -5.74164 0
    endloop
  endfacet
  facet normal 0 0 -1
    outer loop
      vertex 5.97111 -0.588102 0
      vertex 1.74157 -0.17153 0
      vertex 1.75 0 0
    endloop
  endfacet
  facet normal 0 0 -1
    outer loop
      vertex 5.88471 -1.17054 0
      vertex 1.71637 -0.341408 0
      vertex 1.74157 -0.17153 0
    endloop
  endfacet
  facet normal 0 0 -1
    outer loop
      vertex 5.74164 -1.74171 0
      vertex 1.67465 -0.507998 0
      vertex 1.71637 -0.341408 0
    endloop
  endfacet
  facet normal 0 0 -1
    outer loop
      vertex 5.54328 -2.2961 0
      vertex 1.61679 -0.669696 0
      vertex 1.67465 -0.507998 0
    endloop
  endfacet
  facet normal 0 0 -1
    outer loop
      vertex 5.29153 -2.82838 0
      vertex 1.54336 -0.824944 0
      vertex 1.61679 -0.669696 0
    endloop
  endfacet
  facet normal 0 0 -1
    outer loop
      vertex 4.98882 -3.33342 0
      vertex 1.45507 -0.972247 0
      vertex 1.54336 -0.824944 0
    endloop
  endfacet
  facet normal 0 0 -1
    outer loop
      vertex 4.63806 -3.80636 0
      vertex 1.35277 -1.11019 0
      vertex 1.45507 -0.972247 0
    endloop
  endfacet
  facet normal 0 0 -1
    outer loop
      vertex 4.24264 -4.24264 0
      vertex 1.23744 -1.23744 0
      vertex 1.35277 -1.11019 0
    endloop
  endfacet
  facet normal 0 0 -1
    outer loop
      vertex 0.507998 -1.67465 0
      vertex 1.74171 -5.74164 0
      vertex 1.17054 -5.88471 0
    endloop
  endfacet
  facet normal 0 0 -1
    outer loop
      vertex 3.80636 -4.63806 0
      vertex 1.11019 -1.35277 0
      vertex 1.23744 -1.23744 0
    endloop
  endfacet
  facet normal 0 0 -1
    outer loop
      vertex 3.33342 -4.98882 0
      vertex 0.972247 -1.45507 0
      vertex 1.11019 -1.35277 0
    endloop
  endfacet
  facet normal 0 0 -1
    outer loop
      vertex 2.82838 -5.29153 0
      vertex 0.824944 -1.54336 0
      vertex 0.972247 -1.45507 0
    endloop
  endfacet
  facet normal 0 0 -1
    outer loop
      vertex 2.2961 -5.54328 0
      vertex 0.669696 -1.61679 0
      vertex 0.824944 -1.54336 0
    endloop
  endfacet
  facet normal 0 0 -1
    outer loop
      vertex 0.341408 -1.71637 0
      vertex 1.17054 -5.88471 0
      vertex 0.588102 -5.97111 0
    endloop
  endfacet
  facet normal 0 0 -1
    outer loop
      vertex 1.74171 -5.74164 0
      vertex 0.507998 -1.67465 0
      vertex 0.669696 -1.61679 0
    endloop
  endfacet
  facet normal 0 0 -1
    outer loop
      vertex 1.17054 -5.88471 0
      vertex 0.341408 -1.71637 0
      vertex 0.507998 -1.67465 0
    endloop
  endfacet
  facet normal 0 0 -1
    outer loop
      vertex 0.588102 -5.97111 0
      vertex 0.17153 -1.74157 0
      vertex 0.341408 -1.71637 0
    endloop
  endfacet
  facet normal 0 0 -1
    outer loop
      vertex 0 -6 0
      vertex 0.17153 -1.74157 0
      vertex 0.588102 -5.97111 0
    endloop
  endfacet
  facet normal 0 0 -1
    outer loop
      vertex 0 -6 0
      vertex 0 -1.75 0
      vertex 0.17153 -1.74157 0
    endloop
  endfacet
  facet normal 0 0 -1
    outer loop
      vertex 0 -6 0
      vertex -0.17153 -1.74157 0
      vertex 0 -1.75 0
    endloop
  endfacet
  facet normal 0 0 -1
    outer loop
      vertex -0.588102 -5.97111 0
      vertex -0.17153 -1.74157 0
      vertex 0 -6 0
    endloop
  endfacet
  facet normal -0 0 -1
    outer loop
      vertex -0.17153 -1.74157 0
      vertex -0.588102 -5.97111 0
      vertex -0.341408 -1.71637 0
    endloop
  endfacet
  facet normal 0 0 -1
    outer loop
      vertex -1.17054 -5.88471 0
      vertex -0.341408 -1.71637 0
      vertex -0.588102 -5.97111 0
    endloop
  endfacet
  facet normal -0 0 -1
    outer loop
      vertex -0.341408 -1.71637 0
      vertex -1.17054 -5.88471 0
      vertex -0.507998 -1.67465 0
    endloop
  endfacet
  facet normal 0 0 -1
    outer loop
      vertex -1.74171 -5.74164 0
      vertex -0.507998 -1.67465 0
      vertex -1.17054 -5.88471 0
    endloop
  endfacet
  facet normal -0 0 -1
    outer loop
      vertex -0.507998 -1.67465 0
      vertex -1.74171 -5.74164 0
      vertex -0.669696 -1.61679 0
    endloop
  endfacet
  facet normal 0 0 -1
    outer loop
      vertex -2.2961 -5.54328 0
      vertex -0.669696 -1.61679 0
      vertex -1.74171 -5.74164 0
    endloop
  endfacet
  facet normal -0 0 -1
    outer loop
      vertex -0.669696 -1.61679 0
      vertex -2.2961 -5.54328 0
      vertex -0.824944 -1.54336 0
    endloop
  endfacet
  facet normal 0 0 -1
    outer loop
      vertex -2.82838 -5.29153 0
      vertex -0.824944 -1.54336 0
      vertex -2.2961 -5.54328 0
    endloop
  endfacet
  facet normal -0 0 -1
    outer loop
      vertex -0.824944 -1.54336 0
      vertex -2.82838 -5.29153 0
      vertex -0.972247 -1.45507 0
    endloop
  endfacet
  facet normal 0 0 -1
    outer loop
      vertex -3.33342 -4.98882 0
      vertex -0.972247 -1.45507 0
      vertex -2.82838 -5.29153 0
    endloop
  endfacet
  facet normal -0 0 -1
    outer loop
      vertex -0.972247 -1.45507 0
      vertex -3.33342 -4.98882 0
      vertex -1.11019 -1.35277 0
    endloop
  endfacet
  facet normal 0 0 -1
    outer loop
      vertex -3.80636 -4.63806 0
      vertex -1.11019 -1.35277 0
      vertex -3.33342 -4.98882 0
    endloop
  endfacet
  facet normal -0 0 -1
    outer loop
      vertex -1.11019 -1.35277 0
      vertex -3.80636 -4.63806 0
      vertex -1.23744 -1.23744 0
    endloop
  endfacet
  facet normal 0 0 -1
    outer loop
      vertex -4.24264 -4.24264 0
      vertex -1.23744 -1.23744 0
      vertex -3.80636 -4.63806 0
    endloop
  endfacet
  facet normal -0 0 -1
    outer loop
      vertex -1.23744 -1.23744 0
      vertex -4.24264 -4.24264 0
      vertex -1.35277 -1.11019 0
    endloop
  endfacet
  facet normal 0 0 -1
    outer loop
      vertex -4.63806 -3.80636 0
      vertex -1.35277 -1.11019 0
      vertex -4.24264 -4.24264 0
    endloop
  endfacet
  facet normal -0 0 -1
    outer loop
      vertex -1.35277 -1.11019 0
      vertex -4.63806 -3.80636 0
      vertex -1.45507 -0.972247 0
    endloop
  endfacet
  facet normal 0 0 -1
    outer loop
      vertex -4.98882 -3.33342 0
      vertex -1.45507 -0.972247 0
      vertex -4.63806 -3.80636 0
    endloop
  endfacet
  facet normal -0 0 -1
    outer loop
      vertex 4.98882 3.33342 0
      vertex 1.45507 0.972247 0
      vertex 4.63806 3.80636 0
    endloop
  endfacet
  facet normal 0 0 -1
    outer loop
      vertex 1.35277 1.11019 0
      vertex 4.63806 3.80636 0
      vertex 1.45507 0.972247 0
    endloop
  endfacet
  facet normal -0 0 -1
    outer loop
      vertex 4.63806 3.80636 0
      vertex 1.35277 1.11019 0
      vertex 4.24264 4.24264 0
    endloop
  endfacet
  facet normal 0 0 -1
    outer loop
      vertex 1.23744 1.23744 0
      vertex 4.24264 4.24264 0
      vertex 1.35277 1.11019 0
    endloop
  endfacet
  facet normal -0 0 -1
    outer loop
      vertex 4.24264 4.24264 0
      vertex 1.23744 1.23744 0
      vertex 3.80636 4.63806 0
    endloop
  endfacet
  facet normal 0 0 -1
    outer loop
      vertex 1.11019 1.35277 0
      vertex 3.80636 4.63806 0
      vertex 1.23744 1.23744 0
    endloop
  endfacet
  facet normal -0 0 -1
    outer loop
      vertex 3.80636 4.63806 0
      vertex 1.11019 1.35277 0
      vertex 3.33342 4.98882 0
    endloop
  endfacet
  facet normal 0 0 -1
    outer loop
      vertex 0.972247 1.45507 0
      vertex 3.33342 4.98882 0
      vertex 1.11019 1.35277 0
    endloop
  endfacet
  facet normal -0 0 -1
    outer loop
      vertex 3.33342 4.98882 0
      vertex 0.972247 1.45507 0
      vertex 2.82838 5.29153 0
    endloop
  endfacet
  facet normal 0 0 -1
    outer loop
      vertex 0.824944 1.54336 0
      vertex 2.82838 5.29153 0
      vertex 0.972247 1.45507 0
    endloop
  endfacet
  facet normal -0 0 -1
    outer loop
      vertex 2.82838 5.29153 0
      vertex 0.824944 1.54336 0
      vertex 2.2961 5.54328 0
    endloop
  endfacet
  facet normal 0 0 -1
    outer loop
      vertex 0.669696 1.61679 0
      vertex 2.2961 5.54328 0
      vertex 0.824944 1.54336 0
    endloop
  endfacet
  facet normal -0 0 -1
    outer loop
      vertex 2.2961 5.54328 0
      vertex 0.669696 1.61679 0
      vertex 1.74171 5.74164 0
    endloop
  endfacet
  facet normal 0 0 -1
    outer loop
      vertex 0.507998 1.67465 0
      vertex 1.74171 5.74164 0
      vertex 0.669696 1.61679 0
    endloop
  endfacet
  facet normal -0 0 -1
    outer loop
      vertex 1.74171 5.74164 0
      vertex 0.507998 1.67465 0
      vertex 1.17054 5.88471 0
    endloop
  endfacet
  facet normal 0 0 -1
    outer loop
      vertex 0.341408 1.71637 0
      vertex 1.17054 5.88471 0
      vertex 0.507998 1.67465 0
    endloop
  endfacet
  facet normal -0 0 -1
    outer loop
      vertex 1.17054 5.88471 0
      vertex 0.341408 1.71637 0
      vertex 0.588102 5.97111 0
    endloop
  endfacet
  facet normal 0 0 -1
    outer loop
      vertex 0.17153 1.74157 0
      vertex 0.588102 5.97111 0
      vertex 0.341408 1.71637 0
    endloop
  endfacet
  facet normal 0 0 -1
    outer loop
      vertex 0 1.75 0
      vertex 0.588102 5.97111 0
      vertex 0.17153 1.74157 0
    endloop
  endfacet
  facet normal 0 0 -1
    outer loop
      vertex 0 1.75 0
      vertex 0 6 0
      vertex 0.588102 5.97111 0
    endloop
  endfacet
  facet normal 0 0 -1
    outer loop
      vertex -0.17153 1.74157 0
      vertex 0 6 0
      vertex 0 1.75 0
    endloop
  endfacet
  facet normal 0 0 -1
    outer loop
      vertex -0.588102 5.97111 0
      vertex -0.17153 1.74157 0
      vertex -0.341408 1.71637 0
    endloop
  endfacet
  facet normal 0 0 -1
    outer loop
      vertex -1.17054 5.88471 0
      vertex -0.341408 1.71637 0
      vertex -0.507998 1.67465 0
    endloop
  endfacet
  facet normal 0 0 -1
    outer loop
      vertex -0.17153 1.74157 0
      vertex -0.588102 5.97111 0
      vertex 0 6 0
    endloop
  endfacet
  facet normal 0 0 -1
    outer loop
      vertex -1.74171 5.74164 0
      vertex -0.507998 1.67465 0
      vertex -0.669696 1.61679 0
    endloop
  endfacet
  facet normal 0 0 -1
    outer loop
      vertex -2.2961 5.54328 0
      vertex -0.669696 1.61679 0
      vertex -0.824944 1.54336 0
    endloop
  endfacet
  facet normal 0 0 -1
    outer loop
      vertex -2.82838 5.29153 0
      vertex -0.824944 1.54336 0
      vertex -0.972247 1.45507 0
    endloop
  endfacet
  facet normal 0 0 -1
    outer loop
      vertex -3.33342 4.98882 0
      vertex -0.972247 1.45507 0
      vertex -1.11019 1.35277 0
    endloop
  endfacet
  facet normal 0 0 -1
    outer loop
      vertex -0.341408 1.71637 0
      vertex -1.17054 5.88471 0
      vertex -0.588102 5.97111 0
    endloop
  endfacet
  facet normal 0 0 -1
    outer loop
      vertex -3.80636 4.63806 0
      vertex -1.11019 1.35277 0
      vertex -1.23744 1.23744 0
    endloop
  endfacet
  facet normal 0 0 -1
    outer loop
      vertex -4.24264 4.24264 0
      vertex -1.23744 1.23744 0
      vertex -1.35277 1.11019 0
    endloop
  endfacet
  facet normal 0 0 -1
    outer loop
      vertex -4.63806 3.80636 0
      vertex -1.35277 1.11019 0
      vertex -1.45507 0.972247 0
    endloop
  endfacet
  facet normal 0 0 -1
    outer loop
      vertex -4.98882 3.33342 0
      vertex -1.45507 0.972247 0
      vertex -1.54336 0.824944 0
    endloop
  endfacet
  facet normal 0 0 -1
    outer loop
      vertex -5.29153 2.82838 0
      vertex -1.54336 0.824944 0
      vertex -1.61679 0.669696 0
    endloop
  endfacet
  facet normal 0 0 -1
    outer loop
      vertex -5.54328 2.2961 0
      vertex -1.61679 0.669696 0
      vertex -1.67465 0.507998 0
    endloop
  endfacet
  facet normal 0 0 -1
    outer loop
      vertex -5.74164 1.74171 0
      vertex -1.67465 0.507998 0
      vertex -1.71637 0.341408 0
    endloop
  endfacet
  facet normal 0 0 -1
    outer loop
      vertex -5.88471 1.17054 0
      vertex -1.71637 0.341408 0
      vertex -1.74157 0.17153 0
    endloop
  endfacet
  facet normal 0 0 -1
    outer loop
      vertex -0.507998 1.67465 0
      vertex -1.74171 5.74164 0
      vertex -1.17054 5.88471 0
    endloop
  endfacet
  facet normal 0 0 -1
    outer loop
      vertex -5.97111 0.588102 0
      vertex -1.74157 0.17153 0
      vertex -1.75 0 0
    endloop
  endfacet
  facet normal -0 0 -1
    outer loop
      vertex -1.45507 -0.972247 0
      vertex -4.98882 -3.33342 0
      vertex -1.54336 -0.824944 0
    endloop
  endfacet
  facet normal 0 0 -1
    outer loop
      vertex -0.669696 1.61679 0
      vertex -2.2961 5.54328 0
      vertex -1.74171 5.74164 0
    endloop
  endfacet
  facet normal 0 0 -1
    outer loop
      vertex -5.29153 -2.82838 0
      vertex -1.54336 -0.824944 0
      vertex -4.98882 -3.33342 0
    endloop
  endfacet
  facet normal 0 0 -1
    outer loop
      vertex -0.824944 1.54336 0
      vertex -2.82838 5.29153 0
      vertex -2.2961 5.54328 0
    endloop
  endfacet
  facet normal -0 0 -1
    outer loop
      vertex -1.54336 -0.824944 0
      vertex -5.29153 -2.82838 0
      vertex -1.61679 -0.669696 0
    endloop
  endfacet
  facet normal 0 0 -1
    outer loop
      vertex -0.972247 1.45507 0
      vertex -3.33342 4.98882 0
      vertex -2.82838 5.29153 0
    endloop
  endfacet
  facet normal 0 0 -1
    outer loop
      vertex -5.54328 -2.2961 0
      vertex -1.61679 -0.669696 0
      vertex -5.29153 -2.82838 0
    endloop
  endfacet
  facet normal 0 0 -1
    outer loop
      vertex -1.11019 1.35277 0
      vertex -3.80636 4.63806 0
      vertex -3.33342 4.98882 0
    endloop
  endfacet
  facet normal -0 0 -1
    outer loop
      vertex -1.61679 -0.669696 0
      vertex -5.54328 -2.2961 0
      vertex -1.67465 -0.507998 0
    endloop
  endfacet
  facet normal 0 0 -1
    outer loop
      vertex -1.23744 1.23744 0
      vertex -4.24264 4.24264 0
      vertex -3.80636 4.63806 0
    endloop
  endfacet
  facet normal 0 0 -1
    outer loop
      vertex -5.74164 -1.74171 0
      vertex -1.67465 -0.507998 0
      vertex -5.54328 -2.2961 0
    endloop
  endfacet
  facet normal 0 0 -1
    outer loop
      vertex -1.35277 1.11019 0
      vertex -4.63806 3.80636 0
      vertex -4.24264 4.24264 0
    endloop
  endfacet
  facet normal -0 0 -1
    outer loop
      vertex -1.67465 -0.507998 0
      vertex -5.74164 -1.74171 0
      vertex -1.71637 -0.341408 0
    endloop
  endfacet
  facet normal 0 0 -1
    outer loop
      vertex -1.45507 0.972247 0
      vertex -4.98882 3.33342 0
      vertex -4.63806 3.80636 0
    endloop
  endfacet
  facet normal 0 0 -1
    outer loop
      vertex -5.88471 -1.17054 0
      vertex -1.71637 -0.341408 0
      vertex -5.74164 -1.74171 0
    endloop
  endfacet
  facet normal 0 0 -1
    outer loop
      vertex -1.54336 0.824944 0
      vertex -5.29153 2.82838 0
      vertex -4.98882 3.33342 0
    endloop
  endfacet
  facet normal -0 0 -1
    outer loop
      vertex -1.71637 -0.341408 0
      vertex -5.88471 -1.17054 0
      vertex -1.74157 -0.17153 0
    endloop
  endfacet
  facet normal 0 0 -1
    outer loop
      vertex -1.61679 0.669696 0
      vertex -5.54328 2.2961 0
      vertex -5.29153 2.82838 0
    endloop
  endfacet
  facet normal 0 0 -1
    outer loop
      vertex -5.97111 -0.588102 0
      vertex -1.74157 -0.17153 0
      vertex -5.88471 -1.17054 0
    endloop
  endfacet
  facet normal 0 0 -1
    outer loop
      vertex -1.67465 0.507998 0
      vertex -5.74164 1.74171 0
      vertex -5.54328 2.2961 0
    endloop
  endfacet
  facet normal -0 0 -1
    outer loop
      vertex -1.74157 -0.17153 0
      vertex -5.97111 -0.588102 0
      vertex -1.75 0 0
    endloop
  endfacet
  facet normal 0 0 -1
    outer loop
      vertex -1.71637 0.341408 0
      vertex -5.88471 1.17054 0
      vertex -5.74164 1.74171 0
    endloop
  endfacet
  facet normal 0 0 -1
    outer loop
      vertex -6 0 0
      vertex -1.75 0 0
      vertex -5.97111 -0.588102 0
    endloop
  endfacet
  facet normal 0 0 -1
    outer loop
      vertex -1.74157 0.17153 0
      vertex -5.97111 0.588102 0
      vertex -5.88471 1.17054 0
    endloop
  endfacet
  facet normal 0 0 -1
    outer loop
      vertex -1.75 0 0
      vertex -6 0 0
      vertex -5.97111 0.588102 0
    endloop
  endfacet
  facet normal -0.595703 0.803204 0
    outer loop
      vertex -3.33342 4.98882 0
      vertex -3.80636 4.63806 4
      vertex -3.33342 4.98882 4
    endloop
  endfacet
  facet normal -0.595703 0.803204 0
    outer loop
      vertex -3.80636 4.63806 4
      vertex -3.33342 4.98882 0
      vertex -3.80636 4.63806 0
    endloop
  endfacet
  facet normal 0.242979 0.970032 -0
    outer loop
      vertex 1.74171 5.74164 0
      vertex 1.17054 5.88471 4
      vertex 1.74171 5.74164 4
    endloop
  endfacet
  facet normal 0.242979 0.970032 0
    outer loop
      vertex 1.17054 5.88471 4
      vertex 1.74171 5.74164 0
      vertex 1.17054 5.88471 0
    endloop
  endfacet
  facet normal 0.998796 -0.049065 0
    outer loop
      vertex 5.97111 -0.588102 4
      vertex 6 0 0
      vertex 6 0 4
    endloop
  endfacet
  facet normal 0.998796 -0.049065 0
    outer loop
      vertex 6 0 0
      vertex 5.97111 -0.588102 4
      vertex 5.97111 -0.588102 0
    endloop
  endfacet
  facet normal -0.427556 0.903989 0
    outer loop
      vertex -2.2961 5.54328 0
      vertex -2.82838 5.29153 4
      vertex -2.2961 5.54328 4
    endloop
  endfacet
  facet normal -0.427556 0.903989 0
    outer loop
      vertex -2.82838 5.29153 4
      vertex -2.2961 5.54328 0
      vertex -2.82838 5.29153 0
    endloop
  endfacet
  facet normal -0.941546 -0.336884 0
    outer loop
      vertex -5.54328 -2.2961 0
      vertex -5.74164 -1.74171 4
      vertex -5.74164 -1.74171 0
    endloop
  endfacet
  facet normal -0.941546 -0.336884 0
    outer loop
      vertex -5.74164 -1.74171 4
      vertex -5.54328 -2.2961 0
      vertex -5.54328 -2.2961 4
    endloop
  endfacet
  facet normal 0.514104 0.857728 -0
    outer loop
      vertex 3.33342 4.98882 0
      vertex 2.82838 5.29153 4
      vertex 3.33342 4.98882 4
    endloop
  endfacet
  facet normal 0.514104 0.857728 0
    outer loop
      vertex 2.82838 5.29153 4
      vertex 3.33342 4.98882 0
      vertex 2.82838 5.29153 0
    endloop
  endfacet
  facet normal 0.595703 0.803204 -0
    outer loop
      vertex 3.80636 4.63806 0
      vertex 3.33342 4.98882 4
      vertex 3.80636 4.63806 4
    endloop
  endfacet
  facet normal 0.595703 0.803204 0
    outer loop
      vertex 3.33342 4.98882 4
      vertex 3.80636 4.63806 0
      vertex 3.33342 4.98882 0
    endloop
  endfacet
  facet normal 0.146736 -0.989176 0
    outer loop
      vertex 0.588102 -5.97111 0
      vertex 1.17054 -5.88471 4
      vertex 0.588102 -5.97111 4
    endloop
  endfacet
  facet normal 0.146736 -0.989176 0
    outer loop
      vertex 1.17054 -5.88471 4
      vertex 0.588102 -5.97111 0
      vertex 1.17054 -5.88471 0
    endloop
  endfacet
  facet normal 0.740952 -0.671558 0
    outer loop
      vertex 4.24264 -4.24264 4
      vertex 4.63806 -3.80636 0
      vertex 4.63806 -3.80636 4
    endloop
  endfacet
  facet normal 0.740952 -0.671558 0
    outer loop
      vertex 4.63806 -3.80636 0
      vertex 4.24264 -4.24264 4
      vertex 4.24264 -4.24264 0
    endloop
  endfacet
  facet normal 0.803204 -0.595703 0
    outer loop
      vertex 4.63806 -3.80636 4
      vertex 4.98882 -3.33342 0
      vertex 4.98882 -3.33342 4
    endloop
  endfacet
  facet normal 0.803204 -0.595703 0
    outer loop
      vertex 4.98882 -3.33342 0
      vertex 4.63806 -3.80636 4
      vertex 4.63806 -3.80636 0
    endloop
  endfacet
  facet normal 0.242979 -0.970032 0
    outer loop
      vertex 1.17054 -5.88471 0
      vertex 1.74171 -5.74164 4
      vertex 1.17054 -5.88471 4
    endloop
  endfacet
  facet normal 0.242979 -0.970032 0
    outer loop
      vertex 1.74171 -5.74164 4
      vertex 1.17054 -5.88471 0
      vertex 1.74171 -5.74164 0
    endloop
  endfacet
  facet normal 0.941546 -0.336884 0
    outer loop
      vertex 5.54328 -2.2961 4
      vertex 5.74164 -1.74171 0
      vertex 5.74164 -1.74171 4
    endloop
  endfacet
  facet normal 0.941546 -0.336884 0
    outer loop
      vertex 5.74164 -1.74171 0
      vertex 5.54328 -2.2961 4
      vertex 5.54328 -2.2961 0
    endloop
  endfacet
  facet normal -0.242979 0.970032 0
    outer loop
      vertex -1.17054 5.88471 0
      vertex -1.74171 5.74164 4
      vertex -1.17054 5.88471 4
    endloop
  endfacet
  facet normal -0.242979 0.970032 0
    outer loop
      vertex -1.74171 5.74164 4
      vertex -1.17054 5.88471 0
      vertex -1.74171 5.74164 0
    endloop
  endfacet
  facet normal -0.903989 -0.427556 0
    outer loop
      vertex -5.29153 -2.82838 0
      vertex -5.54328 -2.2961 4
      vertex -5.54328 -2.2961 0
    endloop
  endfacet
  facet normal -0.903989 -0.427556 0
    outer loop
      vertex -5.54328 -2.2961 4
      vertex -5.29153 -2.82838 0
      vertex -5.29153 -2.82838 4
    endloop
  endfacet
  facet normal -0.989176 0.146736 0
    outer loop
      vertex -5.97111 0.588102 0
      vertex -5.88471 1.17054 4
      vertex -5.88471 1.17054 0
    endloop
  endfacet
  facet normal -0.989176 0.146736 0
    outer loop
      vertex -5.88471 1.17054 4
      vertex -5.97111 0.588102 0
      vertex -5.97111 0.588102 4
    endloop
  endfacet
  facet normal 0.427556 0.903989 -0
    outer loop
      vertex 2.82838 5.29153 0
      vertex 2.2961 5.54328 4
      vertex 2.82838 5.29153 4
    endloop
  endfacet
  facet normal 0.427556 0.903989 0
    outer loop
      vertex 2.2961 5.54328 4
      vertex 2.82838 5.29153 0
      vertex 2.2961 5.54328 0
    endloop
  endfacet
  facet normal -0.740952 -0.671558 0
    outer loop
      vertex -4.24264 -4.24264 0
      vertex -4.63806 -3.80636 4
      vertex -4.63806 -3.80636 0
    endloop
  endfacet
  facet normal -0.740952 -0.671558 0
    outer loop
      vertex -4.63806 -3.80636 4
      vertex -4.24264 -4.24264 0
      vertex -4.24264 -4.24264 4
    endloop
  endfacet
  facet normal -0.857728 -0.514104 0
    outer loop
      vertex -4.98882 -3.33342 0
      vertex -5.29153 -2.82838 4
      vertex -5.29153 -2.82838 0
    endloop
  endfacet
  facet normal -0.857728 -0.514104 0
    outer loop
      vertex -5.29153 -2.82838 4
      vertex -4.98882 -3.33342 0
      vertex -4.98882 -3.33342 4
    endloop
  endfacet
  facet normal -0.336884 0.941546 0
    outer loop
      vertex -1.74171 5.74164 0
      vertex -2.2961 5.54328 4
      vertex -1.74171 5.74164 4
    endloop
  endfacet
  facet normal -0.336884 0.941546 0
    outer loop
      vertex -2.2961 5.54328 4
      vertex -1.74171 5.74164 0
      vertex -2.2961 5.54328 0
    endloop
  endfacet
  facet normal -0.514104 -0.857728 0
    outer loop
      vertex -3.33342 -4.98882 0
      vertex -2.82838 -5.29153 4
      vertex -3.33342 -4.98882 4
    endloop
  endfacet
  facet normal -0.514104 -0.857728 -0
    outer loop
      vertex -2.82838 -5.29153 4
      vertex -3.33342 -4.98882 0
      vertex -2.82838 -5.29153 0
    endloop
  endfacet
  facet normal -0.941546 0.336884 0
    outer loop
      vertex -5.74164 1.74171 0
      vertex -5.54328 2.2961 4
      vertex -5.54328 2.2961 0
    endloop
  endfacet
  facet normal -0.941546 0.336884 0
    outer loop
      vertex -5.54328 2.2961 4
      vertex -5.74164 1.74171 0
      vertex -5.74164 1.74171 4
    endloop
  endfacet
  facet normal 0.595703 -0.803204 0
    outer loop
      vertex 3.33342 -4.98882 0
      vertex 3.80636 -4.63806 4
      vertex 3.33342 -4.98882 4
    endloop
  endfacet
  facet normal 0.595703 -0.803204 0
    outer loop
      vertex 3.80636 -4.63806 4
      vertex 3.33342 -4.98882 0
      vertex 3.80636 -4.63806 0
    endloop
  endfacet
  facet normal 0.740952 0.671558 0
    outer loop
      vertex 4.63806 3.80636 4
      vertex 4.24264 4.24264 0
      vertex 4.24264 4.24264 4
    endloop
  endfacet
  facet normal 0.740952 0.671558 0
    outer loop
      vertex 4.24264 4.24264 0
      vertex 4.63806 3.80636 4
      vertex 4.63806 3.80636 0
    endloop
  endfacet
  facet normal -0.803204 -0.595703 0
    outer loop
      vertex -4.63806 -3.80636 0
      vertex -4.98882 -3.33342 4
      vertex -4.98882 -3.33342 0
    endloop
  endfacet
  facet normal -0.803204 -0.595703 0
    outer loop
      vertex -4.98882 -3.33342 4
      vertex -4.63806 -3.80636 0
      vertex -4.63806 -3.80636 4
    endloop
  endfacet
  facet normal -0.514104 0.857728 0
    outer loop
      vertex -2.82838 5.29153 0
      vertex -3.33342 4.98882 4
      vertex -2.82838 5.29153 4
    endloop
  endfacet
  facet normal -0.514104 0.857728 0
    outer loop
      vertex -3.33342 4.98882 4
      vertex -2.82838 5.29153 0
      vertex -3.33342 4.98882 0
    endloop
  endfacet
  facet normal -0.989176 -0.146736 0
    outer loop
      vertex -5.88471 -1.17054 0
      vertex -5.97111 -0.588102 4
      vertex -5.97111 -0.588102 0
    endloop
  endfacet
  facet normal -0.989176 -0.146736 0
    outer loop
      vertex -5.97111 -0.588102 4
      vertex -5.88471 -1.17054 0
      vertex -5.88471 -1.17054 4
    endloop
  endfacet
  facet normal -0.903989 0.427556 0
    outer loop
      vertex -5.54328 2.2961 0
      vertex -5.29153 2.82838 4
      vertex -5.29153 2.82838 0
    endloop
  endfacet
  facet normal -0.903989 0.427556 0
    outer loop
      vertex -5.29153 2.82838 4
      vertex -5.54328 2.2961 0
      vertex -5.54328 2.2961 4
    endloop
  endfacet
  facet normal 0.514104 -0.857728 0
    outer loop
      vertex 2.82838 -5.29153 0
      vertex 3.33342 -4.98882 4
      vertex 2.82838 -5.29153 4
    endloop
  endfacet
  facet normal 0.514104 -0.857728 0
    outer loop
      vertex 3.33342 -4.98882 4
      vertex 2.82838 -5.29153 0
      vertex 3.33342 -4.98882 0
    endloop
  endfacet
  facet normal -0.671558 -0.740952 0
    outer loop
      vertex -4.24264 -4.24264 0
      vertex -3.80636 -4.63806 4
      vertex -4.24264 -4.24264 4
    endloop
  endfacet
  facet normal -0.671558 -0.740952 -0
    outer loop
      vertex -3.80636 -4.63806 4
      vertex -4.24264 -4.24264 0
      vertex -3.80636 -4.63806 0
    endloop
  endfacet
  facet normal -0.803204 0.595703 0
    outer loop
      vertex -4.98882 3.33342 0
      vertex -4.63806 3.80636 4
      vertex -4.63806 3.80636 0
    endloop
  endfacet
  facet normal -0.803204 0.595703 0
    outer loop
      vertex -4.63806 3.80636 4
      vertex -4.98882 3.33342 0
      vertex -4.98882 3.33342 4
    endloop
  endfacet
  facet normal -0.049065 -0.998796 0
    outer loop
      vertex -0.588102 -5.97111 0
      vertex 0 -6 4
      vertex -0.588102 -5.97111 4
    endloop
  endfacet
  facet normal -0.049065 -0.998796 -0
    outer loop
      vertex 0 -6 4
      vertex -0.588102 -5.97111 0
      vertex 0 -6 0
    endloop
  endfacet
  facet normal 0 0 1
    outer loop
      vertex 3.8 0 4
      vertex 6 0 4
      vertex 5.97111 0.588102 4
    endloop
  endfacet
  facet normal 0 0 1
    outer loop
      vertex 3.7817 0.372464 4
      vertex 5.97111 0.588102 4
      vertex 5.88471 1.17054 4
    endloop
  endfacet
  facet normal 0 0 1
    outer loop
      vertex 6 0 4
      vertex 3.8 0 4
      vertex 5.97111 -0.588102 4
    endloop
  endfacet
  facet normal 0 0 1
    outer loop
      vertex 3.72698 0.741343 4
      vertex 5.88471 1.17054 4
      vertex 5.74164 1.74171 4
    endloop
  endfacet
  facet normal -0 0 1
    outer loop
      vertex 3.7817 -0.372464 4
      vertex 5.97111 -0.588102 4
      vertex 3.8 0 4
    endloop
  endfacet
  facet normal 0 0 1
    outer loop
      vertex 3.63637 1.10308 4
      vertex 5.74164 1.74171 4
      vertex 5.54328 2.2961 4
    endloop
  endfacet
  facet normal 0 0 1
    outer loop
      vertex 5.97111 -0.588102 4
      vertex 3.7817 -0.372464 4
      vertex 5.88471 -1.17054 4
    endloop
  endfacet
  facet normal 0 0 1
    outer loop
      vertex 3.51074 1.4542 4
      vertex 5.54328 2.2961 4
      vertex 5.29153 2.82838 4
    endloop
  endfacet
  facet normal -0 0 1
    outer loop
      vertex 3.72698 -0.741343 4
      vertex 5.88471 -1.17054 4
      vertex 3.7817 -0.372464 4
    endloop
  endfacet
  facet normal 0 0 1
    outer loop
      vertex 3.3513 1.79131 4
      vertex 5.29153 2.82838 4
      vertex 4.98882 3.33342 4
    endloop
  endfacet
  facet normal 0 0 1
    outer loop
      vertex 5.88471 -1.17054 4
      vertex 3.72698 -0.741343 4
      vertex 5.74164 -1.74171 4
    endloop
  endfacet
  facet normal 0 0 1
    outer loop
      vertex 3.15958 2.11117 4
      vertex 4.98882 3.33342 4
      vertex 4.63806 3.80636 4
    endloop
  endfacet
  facet normal -0 0 1
    outer loop
      vertex 3.63637 -1.10308 4
      vertex 5.74164 -1.74171 4
      vertex 3.72698 -0.741343 4
    endloop
  endfacet
  facet normal 0 0 1
    outer loop
      vertex 2.93744 2.41069 4
      vertex 4.63806 3.80636 4
      vertex 4.24264 4.24264 4
    endloop
  endfacet
  facet normal 0 0 1
    outer loop
      vertex 5.74164 -1.74171 4
      vertex 3.63637 -1.10308 4
      vertex 5.54328 -2.2961 4
    endloop
  endfacet
  facet normal 0 0 1
    outer loop
      vertex 2.68701 2.68701 4
      vertex 4.24264 4.24264 4
      vertex 3.80636 4.63806 4
    endloop
  endfacet
  facet normal -0 0 1
    outer loop
      vertex 3.51074 -1.4542 4
      vertex 5.54328 -2.2961 4
      vertex 3.63637 -1.10308 4
    endloop
  endfacet
  facet normal 0 0 1
    outer loop
      vertex 5.54328 -2.2961 4
      vertex 3.51074 -1.4542 4
      vertex 5.29153 -2.82838 4
    endloop
  endfacet
  facet normal 0 0 1
    outer loop
      vertex 5.97111 0.588102 4
      vertex 3.7817 0.372464 4
      vertex 3.8 0 4
    endloop
  endfacet
  facet normal 0 0 1
    outer loop
      vertex 5.88471 1.17054 4
      vertex 3.72698 0.741343 4
      vertex 3.7817 0.372464 4
    endloop
  endfacet
  facet normal 0 0 1
    outer loop
      vertex 5.74164 1.74171 4
      vertex 3.63637 1.10308 4
      vertex 3.72698 0.741343 4
    endloop
  endfacet
  facet normal 0 0 1
    outer loop
      vertex 5.54328 2.2961 4
      vertex 3.51074 1.4542 4
      vertex 3.63637 1.10308 4
    endloop
  endfacet
  facet normal 0 0 1
    outer loop
      vertex 5.29153 2.82838 4
      vertex 3.3513 1.79131 4
      vertex 3.51074 1.4542 4
    endloop
  endfacet
  facet normal 0 0 1
    outer loop
      vertex 2.41069 2.93744 4
      vertex 3.80636 4.63806 4
      vertex 3.33342 4.98882 4
    endloop
  endfacet
  facet normal 0 0 1
    outer loop
      vertex 4.98882 3.33342 4
      vertex 3.15958 2.11117 4
      vertex 3.3513 1.79131 4
    endloop
  endfacet
  facet normal 0 0 1
    outer loop
      vertex 4.63806 3.80636 4
      vertex 2.93744 2.41069 4
      vertex 3.15958 2.11117 4
    endloop
  endfacet
  facet normal 0 0 1
    outer loop
      vertex 2.11117 3.15958 4
      vertex 3.33342 4.98882 4
      vertex 2.82838 5.29153 4
    endloop
  endfacet
  facet normal 0 0 1
    outer loop
      vertex 4.24264 4.24264 4
      vertex 2.68701 2.68701 4
      vertex 2.93744 2.41069 4
    endloop
  endfacet
  facet normal 0 0 1
    outer loop
      vertex 3.80636 4.63806 4
      vertex 2.41069 2.93744 4
      vertex 2.68701 2.68701 4
    endloop
  endfacet
  facet normal 0 0 1
    outer loop
      vertex 1.79131 3.3513 4
      vertex 2.82838 5.29153 4
      vertex 2.2961 5.54328 4
    endloop
  endfacet
  facet normal 0 0 1
    outer loop
      vertex 3.33342 4.98882 4
      vertex 2.11117 3.15958 4
      vertex 2.41069 2.93744 4
    endloop
  endfacet
  facet normal 0 0 1
    outer loop
      vertex 2.82838 5.29153 4
      vertex 1.79131 3.3513 4
      vertex 2.11117 3.15958 4
    endloop
  endfacet
  facet normal 0 0 1
    outer loop
      vertex 1.4542 3.51074 4
      vertex 2.2961 5.54328 4
      vertex 1.74171 5.74164 4
    endloop
  endfacet
  facet normal 0 0 1
    outer loop
      vertex 2.2961 5.54328 4
      vertex 1.4542 3.51074 4
      vertex 1.79131 3.3513 4
    endloop
  endfacet
  facet normal 0 0 1
    outer loop
      vertex 1.10308 3.63637 4
      vertex 1.74171 5.74164 4
      vertex 1.17054 5.88471 4
    endloop
  endfacet
  facet normal 0 0 1
    outer loop
      vertex 1.74171 5.74164 4
      vertex 1.10308 3.63637 4
      vertex 1.4542 3.51074 4
    endloop
  endfacet
  facet normal 0 0 1
    outer loop
      vertex 1.17054 5.88471 4
      vertex 0.741343 3.72698 4
      vertex 1.10308 3.63637 4
    endloop
  endfacet
  facet normal 0 0 1
    outer loop
      vertex 0.588102 5.97111 4
      vertex 0.741343 3.72698 4
      vertex 1.17054 5.88471 4
    endloop
  endfacet
  facet normal 0 0 1
    outer loop
      vertex 0.588102 5.97111 4
      vertex 0.372464 3.7817 4
      vertex 0.741343 3.72698 4
    endloop
  endfacet
  facet normal 0 0 1
    outer loop
      vertex 0 6 4
      vertex 0.372464 3.7817 4
      vertex 0.588102 5.97111 4
    endloop
  endfacet
  facet normal 0 0 1
    outer loop
      vertex 0 6 4
      vertex 0 3.8 4
      vertex 0.372464 3.7817 4
    endloop
  endfacet
  facet normal 0 0 1
    outer loop
      vertex 0 6 4
      vertex -0.372464 3.7817 4
      vertex 0 3.8 4
    endloop
  endfacet
  facet normal -0 0 1
    outer loop
      vertex -0.588102 5.97111 4
      vertex -0.372464 3.7817 4
      vertex 0 6 4
    endloop
  endfacet
  facet normal 0 0 1
    outer loop
      vertex -0.588102 5.97111 4
      vertex -0.741343 3.72698 4
      vertex -0.372464 3.7817 4
    endloop
  endfacet
  facet normal -0 0 1
    outer loop
      vertex -1.17054 5.88471 4
      vertex -0.741343 3.72698 4
      vertex -0.588102 5.97111 4
    endloop
  endfacet
  facet normal 0 0 1
    outer loop
      vertex -0.741343 3.72698 4
      vertex -1.17054 5.88471 4
      vertex -1.10308 3.63637 4
    endloop
  endfacet
  facet normal -0 0 1
    outer loop
      vertex -1.74171 5.74164 4
      vertex -1.10308 3.63637 4
      vertex -1.17054 5.88471 4
    endloop
  endfacet
  facet normal 0 0 1
    outer loop
      vertex -1.10308 3.63637 4
      vertex -1.74171 5.74164 4
      vertex -1.4542 3.51074 4
    endloop
  endfacet
  facet normal -0 0 1
    outer loop
      vertex -2.2961 5.54328 4
      vertex -1.4542 3.51074 4
      vertex -1.74171 5.74164 4
    endloop
  endfacet
  facet normal 0 0 1
    outer loop
      vertex -1.4542 3.51074 4
      vertex -2.2961 5.54328 4
      vertex -1.79131 3.3513 4
    endloop
  endfacet
  facet normal -0 0 1
    outer loop
      vertex -2.82838 5.29153 4
      vertex -1.79131 3.3513 4
      vertex -2.2961 5.54328 4
    endloop
  endfacet
  facet normal 0 0 1
    outer loop
      vertex -1.79131 3.3513 4
      vertex -2.82838 5.29153 4
      vertex -2.11117 3.15958 4
    endloop
  endfacet
  facet normal -0 0 1
    outer loop
      vertex -3.33342 4.98882 4
      vertex -2.11117 3.15958 4
      vertex -2.82838 5.29153 4
    endloop
  endfacet
  facet normal 0 0 1
    outer loop
      vertex -2.11117 3.15958 4
      vertex -3.33342 4.98882 4
      vertex -2.41069 2.93744 4
    endloop
  endfacet
  facet normal -0 0 1
    outer loop
      vertex -3.80636 4.63806 4
      vertex -2.41069 2.93744 4
      vertex -3.33342 4.98882 4
    endloop
  endfacet
  facet normal 0 0 1
    outer loop
      vertex -2.41069 2.93744 4
      vertex -3.80636 4.63806 4
      vertex -2.68701 2.68701 4
    endloop
  endfacet
  facet normal -0 0 1
    outer loop
      vertex -4.24264 4.24264 4
      vertex -2.68701 2.68701 4
      vertex -3.80636 4.63806 4
    endloop
  endfacet
  facet normal 0 0 1
    outer loop
      vertex -2.68701 2.68701 4
      vertex -4.24264 4.24264 4
      vertex -2.93744 2.41069 4
    endloop
  endfacet
  facet normal -0 0 1
    outer loop
      vertex -4.63806 3.80636 4
      vertex -2.93744 2.41069 4
      vertex -4.24264 4.24264 4
    endloop
  endfacet
  facet normal 0 0 1
    outer loop
      vertex -2.93744 2.41069 4
      vertex -4.63806 3.80636 4
      vertex -3.15958 2.11117 4
    endloop
  endfacet
  facet normal -0 0 1
    outer loop
      vertex -4.98882 3.33342 4
      vertex -3.15958 2.11117 4
      vertex -4.63806 3.80636 4
    endloop
  endfacet
  facet normal 0 0 1
    outer loop
      vertex -3.15958 2.11117 4
      vertex -4.98882 3.33342 4
      vertex -3.3513 1.79131 4
    endloop
  endfacet
  facet normal 0 0 1
    outer loop
      vertex -3.3513 1.79131 4
      vertex -5.29153 2.82838 4
      vertex -3.51074 1.4542 4
    endloop
  endfacet
  facet normal -0 0 1
    outer loop
      vertex -5.29153 2.82838 4
      vertex -3.3513 1.79131 4
      vertex -4.98882 3.33342 4
    endloop
  endfacet
  facet normal -0 0 1
    outer loop
      vertex 3.3513 -1.79131 4
      vertex 5.29153 -2.82838 4
      vertex 3.51074 -1.4542 4
    endloop
  endfacet
  facet normal 0 0 1
    outer loop
      vertex 5.29153 -2.82838 4
      vertex 3.3513 -1.79131 4
      vertex 4.98882 -3.33342 4
    endloop
  endfacet
  facet normal -0 0 1
    outer loop
      vertex 3.15958 -2.11117 4
      vertex 4.98882 -3.33342 4
      vertex 3.3513 -1.79131 4
    endloop
  endfacet
  facet normal 0 0 1
    outer loop
      vertex 4.98882 -3.33342 4
      vertex 3.15958 -2.11117 4
      vertex 4.63806 -3.80636 4
    endloop
  endfacet
  facet normal -0 0 1
    outer loop
      vertex 2.93744 -2.41069 4
      vertex 4.63806 -3.80636 4
      vertex 3.15958 -2.11117 4
    endloop
  endfacet
  facet normal 0 0 1
    outer loop
      vertex 4.63806 -3.80636 4
      vertex 2.93744 -2.41069 4
      vertex 4.24264 -4.24264 4
    endloop
  endfacet
  facet normal -0 0 1
    outer loop
      vertex 2.68701 -2.68701 4
      vertex 4.24264 -4.24264 4
      vertex 2.93744 -2.41069 4
    endloop
  endfacet
  facet normal 0 0 1
    outer loop
      vertex 4.24264 -4.24264 4
      vertex 2.68701 -2.68701 4
      vertex 3.80636 -4.63806 4
    endloop
  endfacet
  facet normal -0 0 1
    outer loop
      vertex 2.41069 -2.93744 4
      vertex 3.80636 -4.63806 4
      vertex 2.68701 -2.68701 4
    endloop
  endfacet
  facet normal 0 0 1
    outer loop
      vertex 3.80636 -4.63806 4
      vertex 2.41069 -2.93744 4
      vertex 3.33342 -4.98882 4
    endloop
  endfacet
  facet normal -0 0 1
    outer loop
      vertex 2.11117 -3.15958 4
      vertex 3.33342 -4.98882 4
      vertex 2.41069 -2.93744 4
    endloop
  endfacet
  facet normal 0 0 1
    outer loop
      vertex 3.33342 -4.98882 4
      vertex 2.11117 -3.15958 4
      vertex 2.82838 -5.29153 4
    endloop
  endfacet
  facet normal -0 0 1
    outer loop
      vertex 1.79131 -3.3513 4
      vertex 2.82838 -5.29153 4
      vertex 2.11117 -3.15958 4
    endloop
  endfacet
  facet normal 0 0 1
    outer loop
      vertex 2.82838 -5.29153 4
      vertex 1.79131 -3.3513 4
      vertex 2.2961 -5.54328 4
    endloop
  endfacet
  facet normal -0 0 1
    outer loop
      vertex 1.4542 -3.51074 4
      vertex 2.2961 -5.54328 4
      vertex 1.79131 -3.3513 4
    endloop
  endfacet
  facet normal 0 0 1
    outer loop
      vertex 2.2961 -5.54328 4
      vertex 1.4542 -3.51074 4
      vertex 1.74171 -5.74164 4
    endloop
  endfacet
  facet normal -0 0 1
    outer loop
      vertex 1.10308 -3.63637 4
      vertex 1.74171 -5.74164 4
      vertex 1.4542 -3.51074 4
    endloop
  endfacet
  facet normal 0 0 1
    outer loop
      vertex 1.74171 -5.74164 4
      vertex 1.10308 -3.63637 4
      vertex 1.17054 -5.88471 4
    endloop
  endfacet
  facet normal -0 0 1
    outer loop
      vertex 0.741343 -3.72698 4
      vertex 1.17054 -5.88471 4
      vertex 1.10308 -3.63637 4
    endloop
  endfacet
  facet normal 0 0 1
    outer loop
      vertex 0.741343 -3.72698 4
      vertex 0.588102 -5.97111 4
      vertex 1.17054 -5.88471 4
    endloop
  endfacet
  facet normal -0 0 1
    outer loop
      vertex 0.372464 -3.7817 4
      vertex 0.588102 -5.97111 4
      vertex 0.741343 -3.72698 4
    endloop
  endfacet
  facet normal -0 0 1
    outer loop
      vertex 0 -3.8 4
      vertex 0.588102 -5.97111 4
      vertex 0.372464 -3.7817 4
    endloop
  endfacet
  facet normal 0 0 1
    outer loop
      vertex 0 -3.8 4
      vertex 0 -6 4
      vertex 0.588102 -5.97111 4
    endloop
  endfacet
  facet normal 0 0 1
    outer loop
      vertex -0.372464 -3.7817 4
      vertex 0 -6 4
      vertex 0 -3.8 4
    endloop
  endfacet
  facet normal 0 0 1
    outer loop
      vertex -0.372464 -3.7817 4
      vertex -0.588102 -5.97111 4
      vertex 0 -6 4
    endloop
  endfacet
  facet normal 0 0 1
    outer loop
      vertex -0.741343 -3.72698 4
      vertex -0.588102 -5.97111 4
      vertex -0.372464 -3.7817 4
    endloop
  endfacet
  facet normal 0 0 1
    outer loop
      vertex -1.17054 -5.88471 4
      vertex -0.741343 -3.72698 4
      vertex -1.10308 -3.63637 4
    endloop
  endfacet
  facet normal 0 0 1
    outer loop
      vertex -0.741343 -3.72698 4
      vertex -1.17054 -5.88471 4
      vertex -0.588102 -5.97111 4
    endloop
  endfacet
  facet normal 0 0 1
    outer loop
      vertex -1.74171 -5.74164 4
      vertex -1.10308 -3.63637 4
      vertex -1.4542 -3.51074 4
    endloop
  endfacet
  facet normal 0 0 1
    outer loop
      vertex -1.10308 -3.63637 4
      vertex -1.74171 -5.74164 4
      vertex -1.17054 -5.88471 4
    endloop
  endfacet
  facet normal 0 0 1
    outer loop
      vertex -2.2961 -5.54328 4
      vertex -1.4542 -3.51074 4
      vertex -1.79131 -3.3513 4
    endloop
  endfacet
  facet normal 0 0 1
    outer loop
      vertex -2.82838 -5.29153 4
      vertex -1.79131 -3.3513 4
      vertex -2.11117 -3.15958 4
    endloop
  endfacet
  facet normal 0 0 1
    outer loop
      vertex -1.4542 -3.51074 4
      vertex -2.2961 -5.54328 4
      vertex -1.74171 -5.74164 4
    endloop
  endfacet
  facet normal 0 0 1
    outer loop
      vertex -3.33342 -4.98882 4
      vertex -2.11117 -3.15958 4
      vertex -2.41069 -2.93744 4
    endloop
  endfacet
  facet normal 0 0 1
    outer loop
      vertex -3.80636 -4.63806 4
      vertex -2.41069 -2.93744 4
      vertex -2.68701 -2.68701 4
    endloop
  endfacet
  facet normal 0 0 1
    outer loop
      vertex -1.79131 -3.3513 4
      vertex -2.82838 -5.29153 4
      vertex -2.2961 -5.54328 4
    endloop
  endfacet
  facet normal 0 0 1
    outer loop
      vertex -4.24264 -4.24264 4
      vertex -2.68701 -2.68701 4
      vertex -2.93744 -2.41069 4
    endloop
  endfacet
  facet normal 0 0 1
    outer loop
      vertex -4.63806 -3.80636 4
      vertex -2.93744 -2.41069 4
      vertex -3.15958 -2.11117 4
    endloop
  endfacet
  facet normal 0 0 1
    outer loop
      vertex -2.11117 -3.15958 4
      vertex -3.33342 -4.98882 4
      vertex -2.82838 -5.29153 4
    endloop
  endfacet
  facet normal 0 0 1
    outer loop
      vertex -4.98882 -3.33342 4
      vertex -3.15958 -2.11117 4
      vertex -3.3513 -1.79131 4
    endloop
  endfacet
  facet normal 0 0 1
    outer loop
      vertex -5.29153 -2.82838 4
      vertex -3.3513 -1.79131 4
      vertex -3.51074 -1.4542 4
    endloop
  endfacet
  facet normal 0 0 1
    outer loop
      vertex -5.54328 -2.2961 4
      vertex -3.51074 -1.4542 4
      vertex -3.63637 -1.10308 4
    endloop
  endfacet
  facet normal 0 0 1
    outer loop
      vertex -5.74164 -1.74171 4
      vertex -3.63637 -1.10308 4
      vertex -3.72698 -0.741343 4
    endloop
  endfacet
  facet normal 0 0 1
    outer loop
      vertex -5.88471 -1.17054 4
      vertex -3.72698 -0.741343 4
      vertex -3.7817 -0.372464 4
    endloop
  endfacet
  facet normal 0 0 1
    outer loop
      vertex -2.41069 -2.93744 4
      vertex -3.80636 -4.63806 4
      vertex -3.33342 -4.98882 4
    endloop
  endfacet
  facet normal 0 0 1
    outer loop
      vertex -5.97111 -0.588102 4
      vertex -3.7817 -0.372464 4
      vertex -3.8 0 4
    endloop
  endfacet
  facet normal -0 0 1
    outer loop
      vertex -5.54328 2.2961 4
      vertex -3.51074 1.4542 4
      vertex -5.29153 2.82838 4
    endloop
  endfacet
  facet normal 0 0 1
    outer loop
      vertex -3.51074 1.4542 4
      vertex -5.54328 2.2961 4
      vertex -3.63637 1.10308 4
    endloop
  endfacet
  facet normal 0 0 1
    outer loop
      vertex -2.68701 -2.68701 4
      vertex -4.24264 -4.24264 4
      vertex -3.80636 -4.63806 4
    endloop
  endfacet
  facet normal -0 0 1
    outer loop
      vertex -5.74164 1.74171 4
      vertex -3.63637 1.10308 4
      vertex -5.54328 2.2961 4
    endloop
  endfacet
  facet normal 0 0 1
    outer loop
      vertex -2.93744 -2.41069 4
      vertex -4.63806 -3.80636 4
      vertex -4.24264 -4.24264 4
    endloop
  endfacet
  facet normal 0 0 1
    outer loop
      vertex -3.63637 1.10308 4
      vertex -5.74164 1.74171 4
      vertex -3.72698 0.741343 4
    endloop
  endfacet
  facet normal 0 0 1
    outer loop
      vertex -3.15958 -2.11117 4
      vertex -4.98882 -3.33342 4
      vertex -4.63806 -3.80636 4
    endloop
  endfacet
  facet normal -0 0 1
    outer loop
      vertex -5.88471 1.17054 4
      vertex -3.72698 0.741343 4
      vertex -5.74164 1.74171 4
    endloop
  endfacet
  facet normal 0 0 1
    outer loop
      vertex -3.3513 -1.79131 4
      vertex -5.29153 -2.82838 4
      vertex -4.98882 -3.33342 4
    endloop
  endfacet
  facet normal 0 0 1
    outer loop
      vertex -3.72698 0.741343 4
      vertex -5.88471 1.17054 4
      vertex -3.7817 0.372464 4
    endloop
  endfacet
  facet normal 0 0 1
    outer loop
      vertex -3.51074 -1.4542 4
      vertex -5.54328 -2.2961 4
      vertex -5.29153 -2.82838 4
    endloop
  endfacet
  facet normal -0 0 1
    outer loop
      vertex -5.97111 0.588102 4
      vertex -3.7817 0.372464 4
      vertex -5.88471 1.17054 4
    endloop
  endfacet
  facet normal 0 0 1
    outer loop
      vertex -3.63637 -1.10308 4
      vertex -5.74164 -1.74171 4
      vertex -5.54328 -2.2961 4
    endloop
  endfacet
  facet normal 0 0 1
    outer loop
      vertex -3.7817 0.372464 4
      vertex -5.97111 0.588102 4
      vertex -3.8 0 4
    endloop
  endfacet
  facet normal 0 0 1
    outer loop
      vertex -3.72698 -0.741343 4
      vertex -5.88471 -1.17054 4
      vertex -5.74164 -1.74171 4
    endloop
  endfacet
  facet normal 0 0 1
    outer loop
      vertex -6 0 4
      vertex -3.8 0 4
      vertex -5.97111 0.588102 4
    endloop
  endfacet
  facet normal 0 0 1
    outer loop
      vertex -3.7817 -0.372464 4
      vertex -5.97111 -0.588102 4
      vertex -5.88471 -1.17054 4
    endloop
  endfacet
  facet normal 0 0 1
    outer loop
      vertex -3.8 0 4
      vertex -6 0 4
      vertex -5.97111 -0.588102 4
    endloop
  endfacet
  facet normal -0.998796 0.049065 0
    outer loop
      vertex -6 0 0
      vertex -5.97111 0.588102 4
      vertex -5.97111 0.588102 0
    endloop
  endfacet
  facet normal -0.998796 0.049065 0
    outer loop
      vertex -5.97111 0.588102 4
      vertex -6 0 0
      vertex -6 0 4
    endloop
  endfacet
  facet normal -0.336884 -0.941546 0
    outer loop
      vertex -2.2961 -5.54328 0
      vertex -1.74171 -5.74164 4
      vertex -2.2961 -5.54328 4
    endloop
  endfacet
  facet normal -0.336884 -0.941546 -0
    outer loop
      vertex -1.74171 -5.74164 4
      vertex -2.2961 -5.54328 0
      vertex -1.74171 -5.74164 0
    endloop
  endfacet
  facet normal 0.671558 -0.740952 0
    outer loop
      vertex 3.80636 -4.63806 0
      vertex 4.24264 -4.24264 4
      vertex 3.80636 -4.63806 4
    endloop
  endfacet
  facet normal 0.671558 -0.740952 0
    outer loop
      vertex 4.24264 -4.24264 4
      vertex 3.80636 -4.63806 0
      vertex 4.24264 -4.24264 0
    endloop
  endfacet
  facet normal -0.538925 0.254886 0.802865
    outer loop
      vertex -2.96438 1.58449 8.72761
      vertex -3.10541 1.2863 8.72761
      vertex -3.01802 1.25011 8.79776
    endloop
  endfacet
  facet normal 0.062806 0.423415 0.903756
    outer loop
      vertex 0.617592 3.10485 8.8583
      vertex 0.299855 3.04449 8.90866
      vertex 0.596824 3.00044 8.90866
    endloop
  endfacet
  facet normal -0.6327 -0.226393 0.740565
    outer loop
      vertex -3.21654 -0.975725 8.72761
      vertex -3.30004 -1.00105 8.64853
      vertex -3.10541 -1.2863 8.72761
    endloop
  endfacet
  facet normal 0.0490141 0.997595 0.0490041
    outer loop
      vertex 0.372464 3.7817 7.8
      vertex 0 3.8 7.8
      vertex 0.371899 3.77595 7.91762
    endloop
  endfacet
  facet normal -0.98801 0.0485372 0.14656
    outer loop
      vertex -3.77595 0.371899 7.91762
      vertex -3.79422 0 7.91762
      vertex -3.77694 0 8.03411
    endloop
  endfacet
  facet normal -0.146543 0.987993 0.0489486
    outer loop
      vertex -0.371899 3.77595 7.91762
      vertex -0.741343 3.72698 7.8
      vertex -0.740215 3.72132 7.91762
    endloop
  endfacet
  facet normal 0.144884 0.195353 0.969972
    outer loop
      vertex 1.63801 2.45146 8.94833
      vertex 1.57455 2.35647 8.97694
      vertex 1.87041 2.2791 8.94833
    endloop
  endfacet
  facet normal -0.113608 0.317512 0.941424
    outer loop
      vertex -0.888044 2.92749 8.90866
      vertex -1.17071 2.82635 8.90866
      vertex -1.12828 2.72391 8.94833
    endloop
  endfacet
  facet normal -0.940414 0.336478 0.0490204
    outer loop
      vertex -3.51074 1.4542 7.8
      vertex -3.63637 1.10308 7.8
      vertex -3.63084 1.1014 7.91762
    endloop
  endfacet
  facet normal -0.386943 0.183007 0.903761
    outer loop
      vertex -2.79188 1.49229 8.8583
      vertex -2.82635 1.17071 8.90866
      vertex -2.69799 1.44211 8.90866
    endloop
  endfacet
  facet normal -0.970032 0.242979 0
    outer loop
      vertex -3.72698 0.741343 4
      vertex -3.63637 1.10308 7.8
      vertex -3.63637 1.10308 4
    endloop
  endfacet
  facet normal -0.970032 0.242979 0
    outer loop
      vertex -3.63637 1.10308 7.8
      vertex -3.72698 0.741343 4
      vertex -3.72698 0.741343 7.8
    endloop
  endfacet
  facet normal 0.333248 -0.931388 0.146497
    outer loop
      vertex 1.45199 -3.5054 7.91762
      vertex 1.09639 -3.61431 8.03411
      vertex 1.1014 -3.63084 7.91762
    endloop
  endfacet
  facet normal -0.30648 0.511336 0.802873
    outer loop
      vertex -1.58449 2.96438 8.72761
      vertex -1.86742 2.7948 8.72761
      vertex -1.5399 2.88096 8.79776
    endloop
  endfacet
  facet normal -0.807693 0.484119 0.336542
    outer loop
      vertex -3.11662 2.08246 8.14834
      vertex -3.27074 1.74825 8.25922
      vertex -3.08363 2.06042 8.25922
    endloop
  endfacet
  facet normal -0.254992 0.343824 0.90375
    outer loop
      vertex -1.75875 2.63216 8.8583
      vertex -2.00828 2.4471 8.8583
      vertex -1.94075 2.36481 8.90866
    endloop
  endfacet
  facet normal -0.740967 0.671542 0
    outer loop
      vertex -2.93744 2.41069 4
      vertex -2.68701 2.68701 7.8
      vertex -2.68701 2.68701 4
    endloop
  endfacet
  facet normal -0.740967 0.671542 0
    outer loop
      vertex -2.68701 2.68701 7.8
      vertex -2.93744 2.41069 4
      vertex -2.93744 2.41069 7.8
    endloop
  endfacet
  facet normal -0.740075 -0.670733 0.049058
    outer loop
      vertex -2.68292 -2.68292 7.91762
      vertex -2.93744 -2.41069 7.8
      vertex -2.68701 -2.68701 7.8
    endloop
  endfacet
  facet normal -0.146736 0.989176 0
    outer loop
      vertex -0.372464 3.7817 4
      vertex -0.741343 3.72698 7.8
      vertex -0.372464 3.7817 7.8
    endloop
  endfacet
  facet normal -0.146736 0.989176 0
    outer loop
      vertex -0.741343 3.72698 7.8
      vertex -0.372464 3.7817 4
      vertex -0.741343 3.72698 4
    endloop
  endfacet
  facet normal 0.0628036 -0.423424 0.903752
    outer loop
      vertex 0.617592 -3.10485 8.8583
      vertex 0.299855 -3.04449 8.90866
      vertex 0.31029 -3.15043 8.8583
    endloop
  endfacet
  facet normal 0.671542 -0.740967 0
    outer loop
      vertex 2.41069 -2.93744 4
      vertex 2.68701 -2.68701 7.8
      vertex 2.41069 -2.93744 7.8
    endloop
  endfacet
  facet normal 0.671542 -0.740967 0
    outer loop
      vertex 2.68701 -2.68701 7.8
      vertex 2.41069 -2.93744 4
      vertex 2.68701 -2.68701 4
    endloop
  endfacet
  facet normal -0.987987 0.146559 0.049003
    outer loop
      vertex -3.72698 0.741343 7.8
      vertex -3.7817 0.372464 7.8
      vertex -3.77595 0.371899 7.91762
    endloop
  endfacet
  facet normal -0.670733 0.740075 0.049058
    outer loop
      vertex -2.41069 2.93744 7.8
      vertex -2.68701 2.68701 7.8
      vertex -2.68292 2.68292 7.91762
    endloop
  endfacet
  facet normal -0.594992 -0.802238 0.0489769
    outer loop
      vertex -2.10796 -3.15478 7.91762
      vertex -2.40703 -2.93297 7.91762
      vertex -2.11117 -3.15958 7.8
    endloop
  endfacet
  facet normal 0.0985907 0.664736 0.740544
    outer loop
      vertex 0.338015 3.43192 8.64853
      vertex 0.329462 3.34509 8.72761
      vertex 0.672774 3.38227 8.64853
    endloop
  endfacet
  facet normal 0.576211 0.635725 0.513648
    outer loop
      vertex 2.3208 2.82791 8.36568
      vertex 2.2824 2.78111 8.46668
      vertex 2.544 2.544 8.46668
    endloop
  endfacet
  facet normal -0.0210126 0.427541 0.903752
    outer loop
      vertex 0 3.16568 8.8583
      vertex -0.31029 3.15043 8.8583
      vertex -0.299855 3.04449 8.90866
    endloop
  endfacet
  facet normal -0.848698 -0.125898 0.513675
    outer loop
      vertex -3.58044 -0.352642 8.46668
      vertex -3.64069 -0.358576 8.36568
      vertex -3.58801 -0.713699 8.36568
    endloop
  endfacet
  facet normal -0.941546 0.336883 0
    outer loop
      vertex -3.63637 1.10308 4
      vertex -3.51074 1.4542 7.8
      vertex -3.51074 1.4542 4
    endloop
  endfacet
  facet normal -0.941546 0.336883 0
    outer loop
      vertex -3.51074 1.4542 7.8
      vertex -3.63637 1.10308 4
      vertex -3.63637 1.10308 7.8
    endloop
  endfacet
  facet normal 0.226483 -0.24987 0.941419
    outer loop
      vertex 2.08479 -2.08479 8.94833
      vertex 1.94075 -2.36481 8.90866
      vertex 2.16319 -2.16319 8.90866
    endloop
  endfacet
  facet normal 0.970032 0.242979 0
    outer loop
      vertex 3.72698 0.741343 7.8
      vertex 3.63637 1.10308 4
      vertex 3.63637 1.10308 7.8
    endloop
  endfacet
  facet normal 0.970032 0.242979 0
    outer loop
      vertex 3.63637 1.10308 4
      vertex 3.72698 0.741343 7.8
      vertex 3.72698 0.741343 4
    endloop
  endfacet
  facet normal -0.367136 0.220067 0.90376
    outer loop
      vertex -2.63216 1.75875 8.8583
      vertex -2.79188 1.49229 8.8583
      vertex -2.69799 1.44211 8.90866
    endloop
  endfacet
  facet normal 0.0875179 -0.118002 0.989149
    outer loop
      vertex 1.72404 -2.10075 8.99422
      vertex 1.57455 -2.35647 8.97694
      vertex 1.79794 -2.19079 8.97694
    endloop
  endfacet
  facet normal -0.287311 -0.607485 0.74055
    outer loop
      vertex -1.2863 -3.10541 8.72761
      vertex -1.62562 -3.04133 8.64853
      vertex -1.31969 -3.18602 8.64853
    endloop
  endfacet
  facet normal -0.987993 -0.146543 0.0489486
    outer loop
      vertex -3.72132 -0.740215 7.91762
      vertex -3.77595 -0.371899 7.91762
      vertex -3.72698 -0.741343 7.8
    endloop
  endfacet
  facet normal -0.316962 -0.67018 0.671114
    outer loop
      vertex -1.62562 -3.04133 8.64853
      vertex -1.6629 -3.11108 8.56127
      vertex -1.31969 -3.18602 8.64853
    endloop
  endfacet
  facet normal 0.670733 0.740075 0.049058
    outer loop
      vertex 2.68701 2.68701 7.8
      vertex 2.41069 2.93744 7.8
      vertex 2.68292 2.68292 7.91762
    endloop
  endfacet
  facet normal -0.998795 0.0490731 0
    outer loop
      vertex -3.8 0 4
      vertex -3.7817 0.372464 7.8
      vertex -3.7817 0.372464 4
    endloop
  endfacet
  facet normal -0.998795 0.0490731 0
    outer loop
      vertex -3.7817 0.372464 7.8
      vertex -3.8 0 4
      vertex -3.8 0 7.8
    endloop
  endfacet
  facet normal -0.287444 0.317148 0.903766
    outer loop
      vertex -2.00828 2.4471 8.8583
      vertex -2.23847 2.23847 8.8583
      vertex -2.16319 2.16319 8.90866
    endloop
  endfacet
  facet normal -0.651498 -0.718789 0.242676
    outer loop
      vertex -2.65047 -2.65047 8.14834
      vertex -2.6707 -2.6707 8.03411
      vertex -2.39607 -2.91962 8.03411
    endloop
  endfacet
  facet normal -0.989176 0.146736 0
    outer loop
      vertex -3.7817 0.372464 4
      vertex -3.72698 0.741343 7.8
      vertex -3.72698 0.741343 4
    endloop
  endfacet
  facet normal -0.989176 0.146736 0
    outer loop
      vertex -3.72698 0.741343 7.8
      vertex -3.7817 0.372464 4
      vertex -3.7817 0.372464 7.8
    endloop
  endfacet
  facet normal -0.242938 0.0119373 0.969968
    outer loop
      vertex -2.93414 0.288987 8.94833
      vertex -2.94834 0 8.94833
      vertex -2.82046 0.277791 8.97694
    endloop
  endfacet
  facet normal -0.607248 -0.669955 0.427094
    outer loop
      vertex -2.58681 -2.58681 8.36568
      vertex -2.62241 -2.62241 8.25922
      vertex -2.35275 -2.86683 8.25922
    endloop
  endfacet
  facet normal -0.47883 -0.355124 0.802876
    outer loop
      vertex -2.71615 -1.81487 8.79776
      vertex -2.7948 -1.86742 8.72761
      vertex -2.5983 -2.13237 8.72761
    endloop
  endfacet
  facet normal 0.0292728 0.0394708 0.998792
    outer loop
      vertex 1.72404 2.10075 8.99422
      vertex 1.44448 2.16182 9
      vertex 1.64942 2.00983 9
    endloop
  endfacet
  facet normal -0.95956 0.240378 0.1465
    outer loop
      vertex -3.63084 1.1014 7.91762
      vertex -3.72132 0.740215 7.91762
      vertex -3.61431 1.09639 8.03411
    endloop
  endfacet
  facet normal -0.514109 0.857725 0
    outer loop
      vertex -1.79131 3.3513 4
      vertex -2.11117 3.15958 7.8
      vertex -1.79131 3.3513 7.8
    endloop
  endfacet
  facet normal -0.514109 0.857725 0
    outer loop
      vertex -2.11117 3.15958 7.8
      vertex -1.79131 3.3513 4
      vertex -2.11117 3.15958 4
    endloop
  endfacet
  facet normal -0.807835 0.289059 0.513661
    outer loop
      vertex -3.37983 1.39997 8.36568
      vertex -3.50078 1.06195 8.36568
      vertex -3.3239 1.3768 8.46668
    endloop
  endfacet
  facet normal -0.289059 0.807835 0.513661
    outer loop
      vertex -1.06195 3.50078 8.36568
      vertex -1.39997 3.37983 8.36568
      vertex -1.3768 3.3239 8.46668
    endloop
  endfacet
  facet normal -0.144207 0.40303 0.903754
    outer loop
      vertex -0.918947 3.02936 8.8583
      vertex -1.17071 2.82635 8.90866
      vertex -0.888044 2.92749 8.90866
    endloop
  endfacet
  facet normal 0.118001 -0.0875164 0.989149
    outer loop
      vertex 2.25962 -1.50983 8.99422
      vertex 2.10075 -1.72404 8.99422
      vertex 2.35647 -1.57455 8.97694
    endloop
  endfacet
  facet normal -0.336883 0.941546 0
    outer loop
      vertex -1.10308 3.63637 4
      vertex -1.4542 3.51074 7.8
      vertex -1.10308 3.63637 7.8
    endloop
  endfacet
  facet normal -0.336883 0.941546 0
    outer loop
      vertex -1.4542 3.51074 7.8
      vertex -1.10308 3.63637 4
      vertex -1.4542 3.51074 4
    endloop
  endfacet
  facet normal 0.427553 -0.90399 0
    outer loop
      vertex 1.4542 -3.51074 4
      vertex 1.79131 -3.3513 7.8
      vertex 1.4542 -3.51074 7.8
    endloop
  endfacet
  facet normal 0.427553 -0.90399 0
    outer loop
      vertex 1.79131 -3.3513 7.8
      vertex 1.4542 -3.51074 4
      vertex 1.79131 -3.3513 4
    endloop
  endfacet
  facet normal 0.851277 -0.402611 0.336498
    outer loop
      vertex 3.42635 -1.41924 8.25922
      vertex 3.30573 -1.76695 8.14834
      vertex 3.463 -1.43442 8.14834
    endloop
  endfacet
  facet normal 0.0215562 -0.145318 0.98915
    outer loop
      vertex 0.530181 -2.6654 8.99422
      vertex 0.277791 -2.82046 8.97694
      vertex 0.552907 -2.77965 8.97694
    endloop
  endfacet
  facet normal -0.366847 -0.775613 0.513662
    outer loop
      vertex -1.3768 -3.3239 8.46668
      vertex -1.69597 -3.17294 8.46668
      vertex -1.39997 -3.37983 8.36568
    endloop
  endfacet
  facet normal -0.595701 0.803206 0
    outer loop
      vertex -2.11117 3.15958 4
      vertex -2.41069 2.93744 7.8
      vertex -2.11117 3.15958 7.8
    endloop
  endfacet
  facet normal -0.595701 0.803206 0
    outer loop
      vertex -2.41069 2.93744 7.8
      vertex -2.11117 3.15958 4
      vertex -2.41069 2.93744 4
    endloop
  endfacet
  facet normal -0.832066 -0.498737 0.24275
    outer loop
      vertex -3.30573 -1.76695 8.14834
      vertex -3.33097 -1.78044 8.03411
      vertex -3.14041 -2.09836 8.03411
    endloop
  endfacet
  facet normal -0.595424 -0.539644 0.595193
    outer loop
      vertex -2.4944 -2.4944 8.56127
      vertex -2.72688 -2.23789 8.56127
      vertex -2.544 -2.544 8.46668
    endloop
  endfacet
  facet normal 0.0252622 0.0421486 0.998792
    outer loop
      vertex 1.50983 2.25962 8.99422
      vertex 1.22563 2.29299 9
      vertex 1.44448 2.16182 9
    endloop
  endfacet
  facet normal -0.108859 -0.0986585 0.989149
    outer loop
      vertex -2.10075 -1.72404 8.99422
      vertex -2.19079 -1.79794 8.97694
      vertex -2.00402 -2.00402 8.97694
    endloop
  endfacet
  facet normal -0.988006 -0.0485456 0.146587
    outer loop
      vertex -3.75875 -0.370205 8.03411
      vertex -3.77694 0 8.03411
      vertex -3.77595 -0.371899 7.91762
    endloop
  endfacet
  facet normal -0.513957 -0.0252597 0.857444
    outer loop
      vertex -3.16568 0 8.8583
      vertex -3.26668 0 8.79776
      vertex -3.15043 -0.31029 8.8583
    endloop
  endfacet
  facet normal 0.85671 0.513468 0.048975
    outer loop
      vertex 3.15958 2.11117 7.8
      vertex 3.15478 2.10796 7.91762
      vertex 3.3462 1.78858 7.91762
    endloop
  endfacet
  facet normal -0.90399 -0.427553 0
    outer loop
      vertex -3.3513 -1.79131 4
      vertex -3.51074 -1.4542 7.8
      vertex -3.51074 -1.4542 4
    endloop
  endfacet
  facet normal -0.90399 -0.427553 0
    outer loop
      vertex -3.51074 -1.4542 7.8
      vertex -3.3513 -1.79131 4
      vertex -3.3513 -1.79131 7.8
    endloop
  endfacet
  facet normal -0.635906 -0.381149 0.671081
    outer loop
      vertex -2.86735 -1.9159 8.64853
      vertex -3.11108 -1.6629 8.56127
      vertex -2.9331 -1.95984 8.56127
    endloop
  endfacet
  facet normal 0.940415 -0.336477 0.0490174
    outer loop
      vertex 3.63084 -1.1014 7.91762
      vertex 3.5054 -1.45199 7.91762
      vertex 3.51074 -1.4542 7.8
    endloop
  endfacet
  facet normal -0.062806 -0.423415 0.903756
    outer loop
      vertex -0.596824 -3.00044 8.90866
      vertex -0.617592 -3.10485 8.8583
      vertex -0.299855 -3.04449 8.90866
    endloop
  endfacet
  facet normal -0.249766 -0.697996 0.671132
    outer loop
      vertex -1.31969 -3.18602 8.64853
      vertex -1.34996 -3.25909 8.56127
      vertex -1.00105 -3.30004 8.64853
    endloop
  endfacet
  facet normal 0.671542 0.740967 -0
    outer loop
      vertex 2.68701 2.68701 4
      vertex 2.41069 2.93744 7.8
      vertex 2.68701 2.68701 7.8
    endloop
  endfacet
  facet normal 0.671542 0.740967 0
    outer loop
      vertex 2.41069 2.93744 7.8
      vertex 2.68701 2.68701 4
      vertex 2.41069 2.93744 4
    endloop
  endfacet
  facet normal -0.240352 -0.959555 0.146576
    outer loop
      vertex -0.736844 -3.70437 8.03411
      vertex -1.09639 -3.61431 8.03411
      vertex -0.740215 -3.72132 7.91762
    endloop
  endfacet
  facet normal -0.997595 0.0490141 0.0490041
    outer loop
      vertex -3.7817 0.372464 7.8
      vertex -3.8 0 7.8
      vertex -3.77595 0.371899 7.91762
    endloop
  endfacet
  facet normal -0.997595 0.0490081 0.0490231
    outer loop
      vertex -3.77595 0.371899 7.91762
      vertex -3.8 0 7.8
      vertex -3.79422 0 7.91762
    endloop
  endfacet
  facet normal -0.807699 0.484118 0.33653
    outer loop
      vertex -3.11662 2.08246 8.14834
      vertex -3.30573 1.76695 8.14834
      vertex -3.27074 1.74825 8.25922
    endloop
  endfacet
  facet normal -0.756367 0.560958 0.336503
    outer loop
      vertex -2.8975 2.37791 8.14834
      vertex -3.11662 2.08246 8.14834
      vertex -2.86683 2.35275 8.25922
    endloop
  endfacet
  facet normal -0.968865 0.242687 0.0490184
    outer loop
      vertex -3.63637 1.10308 7.8
      vertex -3.72698 0.741343 7.8
      vertex -3.63084 1.1014 7.91762
    endloop
  endfacet
  facet normal -0.775555 0.464856 0.427112
    outer loop
      vertex -3.08363 2.06042 8.25922
      vertex -3.27074 1.74825 8.25922
      vertex -3.22634 1.72451 8.36568
    endloop
  endfacet
  facet normal 0.0252597 -0.513957 0.857444
    outer loop
      vertex 0 -3.16568 8.8583
      vertex 0 -3.26668 8.79776
      vertex 0.31029 -3.15043 8.8583
    endloop
  endfacet
  facet normal 0.306479 -0.511332 0.802876
    outer loop
      vertex 1.81487 -2.71615 8.79776
      vertex 1.5399 -2.88096 8.79776
      vertex 1.86742 -2.7948 8.72761
    endloop
  endfacet
  facet normal 0.513933 0.025248 0.857458
    outer loop
      vertex 3.25095 0.32019 8.79776
      vertex 3.15043 0.31029 8.8583
      vertex 3.26668 0 8.79776
    endloop
  endfacet
  facet normal -0.304839 0.144179 0.941427
    outer loop
      vertex -2.69799 1.44211 8.90866
      vertex -2.72391 1.12828 8.94833
      vertex -2.6002 1.38984 8.94833
    endloop
  endfacet
  facet normal -0.145134 0.978494 0.146577
    outer loop
      vertex -0.371899 3.77595 7.91762
      vertex -0.740215 3.72132 7.91762
      vertex -0.736844 3.70437 8.03411
    endloop
  endfacet
  facet normal 0.402616 0.851262 0.336531
    outer loop
      vertex 1.76695 3.30573 8.14834
      vertex 1.41924 3.42635 8.25922
      vertex 1.74825 3.27074 8.25922
    endloop
  endfacet
  facet normal -0.0819401 0.229006 0.96997
    outer loop
      vertex -0.822698 2.71207 8.97694
      vertex -1.12828 2.72391 8.94833
      vertex -1.08457 2.61837 8.97694
    endloop
  endfacet
  facet normal 0.775592 0.366813 0.513717
    outer loop
      vertex 3.22634 1.72451 8.36568
      vertex 3.17294 1.69597 8.46668
      vertex 3.37983 1.39997 8.36568
    endloop
  endfacet
  facet normal -0.316963 0.67016 0.671133
    outer loop
      vertex -1.34996 3.25909 8.56127
      vertex -1.6629 3.11108 8.56127
      vertex -1.31969 3.18602 8.64853
    endloop
  endfacet
  facet normal -0.498737 0.832066 0.24275
    outer loop
      vertex -1.78044 3.33097 8.03411
      vertex -2.09836 3.14041 8.03411
      vertex -1.76695 3.30573 8.14834
    endloop
  endfacet
  facet normal -0.31724 0.88662 0.336547
    outer loop
      vertex -1.08808 3.58693 8.14834
      vertex -1.41924 3.42635 8.25922
      vertex -1.07657 3.54896 8.25922
    endloop
  endfacet
  facet normal -0.441696 0.40033 0.802895
    outer loop
      vertex -2.37678 2.37678 8.72761
      vertex -2.5983 2.13237 8.72761
      vertex -2.30989 2.30989 8.79776
    endloop
  endfacet
  facet normal -0.595701 -0.803206 0
    outer loop
      vertex -2.41069 -2.93744 4
      vertex -2.11117 -3.15958 7.8
      vertex -2.41069 -2.93744 7.8
    endloop
  endfacet
  facet normal -0.595701 -0.803206 -0
    outer loop
      vertex -2.11117 -3.15958 7.8
      vertex -2.41069 -2.93744 4
      vertex -2.11117 -3.15958 4
    endloop
  endfacet
  facet normal -0.671542 0.740967 0
    outer loop
      vertex -2.41069 2.93744 4
      vertex -2.68701 2.68701 7.8
      vertex -2.41069 2.93744 7.8
    endloop
  endfacet
  facet normal -0.671542 0.740967 0
    outer loop
      vertex -2.68701 2.68701 7.8
      vertex -2.41069 2.93744 4
      vertex -2.68701 2.68701 4
    endloop
  endfacet
  facet normal -0.732935 0.66432 0.146575
    outer loop
      vertex -2.68292 2.68292 7.91762
      vertex -2.91962 2.39607 8.03411
      vertex -2.6707 2.6707 8.03411
    endloop
  endfacet
  facet normal -0.594992 0.802238 0.0489769
    outer loop
      vertex -2.11117 3.15958 7.8
      vertex -2.40703 2.93297 7.91762
      vertex -2.10796 3.15478 7.91762
    endloop
  endfacet
  facet normal -0.138323 0.0494941 0.98915
    outer loop
      vertex -2.51075 1.03999 8.99422
      vertex -2.71207 0.822698 8.97694
      vertex -2.6006 0.788883 8.99422
    endloop
  endfacet
  facet normal -0.402616 0.851262 0.336531
    outer loop
      vertex -1.41924 3.42635 8.25922
      vertex -1.76695 3.30573 8.14834
      vertex -1.74825 3.27074 8.25922
    endloop
  endfacet
  facet normal 0.240378 0.95956 0.1465
    outer loop
      vertex 1.1014 3.63084 7.91762
      vertex 0.740215 3.72132 7.91762
      vertex 1.09639 3.61431 8.03411
    endloop
  endfacet
  facet normal -0.594985 -0.802242 0.0490024
    outer loop
      vertex -2.40703 -2.93297 7.91762
      vertex -2.41069 -2.93744 7.8
      vertex -2.11117 -3.15958 7.8
    endloop
  endfacet
  facet normal 0.997595 0.0490141 0.0490041
    outer loop
      vertex 3.7817 0.372464 7.8
      vertex 3.77595 0.371899 7.91762
      vertex 3.8 0 7.8
    endloop
  endfacet
  facet normal -0.0486093 -0.00721011 0.998792
    outer loop
      vertex -2.55004 -0.507235 9
      vertex -2.70453 -0.266373 8.99422
      vertex -2.6654 -0.530181 8.99422
    endloop
  endfacet
  facet normal 0.848475 0.508533 0.146575
    outer loop
      vertex 3.15478 2.10796 7.91762
      vertex 3.14041 2.09836 8.03411
      vertex 3.3462 1.78858 7.91762
    endloop
  endfacet
  facet normal 0.0443771 0.903097 0.427139
    outer loop
      vertex 0.363511 3.6908 8.25922
      vertex 0 3.65831 8.36568
      vertex 0.358576 3.64069 8.36568
    endloop
  endfacet
  facet normal -0.427553 -0.90399 0
    outer loop
      vertex -1.79131 -3.3513 4
      vertex -1.4542 -3.51074 7.8
      vertex -1.79131 -3.3513 7.8
    endloop
  endfacet
  facet normal -0.427553 -0.90399 -0
    outer loop
      vertex -1.4542 -3.51074 7.8
      vertex -1.79131 -3.3513 4
      vertex -1.4542 -3.51074 4
    endloop
  endfacet
  facet normal -0.514109 -0.857725 0
    outer loop
      vertex -2.11117 -3.15958 4
      vertex -1.79131 -3.3513 7.8
      vertex -2.11117 -3.15958 7.8
    endloop
  endfacet
  facet normal -0.514109 -0.857725 -0
    outer loop
      vertex -1.79131 -3.3513 7.8
      vertex -2.11117 -3.15958 4
      vertex -1.79131 -3.3513 4
    endloop
  endfacet
  facet normal 0.941546 -0.336883 0
    outer loop
      vertex 3.51074 -1.4542 7.8
      vertex 3.63637 -1.10308 4
      vertex 3.63637 -1.10308 7.8
    endloop
  endfacet
  facet normal 0.941546 -0.336883 0
    outer loop
      vertex 3.63637 -1.10308 4
      vertex 3.51074 -1.4542 7.8
      vertex 3.51074 -1.4542 4
    endloop
  endfacet
  facet normal 0.941016 -0.235708 0.242756
    outer loop
      vertex 3.6763 -0.731262 8.14834
      vertex 3.61431 -1.09639 8.03411
      vertex 3.70437 -0.736844 8.03411
    endloop
  endfacet
  facet normal 0.336883 0.941546 -0
    outer loop
      vertex 1.4542 3.51074 4
      vertex 1.10308 3.63637 7.8
      vertex 1.4542 3.51074 7.8
    endloop
  endfacet
  facet normal 0.336883 0.941546 0
    outer loop
      vertex 1.10308 3.63637 7.8
      vertex 1.4542 3.51074 4
      vertex 1.10308 3.63637 4
    endloop
  endfacet
  facet normal 0.968865 -0.242687 0.0490184
    outer loop
      vertex 3.72698 -0.741343 7.8
      vertex 3.63084 -1.1014 7.91762
      vertex 3.63637 -1.10308 7.8
    endloop
  endfacet
  facet normal 0.499119 -0.125033 0.857465
    outer loop
      vertex 3.20392 -0.637298 8.79776
      vertex 3.02936 -0.918947 8.8583
      vertex 3.12602 -0.948268 8.79776
    endloop
  endfacet
  facet normal 0.940414 -0.336478 0.0490204
    outer loop
      vertex 3.63084 -1.1014 7.91762
      vertex 3.51074 -1.4542 7.8
      vertex 3.63637 -1.10308 7.8
    endloop
  endfacet
  facet normal -0.894399 -0.132678 0.427138
    outer loop
      vertex -3.64069 -0.358576 8.36568
      vertex -3.6908 -0.363511 8.25922
      vertex -3.58801 -0.713699 8.36568
    endloop
  endfacet
  facet normal -0.589706 0.0874738 0.802867
    outer loop
      vertex -3.29669 0.655751 8.72761
      vertex -3.34509 0.329462 8.72761
      vertex -3.20392 0.637298 8.79776
    endloop
  endfacet
  facet normal -0.671199 0.0329629 0.740544
    outer loop
      vertex -3.34509 0.329462 8.72761
      vertex -3.43192 0.338015 8.64853
      vertex -3.36127 0 8.72761
    endloop
  endfacet
  facet normal -0.67018 0.316962 0.671114
    outer loop
      vertex -3.11108 1.6629 8.56127
      vertex -3.18602 1.31969 8.64853
      vertex -3.04133 1.62562 8.64853
    endloop
  endfacet
  facet normal -0.304849 -0.14418 0.941424
    outer loop
      vertex -2.72391 -1.12828 8.94833
      vertex -2.82635 -1.17071 8.90866
      vertex -2.69799 -1.44211 8.90866
    endloop
  endfacet
  facet normal -0.0490819 0.0024113 0.998792
    outer loop
      vertex -2.58748 0.254844 9
      vertex -2.71762 0 8.99422
      vertex -2.6 0 9
    endloop
  endfacet
  facet normal 0.0252619 -0.0421462 0.998792
    outer loop
      vertex 1.50983 -2.25962 8.99422
      vertex 1.22563 -2.29299 9
      vertex 1.28108 -2.39673 8.99422
    endloop
  endfacet
  facet normal -0.940414 -0.336478 0.0490204
    outer loop
      vertex -3.63084 -1.1014 7.91762
      vertex -3.63637 -1.10308 7.8
      vertex -3.51074 -1.4542 7.8
    endloop
  endfacet
  facet normal -0.877102 -0.219693 0.427115
    outer loop
      vertex -3.50078 -1.06195 8.36568
      vertex -3.63739 -0.723522 8.25922
      vertex -3.54896 -1.07657 8.25922
    endloop
  endfacet
  facet normal -0.689148 -0.511101 0.513664
    outer loop
      vertex -2.99143 -1.99881 8.46668
      vertex -3.04177 -2.03244 8.36568
      vertex -2.82791 -2.3208 8.36568
    endloop
  endfacet
  facet normal -0.336477 0.940415 0.0490174
    outer loop
      vertex -1.1014 3.63084 7.91762
      vertex -1.4542 3.51074 7.8
      vertex -1.45199 3.5054 7.91762
    endloop
  endfacet
  facet normal -0.959555 -0.240352 0.146576
    outer loop
      vertex -3.70437 -0.736844 8.03411
      vertex -3.72132 -0.740215 7.91762
      vertex -3.61431 -1.09639 8.03411
    endloop
  endfacet
  facet normal 0.595701 -0.803206 0
    outer loop
      vertex 2.11117 -3.15958 4
      vertex 2.41069 -2.93744 7.8
      vertex 2.11117 -3.15958 7.8
    endloop
  endfacet
  facet normal 0.595701 -0.803206 0
    outer loop
      vertex 2.41069 -2.93744 7.8
      vertex 2.11117 -3.15958 4
      vertex 2.41069 -2.93744 4
    endloop
  endfacet
  facet normal -0.85692 -0.0420876 0.513728
    outer loop
      vertex -3.59776 0 8.46668
      vertex -3.65831 0 8.36568
      vertex -3.58044 -0.352642 8.46668
    endloop
  endfacet
  facet normal -0.465138 -0.219982 0.85747
    outer loop
      vertex -2.9247 -1.21145 8.8583
      vertex -3.01802 -1.25011 8.79776
      vertex -2.79188 -1.49229 8.8583
    endloop
  endfacet
  facet normal -0.484465 -0.173343 0.857465
    outer loop
      vertex -3.02936 -0.918947 8.8583
      vertex -3.12602 -0.948268 8.79776
      vertex -3.01802 -1.25011 8.79776
    endloop
  endfacet
  facet normal -0.959608 -0.142361 0.242663
    outer loop
      vertex -3.73028 -0.3674 8.14834
      vertex -3.75875 -0.370205 8.03411
      vertex -3.6763 -0.731262 8.14834
    endloop
  endfacet
  facet normal -0.242979 -0.970032 0
    outer loop
      vertex -1.10308 -3.63637 4
      vertex -0.741343 -3.72698 7.8
      vertex -1.10308 -3.63637 7.8
    endloop
  endfacet
  facet normal -0.242979 -0.970032 -0
    outer loop
      vertex -0.741343 -3.72698 7.8
      vertex -1.10308 -3.63637 4
      vertex -0.741343 -3.72698 4
    endloop
  endfacet
  facet normal -0.400347 -0.441704 0.802882
    outer loop
      vertex -2.07236 -2.52518 8.79776
      vertex -2.30989 -2.30989 8.79776
      vertex -2.13237 -2.5983 8.72761
    endloop
  endfacet
  facet normal -0.464856 -0.775555 0.427112
    outer loop
      vertex -1.72451 -3.22634 8.36568
      vertex -2.06042 -3.08363 8.25922
      vertex -1.74825 -3.27074 8.25922
    endloop
  endfacet
  facet normal -0.381248 -0.345552 0.857463
    outer loop
      vertex -2.4471 -2.00828 8.8583
      vertex -2.52518 -2.07236 8.79776
      vertex -2.30989 -2.30989 8.79776
    endloop
  endfacet
  facet normal -0.0363855 -0.740448 0.671128
    outer loop
      vertex -0.338015 -3.43192 8.64853
      vertex -0.345766 -3.51063 8.56127
      vertex 0 -3.44853 8.64853
    endloop
  endfacet
  facet normal -0.402611 -0.851277 0.336498
    outer loop
      vertex -1.41924 -3.42635 8.25922
      vertex -1.76695 -3.30573 8.14834
      vertex -1.43442 -3.463 8.14834
    endloop
  endfacet
  facet normal -0.67018 -0.316962 0.671114
    outer loop
      vertex -3.04133 -1.62562 8.64853
      vertex -3.18602 -1.31969 8.64853
      vertex -3.11108 -1.6629 8.56127
    endloop
  endfacet
  facet normal -0.484118 -0.807699 0.33653
    outer loop
      vertex -1.74825 -3.27074 8.25922
      vertex -2.08246 -3.11662 8.14834
      vertex -1.76695 -3.30573 8.14834
    endloop
  endfacet
  facet normal -0.697747 -0.632391 0.336498
    outer loop
      vertex -2.86683 -2.35275 8.25922
      vertex -2.8975 -2.37791 8.14834
      vertex -2.65047 -2.65047 8.14834
    endloop
  endfacet
  facet normal 0.146559 0.987987 0.049003
    outer loop
      vertex 0.372464 3.7817 7.8
      vertex 0.371899 3.77595 7.91762
      vertex 0.741343 3.72698 7.8
    endloop
  endfacet
  facet normal -0.756364 0.56094 0.33654
    outer loop
      vertex -2.86683 2.35275 8.25922
      vertex -3.11662 2.08246 8.14834
      vertex -3.08363 2.06042 8.25922
    endloop
  endfacet
  facet normal -0.740064 0.670749 0.048997
    outer loop
      vertex -2.68292 2.68292 7.91762
      vertex -2.93744 2.41069 7.8
      vertex -2.93297 2.40703 7.91762
    endloop
  endfacet
  facet normal -0.802242 0.594985 0.0490024
    outer loop
      vertex -2.93744 2.41069 7.8
      vertex -3.15958 2.11117 7.8
      vertex -2.93297 2.40703 7.91762
    endloop
  endfacet
  facet normal -0.90399 0.427553 0
    outer loop
      vertex -3.51074 1.4542 4
      vertex -3.3513 1.79131 7.8
      vertex -3.3513 1.79131 4
    endloop
  endfacet
  facet normal -0.90399 0.427553 0
    outer loop
      vertex -3.3513 1.79131 7.8
      vertex -3.51074 1.4542 4
      vertex -3.51074 1.4542 7.8
    endloop
  endfacet
  facet normal 0.125898 -0.848698 0.513675
    outer loop
      vertex 0.713699 -3.58801 8.36568
      vertex 0.352642 -3.58044 8.46668
      vertex 0.358576 -3.64069 8.36568
    endloop
  endfacet
  facet normal -0.0421486 -0.0252622 0.998792
    outer loop
      vertex -2.16182 -1.44448 9
      vertex -2.29299 -1.22563 9
      vertex -2.25962 -1.50983 8.99422
    endloop
  endfacet
  facet normal -0.306479 -0.511332 0.802876
    outer loop
      vertex -1.81487 -2.71615 8.79776
      vertex -1.86742 -2.7948 8.72761
      vertex -1.5399 -2.88096 8.79776
    endloop
  endfacet
  facet normal 0.062806 -0.423415 0.903756
    outer loop
      vertex 0.596824 -3.00044 8.90866
      vertex 0.299855 -3.04449 8.90866
      vertex 0.617592 -3.10485 8.8583
    endloop
  endfacet
  facet normal 0.497904 -0.451273 0.74057
    outer loop
      vertex 2.5983 -2.13237 8.72761
      vertex 2.37678 -2.37678 8.72761
      vertex 2.43848 -2.43848 8.64853
    endloop
  endfacet
  facet normal 0.0494925 0.138321 0.98915
    outer loop
      vertex 1.08457 2.61837 8.97694
      vertex 0.822698 2.71207 8.97694
      vertex 1.03999 2.51075 8.99422
    endloop
  endfacet
  facet normal 0.336807 0.0165497 0.941428
    outer loop
      vertex 3.04449 0.299855 8.90866
      vertex 2.93414 0.288987 8.94833
      vertex 2.94834 0 8.94833
    endloop
  endfacet
  facet normal -0.940545 0.0462108 0.336512
    outer loop
      vertex -3.6908 0.363511 8.25922
      vertex -3.73028 0.3674 8.14834
      vertex -3.70866 0 8.25922
    endloop
  endfacet
  facet normal -0.577875 0.779198 0.242715
    outer loop
      vertex -2.09836 3.14041 8.03411
      vertex -2.39607 2.91962 8.03411
      vertex -2.08246 3.11662 8.14834
    endloop
  endfacet
  facet normal -0.689156 0.511102 0.513652
    outer loop
      vertex -2.82791 2.3208 8.36568
      vertex -2.99143 1.99881 8.46668
      vertex -2.78111 2.2824 8.46668
    endloop
  endfacet
  facet normal -0.0356843 0.240589 0.969971
    outer loop
      vertex -0.288987 2.93414 8.94833
      vertex -0.575192 2.89169 8.94833
      vertex -0.552907 2.77965 8.97694
    endloop
  endfacet
  facet normal -0.125033 0.208615 0.969972
    outer loop
      vertex -1.38984 2.6002 8.94833
      vertex -1.63801 2.45146 8.94833
      vertex -1.57455 2.35647 8.97694
    endloop
  endfacet
  facet normal 0.125898 0.848698 0.513675
    outer loop
      vertex 0.358576 3.64069 8.36568
      vertex 0.352642 3.58044 8.46668
      vertex 0.713699 3.58801 8.36568
    endloop
  endfacet
  facet normal -0.508533 0.848475 0.146575
    outer loop
      vertex -1.78858 3.3462 7.91762
      vertex -2.10796 3.15478 7.91762
      vertex -2.09836 3.14041 8.03411
    endloop
  endfacet
  facet normal -0.0462667 0.016555 0.998792
    outer loop
      vertex -2.51075 1.03999 8.99422
      vertex -2.6006 0.788883 8.99422
      vertex -2.48804 0.75474 9
    endloop
  endfacet
  facet normal 0.016555 0.0462667 0.998792
    outer loop
      vertex 0.788883 2.6006 8.99422
      vertex 0.75474 2.48804 9
      vertex 1.03999 2.51075 8.99422
    endloop
  endfacet
  facet normal 0.289038 -0.807819 0.513697
    outer loop
      vertex 1.3768 -3.3239 8.46668
      vertex 1.04438 -3.44284 8.46668
      vertex 1.06195 -3.50078 8.36568
    endloop
  endfacet
  facet normal -0.0363855 0.740448 0.671128
    outer loop
      vertex 0 3.44853 8.64853
      vertex -0.345766 3.51063 8.56127
      vertex -0.338015 3.43192 8.64853
    endloop
  endfacet
  facet normal 0.0421096 0.856951 0.513675
    outer loop
      vertex 0.358576 3.64069 8.36568
      vertex 0 3.65831 8.36568
      vertex 0.352642 3.58044 8.46668
    endloop
  endfacet
  facet normal -0.66432 0.732935 0.146575
    outer loop
      vertex -2.39607 2.91962 8.03411
      vertex -2.68292 2.68292 7.91762
      vertex -2.6707 2.6707 8.03411
    endloop
  endfacet
  facet normal -0.242687 0.968865 0.0490184
    outer loop
      vertex -0.741343 3.72698 7.8
      vertex -1.10308 3.63637 7.8
      vertex -1.1014 3.63084 7.91762
    endloop
  endfacet
  facet normal -0.970032 -0.242979 0
    outer loop
      vertex -3.63637 -1.10308 4
      vertex -3.72698 -0.741343 7.8
      vertex -3.72698 -0.741343 4
    endloop
  endfacet
  facet normal -0.970032 -0.242979 0
    outer loop
      vertex -3.72698 -0.741343 7.8
      vertex -3.63637 -1.10308 4
      vertex -3.63637 -1.10308 7.8
    endloop
  endfacet
  facet normal 0.242979 0.970032 -0
    outer loop
      vertex 1.10308 3.63637 4
      vertex 0.741343 3.72698 7.8
      vertex 1.10308 3.63637 7.8
    endloop
  endfacet
  facet normal 0.242979 0.970032 0
    outer loop
      vertex 0.741343 3.72698 7.8
      vertex 1.10308 3.63637 4
      vertex 0.741343 3.72698 4
    endloop
  endfacet
  facet normal -0.594985 0.802242 0.0490024
    outer loop
      vertex -2.11117 3.15958 7.8
      vertex -2.41069 2.93744 7.8
      vertex -2.40703 2.93297 7.91762
    endloop
  endfacet
  facet normal -0.670749 0.740064 0.048997
    outer loop
      vertex -2.41069 2.93744 7.8
      vertex -2.68292 2.68292 7.91762
      vertex -2.40703 2.93297 7.91762
    endloop
  endfacet
  facet normal -0.85671 0.513468 0.048975
    outer loop
      vertex -3.15958 2.11117 7.8
      vertex -3.3462 1.78858 7.91762
      vertex -3.15478 2.10796 7.91762
    endloop
  endfacet
  facet normal -0.77555 0.464856 0.42712
    outer loop
      vertex -3.08363 2.06042 8.25922
      vertex -3.22634 1.72451 8.36568
      vertex -3.04177 2.03244 8.36568
    endloop
  endfacet
  facet normal -0.697696 0.632392 0.336601
    outer loop
      vertex -2.65047 2.65047 8.14834
      vertex -2.86683 2.35275 8.25922
      vertex -2.62241 2.62241 8.25922
    endloop
  endfacet
  facet normal -0.718792 0.651465 0.242758
    outer loop
      vertex -2.65047 2.65047 8.14834
      vertex -2.91962 2.39607 8.03411
      vertex -2.8975 2.37791 8.14834
    endloop
  endfacet
  facet normal -0.173357 0.289243 0.941428
    outer loop
      vertex -1.44211 2.69799 8.90866
      vertex -1.63801 2.45146 8.94833
      vertex -1.38984 2.6002 8.94833
    endloop
  endfacet
  facet normal -0.103996 0.219879 0.969968
    outer loop
      vertex -1.12828 2.72391 8.94833
      vertex -1.38984 2.6002 8.94833
      vertex -1.33599 2.49946 8.97694
    endloop
  endfacet
  facet normal -0.497922 0.451279 0.740555
    outer loop
      vertex -2.43848 2.43848 8.64853
      vertex -2.66575 2.18772 8.64853
      vertex -2.5983 2.13237 8.72761
    endloop
  endfacet
  facet normal -0.497869 0.54933 0.671091
    outer loop
      vertex -2.23789 2.72688 8.56127
      vertex -2.4944 2.4944 8.56127
      vertex -2.43848 2.43848 8.64853
    endloop
  endfacet
  facet normal 0.857725 0.514109 0
    outer loop
      vertex 3.3513 1.79131 7.8
      vertex 3.15958 2.11117 4
      vertex 3.15958 2.11117 7.8
    endloop
  endfacet
  facet normal 0.857725 0.514109 0
    outer loop
      vertex 3.15958 2.11117 4
      vertex 3.3513 1.79131 7.8
      vertex 3.3513 1.79131 4
    endloop
  endfacet
  facet normal 0.817388 -0.386595 0.427107
    outer loop
      vertex 3.42635 -1.41924 8.25922
      vertex 3.22634 -1.72451 8.36568
      vertex 3.27074 -1.74825 8.25922
    endloop
  endfacet
  facet normal -0.14513 -0.978493 0.146587
    outer loop
      vertex -0.370205 -3.75875 8.03411
      vertex -0.736844 -3.70437 8.03411
      vertex -0.371899 -3.77595 7.91762
    endloop
  endfacet
  facet normal -0.857725 0.514109 0
    outer loop
      vertex -3.3513 1.79131 4
      vertex -3.15958 2.11117 7.8
      vertex -3.15958 2.11117 4
    endloop
  endfacet
  facet normal -0.857725 0.514109 0
    outer loop
      vertex -3.15958 2.11117 7.8
      vertex -3.3513 1.79131 4
      vertex -3.3513 1.79131 7.8
    endloop
  endfacet
  facet normal 0.941016 0.235708 0.242756
    outer loop
      vertex 3.70437 0.736844 8.03411
      vertex 3.61431 1.09639 8.03411
      vertex 3.6763 0.731262 8.14834
    endloop
  endfacet
  facet normal 0.740967 -0.671542 0
    outer loop
      vertex 2.68701 -2.68701 7.8
      vertex 2.93744 -2.41069 4
      vertex 2.93744 -2.41069 7.8
    endloop
  endfacet
  facet normal 0.740967 -0.671542 0
    outer loop
      vertex 2.93744 -2.41069 4
      vertex 2.68701 -2.68701 7.8
      vertex 2.68701 -2.68701 4
    endloop
  endfacet
  facet normal 0.848475 -0.508533 0.146575
    outer loop
      vertex 3.3462 -1.78858 7.91762
      vertex 3.14041 -2.09836 8.03411
      vertex 3.15478 -2.10796 7.91762
    endloop
  endfacet
  facet normal 0.484118 -0.807699 0.33653
    outer loop
      vertex 2.08246 -3.11662 8.14834
      vertex 1.74825 -3.27074 8.25922
      vertex 1.76695 -3.30573 8.14834
    endloop
  endfacet
  facet normal 0.978494 -0.145134 0.146577
    outer loop
      vertex 3.77595 -0.371899 7.91762
      vertex 3.70437 -0.736844 8.03411
      vertex 3.72132 -0.740215 7.91762
    endloop
  endfacet
  facet normal -0.508986 0.0754872 0.857459
    outer loop
      vertex -3.20392 0.637298 8.79776
      vertex -3.25095 0.32019 8.79776
      vertex -3.15043 0.31029 8.8583
    endloop
  endfacet
  facet normal -0.0986585 0.108859 0.989149
    outer loop
      vertex -1.79794 2.19079 8.97694
      vertex -2.00402 2.00402 8.97694
      vertex -1.72404 2.10075 8.99422
    endloop
  endfacet
  facet normal -0.146728 -0.00721046 0.989151
    outer loop
      vertex -2.71762 0 8.99422
      vertex -2.82046 -0.277791 8.97694
      vertex -2.70453 -0.266373 8.99422
    endloop
  endfacet
  facet normal -0.595408 -0.0292407 0.802891
    outer loop
      vertex -3.25095 -0.32019 8.79776
      vertex -3.36127 0 8.72761
      vertex -3.34509 -0.329462 8.72761
    endloop
  endfacet
  facet normal -0.664708 -0.0985993 0.740568
    outer loop
      vertex -3.34509 -0.329462 8.72761
      vertex -3.38227 -0.672774 8.64853
      vertex -3.29669 -0.655751 8.72761
    endloop
  endfacet
  facet normal -0.671157 0.0329805 0.740581
    outer loop
      vertex -3.43192 0.338015 8.64853
      vertex -3.44853 0 8.64853
      vertex -3.36127 0 8.72761
    endloop
  endfacet
  facet normal -0.40303 -0.144207 0.903754
    outer loop
      vertex -2.92749 -0.888044 8.90866
      vertex -3.02936 -0.918947 8.8583
      vertex -2.82635 -1.17071 8.90866
    endloop
  endfacet
  facet normal -0.180206 -0.163335 0.969973
    outer loop
      vertex -2.19079 -1.79794 8.97694
      vertex -2.2791 -1.87041 8.94833
      vertex -2.08479 -2.08479 8.94833
    endloop
  endfacet
  facet normal -0.200831 -0.56129 0.802882
    outer loop
      vertex -0.948268 -3.12602 8.79776
      vertex -1.25011 -3.01802 8.79776
      vertex -0.975725 -3.21654 8.72761
    endloop
  endfacet
  facet normal -0.219873 -0.10399 0.96997
    outer loop
      vertex -2.61837 -1.08457 8.97694
      vertex -2.72391 -1.12828 8.94833
      vertex -2.49946 -1.33599 8.97694
    endloop
  endfacet
  facet normal -0.997595 -0.0490081 0.0490231
    outer loop
      vertex -3.79422 0 7.91762
      vertex -3.8 0 7.8
      vertex -3.77595 -0.371899 7.91762
    endloop
  endfacet
  facet normal -0.98801 -0.0485372 0.14656
    outer loop
      vertex -3.77694 0 8.03411
      vertex -3.79422 0 7.91762
      vertex -3.77595 -0.371899 7.91762
    endloop
  endfacet
  facet normal -0.997595 -0.0490141 0.0490041
    outer loop
      vertex -3.77595 -0.371899 7.91762
      vertex -3.8 0 7.8
      vertex -3.7817 -0.372464 7.8
    endloop
  endfacet
  facet normal -0.998795 -0.0490731 0
    outer loop
      vertex -3.7817 -0.372464 4
      vertex -3.8 0 7.8
      vertex -3.8 0 4
    endloop
  endfacet
  facet normal -0.998795 -0.0490731 0
    outer loop
      vertex -3.8 0 7.8
      vertex -3.7817 -0.372464 4
      vertex -3.7817 -0.372464 7.8
    endloop
  endfacet
  facet normal 0.589261 0.79455 0.146498
    outer loop
      vertex 2.40703 2.93297 7.91762
      vertex 2.09836 3.14041 8.03411
      vertex 2.39607 2.91962 8.03411
    endloop
  endfacet
  facet normal -0.756579 -0.270704 0.595237
    outer loop
      vertex -3.37571 -1.02401 8.56127
      vertex -3.44284 -1.04438 8.46668
      vertex -3.3239 -1.3768 8.46668
    endloop
  endfacet
  facet normal -0.987987 -0.146559 0.049003
    outer loop
      vertex -3.77595 -0.371899 7.91762
      vertex -3.7817 -0.372464 7.8
      vertex -3.72698 -0.741343 7.8
    endloop
  endfacet
  facet normal -0.484459 -0.173343 0.857468
    outer loop
      vertex -2.9247 -1.21145 8.8583
      vertex -3.02936 -0.918947 8.8583
      vertex -3.01802 -1.25011 8.79776
    endloop
  endfacet
  facet normal -0.317512 -0.113608 0.941424
    outer loop
      vertex -2.72391 -1.12828 8.94833
      vertex -2.92749 -0.888044 8.90866
      vertex -2.82635 -1.17071 8.90866
    endloop
  endfacet
  facet normal -0.689255 -0.413126 0.595194
    outer loop
      vertex -3.11108 -1.6629 8.56127
      vertex -3.17294 -1.69597 8.46668
      vertex -2.9331 -1.95984 8.56127
    endloop
  endfacet
  facet normal -0.513933 -0.025248 0.857458
    outer loop
      vertex -3.15043 -0.31029 8.8583
      vertex -3.26668 0 8.79776
      vertex -3.25095 -0.32019 8.79776
    endloop
  endfacet
  facet normal -0.775592 -0.366813 0.513717
    outer loop
      vertex -3.17294 -1.69597 8.46668
      vertex -3.37983 -1.39997 8.36568
      vertex -3.22634 -1.72451 8.36568
    endloop
  endfacet
  facet normal -0.497922 -0.451279 0.740555
    outer loop
      vertex -2.5983 -2.13237 8.72761
      vertex -2.66575 -2.18772 8.64853
      vertex -2.43848 -2.43848 8.64853
    endloop
  endfacet
  facet normal -0.499119 -0.125033 0.857465
    outer loop
      vertex -3.02936 -0.918947 8.8583
      vertex -3.20392 -0.637298 8.79776
      vertex -3.12602 -0.948268 8.79776
    endloop
  endfacet
  facet normal -0.987993 0.146543 0.0489486
    outer loop
      vertex -3.72698 0.741343 7.8
      vertex -3.77595 0.371899 7.91762
      vertex -3.72132 0.740215 7.91762
    endloop
  endfacet
  facet normal -0.779469 -0.195258 0.595233
    outer loop
      vertex -3.37571 -1.02401 8.56127
      vertex -3.45983 -0.688203 8.56127
      vertex -3.44284 -1.04438 8.46668
    endloop
  endfacet
  facet normal -0.968863 -0.242709 0.0489504
    outer loop
      vertex -3.72132 -0.740215 7.91762
      vertex -3.72698 -0.741343 7.8
      vertex -3.63084 -1.1014 7.91762
    endloop
  endfacet
  facet normal -0.733366 -0.10877 0.671076
    outer loop
      vertex -3.43192 -0.338015 8.64853
      vertex -3.45983 -0.688203 8.56127
      vertex -3.38227 -0.672774 8.64853
    endloop
  endfacet
  facet normal -0.807819 -0.289038 0.513697
    outer loop
      vertex -3.44284 -1.04438 8.46668
      vertex -3.50078 -1.06195 8.36568
      vertex -3.3239 -1.3768 8.46668
    endloop
  endfacet
  facet normal 0.025248 -0.513933 0.857458
    outer loop
      vertex 0.31029 -3.15043 8.8583
      vertex 0 -3.26668 8.79776
      vertex 0.32019 -3.25095 8.79776
    endloop
  endfacet
  facet normal -0.14486 -0.578268 0.802883
    outer loop
      vertex -0.948268 -3.12602 8.79776
      vertex -0.975725 -3.21654 8.72761
      vertex -0.637298 -3.20392 8.79776
    endloop
  endfacet
  facet normal -0.0119373 -0.242938 0.969968
    outer loop
      vertex -0.277791 -2.82046 8.97694
      vertex -0.288987 -2.93414 8.94833
      vertex 0 -2.94834 8.94833
    endloop
  endfacet
  facet normal -0.0875164 -0.118001 0.989149
    outer loop
      vertex -1.50983 -2.25962 8.99422
      vertex -1.72404 -2.10075 8.99422
      vertex -1.57455 -2.35647 8.97694
    endloop
  endfacet
  facet normal -0.0394141 -0.802594 0.595222
    outer loop
      vertex 0 -3.52761 8.56127
      vertex -0.345766 -3.51063 8.56127
      vertex 0 -3.59776 8.46668
    endloop
  endfacet
  facet normal -0.697696 -0.632392 0.336601
    outer loop
      vertex -2.62241 -2.62241 8.25922
      vertex -2.86683 -2.35275 8.25922
      vertex -2.65047 -2.65047 8.14834
    endloop
  endfacet
  facet normal -0.414757 -0.876957 0.242741
    outer loop
      vertex -1.43442 -3.463 8.14834
      vertex -1.76695 -3.30573 8.14834
      vertex -1.44537 -3.48944 8.03411
    endloop
  endfacet
  facet normal -0.0494756 -0.333573 0.941425
    outer loop
      vertex -0.575192 -2.89169 8.94833
      vertex -0.596824 -3.00044 8.90866
      vertex -0.288987 -2.93414 8.94833
    endloop
  endfacet
  facet normal -0.497904 -0.451273 0.74057
    outer loop
      vertex -2.37678 -2.37678 8.72761
      vertex -2.5983 -2.13237 8.72761
      vertex -2.43848 -2.43848 8.64853
    endloop
  endfacet
  facet normal -0.576382 -0.345456 0.74057
    outer loop
      vertex -2.7948 -1.86742 8.72761
      vertex -3.04133 -1.62562 8.64853
      vertex -2.86735 -1.9159 8.64853
    endloop
  endfacet
  facet normal -0.0490141 -0.997595 0.0490041
    outer loop
      vertex -0.371899 -3.77595 7.91762
      vertex -0.372464 -3.7817 7.8
      vertex 0 -3.8 7.8
    endloop
  endfacet
  facet normal 0.163279 -0.651842 0.740568
    outer loop
      vertex 0.975725 -3.21654 8.72761
      vertex 0.655751 -3.29669 8.72761
      vertex 0.672774 -3.38227 8.64853
    endloop
  endfacet
  facet normal -0.00241204 -0.0490834 0.998792
    outer loop
      vertex -0.254844 -2.58748 9
      vertex -0.266373 -2.70453 8.99422
      vertex 0 -2.71762 8.99422
    endloop
  endfacet
  facet normal -0.902902 -0.427038 0.0490615
    outer loop
      vertex -3.3462 -1.78858 7.91762
      vertex -3.51074 -1.4542 7.8
      vertex -3.3513 -1.79131 7.8
    endloop
  endfacet
  facet normal -0.802238 -0.594992 0.0489769
    outer loop
      vertex -3.15478 -2.10796 7.91762
      vertex -3.15958 -2.11117 7.8
      vertex -2.93297 -2.40703 7.91762
    endloop
  endfacet
  facet normal -0.931481 0.138188 0.336522
    outer loop
      vertex -3.6763 0.731262 8.14834
      vertex -3.73028 0.3674 8.14834
      vertex -3.63739 0.723522 8.25922
    endloop
  endfacet
  facet normal -0.940415 0.336477 0.0490174
    outer loop
      vertex -3.51074 1.4542 7.8
      vertex -3.63084 1.1014 7.91762
      vertex -3.5054 1.45199 7.91762
    endloop
  endfacet
  facet normal -0.740075 0.670733 0.049058
    outer loop
      vertex -2.68701 2.68701 7.8
      vertex -2.93744 2.41069 7.8
      vertex -2.68292 2.68292 7.91762
    endloop
  endfacet
  facet normal -0.697747 0.632391 0.336498
    outer loop
      vertex -2.65047 2.65047 8.14834
      vertex -2.8975 2.37791 8.14834
      vertex -2.86683 2.35275 8.25922
    endloop
  endfacet
  facet normal -0.484119 0.807693 0.336542
    outer loop
      vertex -1.74825 3.27074 8.25922
      vertex -2.08246 3.11662 8.14834
      vertex -2.06042 3.08363 8.25922
    endloop
  endfacet
  facet normal -0.856692 0.51349 0.0490644
    outer loop
      vertex -3.15958 2.11117 7.8
      vertex -3.3513 1.79131 7.8
      vertex -3.3462 1.78858 7.91762
    endloop
  endfacet
  facet normal -0.902902 0.427038 0.0490615
    outer loop
      vertex -3.3513 1.79131 7.8
      vertex -3.51074 1.4542 7.8
      vertex -3.3462 1.78858 7.91762
    endloop
  endfacet
  facet normal 0.270704 -0.756579 0.595237
    outer loop
      vertex 1.3768 -3.3239 8.46668
      vertex 1.02401 -3.37571 8.56127
      vertex 1.04438 -3.44284 8.46668
    endloop
  endfacet
  facet normal 0.0363855 -0.740448 0.671128
    outer loop
      vertex 0.338015 -3.43192 8.64853
      vertex 0 -3.44853 8.64853
      vertex 0.345766 -3.51063 8.56127
    endloop
  endfacet
  facet normal 0.698065 0.249757 0.671064
    outer loop
      vertex 3.37571 1.02401 8.56127
      vertex 3.25909 1.34996 8.56127
      vertex 3.30004 1.00105 8.64853
    endloop
  endfacet
  facet normal -0.0356897 -0.240598 0.969968
    outer loop
      vertex -0.277791 -2.82046 8.97694
      vertex -0.552907 -2.77965 8.97694
      vertex -0.288987 -2.93414 8.94833
    endloop
  endfacet
  facet normal 0.0444253 -0.0210103 0.998792
    outer loop
      vertex 2.40209 -0.994976 9
      vertex 2.39673 -1.28108 8.99422
      vertex 2.51075 -1.03999 8.99422
    endloop
  endfacet
  facet normal 0.0819347 -0.327117 0.941425
    outer loop
      vertex 0.855858 -2.82139 8.94833
      vertex 0.575192 -2.89169 8.94833
      vertex 0.596824 -3.00044 8.90866
    endloop
  endfacet
  facet normal 0.381248 -0.345552 0.857463
    outer loop
      vertex 2.4471 -2.00828 8.8583
      vertex 2.30989 -2.30989 8.79776
      vertex 2.52518 -2.07236 8.79776
    endloop
  endfacet
  facet normal 0.254886 -0.538925 0.802865
    outer loop
      vertex 1.58449 -2.96438 8.72761
      vertex 1.25011 -3.01802 8.79776
      vertex 1.2863 -3.10541 8.72761
    endloop
  endfacet
  facet normal 0.79455 -0.589261 0.146498
    outer loop
      vertex 3.14041 -2.09836 8.03411
      vertex 2.91962 -2.39607 8.03411
      vertex 2.93297 -2.40703 7.91762
    endloop
  endfacet
  facet normal 0.95956 -0.240378 0.1465
    outer loop
      vertex 3.72132 -0.740215 7.91762
      vertex 3.61431 -1.09639 8.03411
      vertex 3.63084 -1.1014 7.91762
    endloop
  endfacet
  facet normal -0.499115 0.125029 0.857468
    outer loop
      vertex -3.02936 0.918947 8.8583
      vertex -3.20392 0.637298 8.79776
      vertex -3.10485 0.617592 8.8583
    endloop
  endfacet
  facet normal -0.254997 0.343827 0.903747
    outer loop
      vertex -1.75875 2.63216 8.8583
      vertex -1.94075 2.36481 8.90866
      vertex -1.69961 2.54365 8.90866
    endloop
  endfacet
  facet normal -0.226406 0.632713 0.74055
    outer loop
      vertex -1.00105 3.30004 8.64853
      vertex -1.31969 3.18602 8.64853
      vertex -1.2863 3.10541 8.72761
    endloop
  endfacet
  facet normal -0.0754872 0.508986 0.857459
    outer loop
      vertex -0.32019 3.25095 8.79776
      vertex -0.637298 3.20392 8.79776
      vertex -0.31029 3.15043 8.8583
    endloop
  endfacet
  facet normal -0.180145 0.719169 0.671077
    outer loop
      vertex -0.688203 3.45983 8.56127
      vertex -1.00105 3.30004 8.64853
      vertex -0.672774 3.38227 8.64853
    endloop
  endfacet
  facet normal -0.117918 0.794872 0.595209
    outer loop
      vertex -0.352642 3.58044 8.46668
      vertex -0.701888 3.52863 8.46668
      vertex -0.345766 3.51063 8.56127
    endloop
  endfacet
  facet normal -0.249766 0.697996 0.671132
    outer loop
      vertex -1.00105 3.30004 8.64853
      vertex -1.34996 3.25909 8.56127
      vertex -1.31969 3.18602 8.64853
    endloop
  endfacet
  facet normal 0.180156 0.719181 0.671061
    outer loop
      vertex 1.02401 3.37571 8.56127
      vertex 0.688203 3.45983 8.56127
      vertex 1.00105 3.30004 8.64853
    endloop
  endfacet
  facet normal 0.57788 0.779183 0.242754
    outer loop
      vertex 2.39607 2.91962 8.03411
      vertex 2.08246 3.11662 8.14834
      vertex 2.37791 2.8975 8.14834
    endloop
  endfacet
  facet normal -0.0985993 0.664708 0.740568
    outer loop
      vertex -0.329462 3.34509 8.72761
      vertex -0.672774 3.38227 8.64853
      vertex -0.655751 3.29669 8.72761
    endloop
  endfacet
  facet normal 0.0165497 0.336807 0.941428
    outer loop
      vertex 0.299855 3.04449 8.90866
      vertex 0 2.94834 8.94833
      vertex 0.288987 2.93414 8.94833
    endloop
  endfacet
  facet normal 0.0356951 0.142506 0.98915
    outer loop
      vertex 0.552907 2.77965 8.97694
      vertex 0.530181 2.6654 8.99422
      vertex 0.788883 2.6006 8.99422
    endloop
  endfacet
  facet normal 0.30462 0.851325 0.427143
    outer loop
      vertex 1.41924 3.42635 8.25922
      vertex 1.06195 3.50078 8.36568
      vertex 1.39997 3.37983 8.36568
    endloop
  endfacet
  facet normal 0.857725 -0.514109 0
    outer loop
      vertex 3.15958 -2.11117 7.8
      vertex 3.3513 -1.79131 4
      vertex 3.3513 -1.79131 7.8
    endloop
  endfacet
  facet normal 0.857725 -0.514109 0
    outer loop
      vertex 3.3513 -1.79131 4
      vertex 3.15958 -2.11117 7.8
      vertex 3.15958 -2.11117 4
    endloop
  endfacet
  facet normal 0.235708 0.941016 0.242756
    outer loop
      vertex 0.736844 3.70437 8.03411
      vertex 0.731262 3.6763 8.14834
      vertex 1.09639 3.61431 8.03411
    endloop
  endfacet
  facet normal -0.0292728 0.0394708 0.998792
    outer loop
      vertex -1.44448 2.16182 9
      vertex -1.72404 2.10075 8.99422
      vertex -1.64942 2.00983 9
    endloop
  endfacet
  facet normal -0.254886 0.538914 0.802873
    outer loop
      vertex -1.25011 3.01802 8.79776
      vertex -1.58449 2.96438 8.72761
      vertex -1.5399 2.88096 8.79776
    endloop
  endfacet
  facet normal -0.254886 0.538925 0.802865
    outer loop
      vertex -1.2863 3.10541 8.72761
      vertex -1.58449 2.96438 8.72761
      vertex -1.25011 3.01802 8.79776
    endloop
  endfacet
  facet normal -0.941546 -0.336883 0
    outer loop
      vertex -3.51074 -1.4542 4
      vertex -3.63637 -1.10308 7.8
      vertex -3.63637 -1.10308 4
    endloop
  endfacet
  facet normal -0.941546 -0.336883 0
    outer loop
      vertex -3.63637 -1.10308 7.8
      vertex -3.51074 -1.4542 4
      vertex -3.51074 -1.4542 7.8
    endloop
  endfacet
  facet normal -0.0443771 0.903097 0.427139
    outer loop
      vertex 0 3.65831 8.36568
      vertex -0.363511 3.6908 8.25922
      vertex -0.358576 3.64069 8.36568
    endloop
  endfacet
  facet normal -0.0476089 0.968942 0.242662
    outer loop
      vertex 0 3.77694 8.03411
      vertex -0.370205 3.75875 8.03411
      vertex -0.3674 3.73028 8.14834
    endloop
  endfacet
  facet normal 0.0462082 0.940548 0.336504
    outer loop
      vertex 0 3.74833 8.14834
      vertex 0 3.70866 8.25922
      vertex 0.3674 3.73028 8.14834
    endloop
  endfacet
  facet normal 0.0462108 0.940545 0.336512
    outer loop
      vertex 0.3674 3.73028 8.14834
      vertex 0 3.70866 8.25922
      vertex 0.363511 3.6908 8.25922
    endloop
  endfacet
  facet normal -0.30462 0.851325 0.427143
    outer loop
      vertex -1.06195 3.50078 8.36568
      vertex -1.41924 3.42635 8.25922
      vertex -1.39997 3.37983 8.36568
    endloop
  endfacet
  facet normal -0.498731 0.83208 0.242712
    outer loop
      vertex -1.76695 3.30573 8.14834
      vertex -2.09836 3.14041 8.03411
      vertex -2.08246 3.11662 8.14834
    endloop
  endfacet
  facet normal -0.607248 0.669955 0.427094
    outer loop
      vertex -2.35275 2.86683 8.25922
      vertex -2.62241 2.62241 8.25922
      vertex -2.58681 2.58681 8.36568
    endloop
  endfacet
  facet normal -0.414753 0.876956 0.242751
    outer loop
      vertex -1.44537 3.48944 8.03411
      vertex -1.78044 3.33097 8.03411
      vertex -1.76695 3.30573 8.14834
    endloop
  endfacet
  facet normal -0.589273 0.794527 0.146574
    outer loop
      vertex -2.10796 3.15478 7.91762
      vertex -2.40703 2.93297 7.91762
      vertex -2.09836 3.14041 8.03411
    endloop
  endfacet
  facet normal -0.851325 0.30462 0.427143
    outer loop
      vertex -3.42635 1.41924 8.25922
      vertex -3.50078 1.06195 8.36568
      vertex -3.37983 1.39997 8.36568
    endloop
  endfacet
  facet normal -0.719181 0.180156 0.671061
    outer loop
      vertex -3.37571 1.02401 8.56127
      vertex -3.45983 0.688203 8.56127
      vertex -3.30004 1.00105 8.64853
    endloop
  endfacet
  facet normal -0.651498 0.718789 0.242676
    outer loop
      vertex -2.39607 2.91962 8.03411
      vertex -2.6707 2.6707 8.03411
      vertex -2.65047 2.65047 8.14834
    endloop
  endfacet
  facet normal -0.718789 0.651498 0.242676
    outer loop
      vertex -2.6707 2.6707 8.03411
      vertex -2.91962 2.39607 8.03411
      vertex -2.65047 2.65047 8.14834
    endloop
  endfacet
  facet normal -0.689255 0.413126 0.595194
    outer loop
      vertex -2.9331 1.95984 8.56127
      vertex -3.17294 1.69597 8.46668
      vertex -3.11108 1.6629 8.56127
    endloop
  endfacet
  facet normal -0.726262 0.538616 0.427126
    outer loop
      vertex -2.86683 2.35275 8.25922
      vertex -3.08363 2.06042 8.25922
      vertex -3.04177 2.03244 8.36568
    endloop
  endfacet
  facet normal -0.317164 0.287478 0.90375
    outer loop
      vertex -2.16319 2.16319 8.90866
      vertex -2.4471 2.00828 8.8583
      vertex -2.36481 1.94075 8.90866
    endloop
  endfacet
  facet normal -0.400312 0.539747 0.740556
    outer loop
      vertex -1.9159 2.86735 8.64853
      vertex -2.18772 2.66575 8.64853
      vertex -2.13237 2.5983 8.72761
    endloop
  endfacet
  facet normal -0.289255 0.173373 0.941421
    outer loop
      vertex -2.54365 1.69961 8.90866
      vertex -2.69799 1.44211 8.90866
      vertex -2.45146 1.63801 8.94833
    endloop
  endfacet
  facet normal -0.142508 0.035697 0.98915
    outer loop
      vertex -2.71207 0.822698 8.97694
      vertex -2.77965 0.552907 8.97694
      vertex -2.6006 0.788883 8.99422
    endloop
  endfacet
  facet normal -0.607482 0.287311 0.740552
    outer loop
      vertex -3.04133 1.62562 8.64853
      vertex -3.10541 1.2863 8.72761
      vertex -2.96438 1.58449 8.72761
    endloop
  endfacet
  facet normal -0.538914 0.254886 0.802873
    outer loop
      vertex -2.96438 1.58449 8.72761
      vertex -3.01802 1.25011 8.79776
      vertex -2.88096 1.5399 8.79776
    endloop
  endfacet
  facet normal 0.514109 -0.857725 0
    outer loop
      vertex 1.79131 -3.3513 4
      vertex 2.11117 -3.15958 7.8
      vertex 1.79131 -3.3513 7.8
    endloop
  endfacet
  facet normal 0.514109 -0.857725 0
    outer loop
      vertex 2.11117 -3.15958 7.8
      vertex 1.79131 -3.3513 4
      vertex 2.11117 -3.15958 4
    endloop
  endfacet
  facet normal 0.740967 0.671542 0
    outer loop
      vertex 2.93744 2.41069 7.8
      vertex 2.68701 2.68701 4
      vertex 2.68701 2.68701 7.8
    endloop
  endfacet
  facet normal 0.740967 0.671542 0
    outer loop
      vertex 2.68701 2.68701 4
      vertex 2.93744 2.41069 7.8
      vertex 2.93744 2.41069 4
    endloop
  endfacet
  facet normal 0.0755298 0.126011 0.989149
    outer loop
      vertex 1.33599 2.49946 8.97694
      vertex 1.28108 2.39673 8.99422
      vertex 1.50983 2.25962 8.99422
    endloop
  endfacet
  facet normal 0.987993 -0.146543 0.0489486
    outer loop
      vertex 3.77595 -0.371899 7.91762
      vertex 3.72132 -0.740215 7.91762
      vertex 3.72698 -0.741343 7.8
    endloop
  endfacet
  facet normal 0.514109 0.857725 -0
    outer loop
      vertex 2.11117 3.15958 4
      vertex 1.79131 3.3513 7.8
      vertex 2.11117 3.15958 7.8
    endloop
  endfacet
  facet normal 0.514109 0.857725 0
    outer loop
      vertex 1.79131 3.3513 7.8
      vertex 2.11117 3.15958 4
      vertex 1.79131 3.3513 4
    endloop
  endfacet
  facet normal 0.595701 0.803206 -0
    outer loop
      vertex 2.41069 2.93744 4
      vertex 2.11117 3.15958 7.8
      vertex 2.41069 2.93744 7.8
    endloop
  endfacet
  facet normal 0.595701 0.803206 0
    outer loop
      vertex 2.11117 3.15958 7.8
      vertex 2.41069 2.93744 4
      vertex 2.11117 3.15958 4
    endloop
  endfacet
  facet normal 0.427553 0.90399 -0
    outer loop
      vertex 1.79131 3.3513 4
      vertex 1.4542 3.51074 7.8
      vertex 1.79131 3.3513 7.8
    endloop
  endfacet
  facet normal 0.427553 0.90399 0
    outer loop
      vertex 1.4542 3.51074 7.8
      vertex 1.79131 3.3513 4
      vertex 1.4542 3.51074 4
    endloop
  endfacet
  facet normal 0.513468 0.85671 0.048975
    outer loop
      vertex 2.11117 3.15958 7.8
      vertex 1.78858 3.3462 7.91762
      vertex 2.10796 3.15478 7.91762
    endloop
  endfacet
  facet normal 0.464856 0.77555 0.42712
    outer loop
      vertex 2.06042 3.08363 8.25922
      vertex 1.72451 3.22634 8.36568
      vertex 2.03244 3.04177 8.36568
    endloop
  endfacet
  facet normal -0.242687 -0.968865 0.0490184
    outer loop
      vertex -1.1014 -3.63084 7.91762
      vertex -1.10308 -3.63637 7.8
      vertex -0.741343 -3.72698 7.8
    endloop
  endfacet
  facet normal 0.989176 0.146736 0
    outer loop
      vertex 3.7817 0.372464 7.8
      vertex 3.72698 0.741343 4
      vertex 3.72698 0.741343 7.8
    endloop
  endfacet
  facet normal 0.989176 0.146736 0
    outer loop
      vertex 3.72698 0.741343 4
      vertex 3.7817 0.372464 7.8
      vertex 3.7817 0.372464 4
    endloop
  endfacet
  facet normal 0.998795 0.0490731 0
    outer loop
      vertex 3.8 0 7.8
      vertex 3.7817 0.372464 4
      vertex 3.7817 0.372464 7.8
    endloop
  endfacet
  facet normal 0.998795 0.0490731 0
    outer loop
      vertex 3.7817 0.372464 4
      vertex 3.8 0 7.8
      vertex 3.8 0 4
    endloop
  endfacet
  facet normal 0.240378 -0.95956 0.1465
    outer loop
      vertex 1.09639 -3.61431 8.03411
      vertex 0.740215 -3.72132 7.91762
      vertex 1.1014 -3.63084 7.91762
    endloop
  endfacet
  facet normal 0.90399 0.427553 0
    outer loop
      vertex 3.51074 1.4542 7.8
      vertex 3.3513 1.79131 4
      vertex 3.3513 1.79131 7.8
    endloop
  endfacet
  facet normal 0.90399 0.427553 0
    outer loop
      vertex 3.3513 1.79131 4
      vertex 3.51074 1.4542 7.8
      vertex 3.51074 1.4542 4
    endloop
  endfacet
  facet normal 0.998795 -0.0490731 0
    outer loop
      vertex 3.7817 -0.372464 7.8
      vertex 3.8 0 4
      vertex 3.8 0 7.8
    endloop
  endfacet
  facet normal 0.998795 -0.0490731 0
    outer loop
      vertex 3.8 0 4
      vertex 3.7817 -0.372464 7.8
      vertex 3.7817 -0.372464 4
    endloop
  endfacet
  facet normal 0.343577 -0.726431 0.595191
    outer loop
      vertex 1.6629 -3.11108 8.56127
      vertex 1.34996 -3.25909 8.56127
      vertex 1.69597 -3.17294 8.46668
    endloop
  endfacet
  facet normal 0.697696 -0.632392 0.336601
    outer loop
      vertex 2.86683 -2.35275 8.25922
      vertex 2.62241 -2.62241 8.25922
      vertex 2.65047 -2.65047 8.14834
    endloop
  endfacet
  facet normal -0.803206 0.595701 0
    outer loop
      vertex -3.15958 2.11117 4
      vertex -2.93744 2.41069 7.8
      vertex -2.93744 2.41069 4
    endloop
  endfacet
  facet normal -0.803206 0.595701 0
    outer loop
      vertex -2.93744 2.41069 7.8
      vertex -3.15958 2.11117 4
      vertex -3.15958 2.11117 7.8
    endloop
  endfacet
  facet normal -0.511332 0.306479 0.802876
    outer loop
      vertex -2.7948 1.86742 8.72761
      vertex -2.88096 1.5399 8.79776
      vertex -2.71615 1.81487 8.79776
    endloop
  endfacet
  facet normal -0.465138 0.219982 0.85747
    outer loop
      vertex -2.79188 1.49229 8.8583
      vertex -3.01802 1.25011 8.79776
      vertex -2.9247 1.21145 8.8583
    endloop
  endfacet
  facet normal -0.931377 0.33326 0.146544
    outer loop
      vertex -3.5054 1.45199 7.91762
      vertex -3.61431 1.09639 8.03411
      vertex -3.48944 1.44537 8.03411
    endloop
  endfacet
  facet normal -0.931388 0.333248 0.146497
    outer loop
      vertex -3.5054 1.45199 7.91762
      vertex -3.63084 1.1014 7.91762
      vertex -3.61431 1.09639 8.03411
    endloop
  endfacet
  facet normal -0.427541 0.0210126 0.903752
    outer loop
      vertex -3.15043 0.31029 8.8583
      vertex -3.16568 0 8.8583
      vertex -3.04449 0.299855 8.90866
    endloop
  endfacet
  facet normal -0.327117 0.0819347 0.941425
    outer loop
      vertex -2.82139 0.855858 8.94833
      vertex -3.00044 0.596824 8.90866
      vertex -2.89169 0.575192 8.94833
    endloop
  endfacet
  facet normal -0.465156 0.220002 0.857455
    outer loop
      vertex -2.88096 1.5399 8.79776
      vertex -3.01802 1.25011 8.79776
      vertex -2.79188 1.49229 8.8583
    endloop
  endfacet
  facet normal -0.511336 0.30648 0.802873
    outer loop
      vertex -2.7948 1.86742 8.72761
      vertex -2.96438 1.58449 8.72761
      vertex -2.88096 1.5399 8.79776
    endloop
  endfacet
  facet normal -0.228995 -0.0819407 0.969973
    outer loop
      vertex -2.71207 -0.822698 8.97694
      vertex -2.82139 -0.855858 8.94833
      vertex -2.72391 -1.12828 8.94833
    endloop
  endfacet
  facet normal -0.802594 0.0394141 0.595222
    outer loop
      vertex -3.51063 0.345766 8.56127
      vertex -3.59776 0 8.46668
      vertex -3.52761 0 8.56127
    endloop
  endfacet
  facet normal -0.651842 -0.163279 0.740568
    outer loop
      vertex -3.29669 -0.655751 8.72761
      vertex -3.38227 -0.672774 8.64853
      vertex -3.21654 -0.975725 8.72761
    endloop
  endfacet
  facet normal -0.578268 -0.14486 0.802883
    outer loop
      vertex -3.20392 -0.637298 8.79776
      vertex -3.21654 -0.975725 8.72761
      vertex -3.12602 -0.948268 8.79776
    endloop
  endfacet
  facet normal -0.0444188 -0.0210102 0.998792
    outer loop
      vertex -2.29299 -1.22563 9
      vertex -2.40209 -0.994976 9
      vertex -2.39673 -1.28108 8.99422
    endloop
  endfacet
  facet normal -0.0486107 -0.00721097 0.998792
    outer loop
      vertex -2.58748 -0.254844 9
      vertex -2.70453 -0.266373 8.99422
      vertex -2.55004 -0.507235 9
    endloop
  endfacet
  facet normal 0.00720994 -0.146729 0.98915
    outer loop
      vertex 0 -2.71762 8.99422
      vertex 0 -2.83411 8.97694
      vertex 0.277791 -2.82046 8.97694
    endloop
  endfacet
  facet normal -0.0215562 -0.145318 0.98915
    outer loop
      vertex -0.530181 -2.6654 8.99422
      vertex -0.552907 -2.77965 8.97694
      vertex -0.277791 -2.82046 8.97694
    endloop
  endfacet
  facet normal -0.989176 -0.146736 0
    outer loop
      vertex -3.72698 -0.741343 4
      vertex -3.7817 -0.372464 7.8
      vertex -3.7817 -0.372464 4
    endloop
  endfacet
  facet normal -0.989176 -0.146736 0
    outer loop
      vertex -3.7817 -0.372464 7.8
      vertex -3.72698 -0.741343 4
      vertex -3.72698 -0.741343 7.8
    endloop
  endfacet
  facet normal -0.0490731 0.998795 0
    outer loop
      vertex 0 3.8 4
      vertex -0.372464 3.7817 7.8
      vertex 0 3.8 7.8
    endloop
  endfacet
  facet normal -0.0490731 0.998795 0
    outer loop
      vertex -0.372464 3.7817 7.8
      vertex 0 3.8 4
      vertex -0.372464 3.7817 4
    endloop
  endfacet
  facet normal -0.968865 -0.242687 0.0490184
    outer loop
      vertex -3.63084 -1.1014 7.91762
      vertex -3.72698 -0.741343 7.8
      vertex -3.63637 -1.10308 7.8
    endloop
  endfacet
  facet normal -0.941033 -0.235695 0.242704
    outer loop
      vertex -3.58693 -1.08808 8.14834
      vertex -3.6763 -0.731262 8.14834
      vertex -3.61431 -1.09639 8.03411
    endloop
  endfacet
  facet normal -0.195349 -0.144883 0.969973
    outer loop
      vertex -2.19079 -1.79794 8.97694
      vertex -2.35647 -1.57455 8.97694
      vertex -2.2791 -1.87041 8.94833
    endloop
  endfacet
  facet normal -0.355122 -0.47882 0.802882
    outer loop
      vertex -2.07236 -2.52518 8.79776
      vertex -2.13237 -2.5983 8.72761
      vertex -1.81487 -2.71615 8.79776
    endloop
  endfacet
  facet normal -0.779198 -0.577875 0.242715
    outer loop
      vertex -3.11662 -2.08246 8.14834
      vertex -3.14041 -2.09836 8.03411
      vertex -2.91962 -2.39607 8.03411
    endloop
  endfacet
  facet normal -0.689156 -0.511102 0.513652
    outer loop
      vertex -2.78111 -2.2824 8.46668
      vertex -2.99143 -1.99881 8.46668
      vertex -2.82791 -2.3208 8.36568
    endloop
  endfacet
  facet normal -0.632713 -0.226406 0.74055
    outer loop
      vertex -3.10541 -1.2863 8.72761
      vertex -3.30004 -1.00105 8.64853
      vertex -3.18602 -1.31969 8.64853
    endloop
  endfacet
  facet normal -0.595479 -0.441646 0.671083
    outer loop
      vertex -2.86735 -1.9159 8.64853
      vertex -2.9331 -1.95984 8.56127
      vertex -2.72688 -2.23789 8.56127
    endloop
  endfacet
  facet normal -0.735928 -0.441085 0.513667
    outer loop
      vertex -2.99143 -1.99881 8.46668
      vertex -3.17294 -1.69597 8.46668
      vertex -3.04177 -2.03244 8.36568
    endloop
  endfacet
  facet normal -0.645432 -0.478674 0.595221
    outer loop
      vertex -2.9331 -1.95984 8.56127
      vertex -2.99143 -1.99881 8.46668
      vertex -2.78111 -2.2824 8.46668
    endloop
  endfacet
  facet normal -0.794872 -0.117918 0.59521
    outer loop
      vertex -3.51063 -0.345766 8.56127
      vertex -3.52863 -0.701888 8.46668
      vertex -3.45983 -0.688203 8.56127
    endloop
  endfacet
  facet normal -0.968938 -0.047603 0.24268
    outer loop
      vertex -3.74833 0 8.14834
      vertex -3.77694 0 8.03411
      vertex -3.73028 -0.3674 8.14834
    endloop
  endfacet
  facet normal -0.77555 -0.464856 0.42712
    outer loop
      vertex -3.04177 -2.03244 8.36568
      vertex -3.22634 -1.72451 8.36568
      vertex -3.08363 -2.06042 8.25922
    endloop
  endfacet
  facet normal -0.848471 -0.50857 0.146467
    outer loop
      vertex -3.33097 -1.78044 8.03411
      vertex -3.3462 -1.78858 7.91762
      vertex -3.14041 -2.09836 8.03411
    endloop
  endfacet
  facet normal -0.913385 -0.326834 0.242708
    outer loop
      vertex -3.58693 -1.08808 8.14834
      vertex -3.61431 -1.09639 8.03411
      vertex -3.463 -1.43442 8.14834
    endloop
  endfacet
  facet normal -0.807699 -0.484118 0.33653
    outer loop
      vertex -3.27074 -1.74825 8.25922
      vertex -3.30573 -1.76695 8.14834
      vertex -3.11662 -2.08246 8.14834
    endloop
  endfacet
  facet normal -0.802604 -0.0394198 0.595209
    outer loop
      vertex -3.51063 -0.345766 8.56127
      vertex -3.59776 0 8.46668
      vertex -3.58044 -0.352642 8.46668
    endloop
  endfacet
  facet normal -0.719181 -0.180156 0.671061
    outer loop
      vertex -3.30004 -1.00105 8.64853
      vertex -3.45983 -0.688203 8.56127
      vertex -3.37571 -1.02401 8.56127
    endloop
  endfacet
  facet normal -0.894413 -0.132692 0.427105
    outer loop
      vertex -3.58801 -0.713699 8.36568
      vertex -3.6908 -0.363511 8.25922
      vertex -3.63739 -0.723522 8.25922
    endloop
  endfacet
  facet normal -0.589675 -0.0874541 0.802892
    outer loop
      vertex -3.25095 -0.32019 8.79776
      vertex -3.34509 -0.329462 8.72761
      vertex -3.20392 -0.637298 8.79776
    endloop
  endfacet
  facet normal -0.697996 -0.249766 0.671132
    outer loop
      vertex -3.18602 -1.31969 8.64853
      vertex -3.30004 -1.00105 8.64853
      vertex -3.25909 -1.34996 8.56127
    endloop
  endfacet
  facet normal -0.664736 -0.0985907 0.740544
    outer loop
      vertex -3.34509 -0.329462 8.72761
      vertex -3.43192 -0.338015 8.64853
      vertex -3.38227 -0.672774 8.64853
    endloop
  endfacet
  facet normal 0.240352 -0.959555 0.146576
    outer loop
      vertex 1.09639 -3.61431 8.03411
      vertex 0.736844 -3.70437 8.03411
      vertex 0.740215 -3.72132 7.91762
    endloop
  endfacet
  facet normal 0.047603 -0.968938 0.24268
    outer loop
      vertex 0 -3.74833 8.14834
      vertex 0 -3.77694 8.03411
      vertex 0.3674 -3.73028 8.14834
    endloop
  endfacet
  facet normal -0.173343 -0.484465 0.857465
    outer loop
      vertex -0.918947 -3.02936 8.8583
      vertex -1.25011 -3.01802 8.79776
      vertex -0.948268 -3.12602 8.79776
    endloop
  endfacet
  facet normal -0.0165457 -0.336817 0.941425
    outer loop
      vertex 0 -2.94834 8.94833
      vertex -0.299855 -3.04449 8.90866
      vertex 0 -3.05922 8.90866
    endloop
  endfacet
  facet normal -0.589261 -0.79455 0.146498
    outer loop
      vertex -2.39607 -2.91962 8.03411
      vertex -2.40703 -2.93297 7.91762
      vertex -2.09836 -3.14041 8.03411
    endloop
  endfacet
  facet normal -0.57788 -0.779183 0.242754
    outer loop
      vertex -2.37791 -2.8975 8.14834
      vertex -2.39607 -2.91962 8.03411
      vertex -2.08246 -3.11662 8.14834
    endloop
  endfacet
  facet normal -0.513468 -0.85671 0.048975
    outer loop
      vertex -2.10796 -3.15478 7.91762
      vertex -2.11117 -3.15958 7.8
      vertex -1.78858 -3.3462 7.91762
    endloop
  endfacet
  facet normal -0.228786 -0.913449 0.336553
    outer loop
      vertex -1.07657 -3.54896 8.25922
      vertex -1.08808 -3.58693 8.14834
      vertex -0.731262 -3.6763 8.14834
    endloop
  endfacet
  facet normal -0.441646 -0.595479 0.671083
    outer loop
      vertex -1.9159 -2.86735 8.64853
      vertex -2.23789 -2.72688 8.56127
      vertex -1.95984 -2.9331 8.56127
    endloop
  endfacet
  facet normal -0.249757 -0.698065 0.671064
    outer loop
      vertex -1.00105 -3.30004 8.64853
      vertex -1.34996 -3.25909 8.56127
      vertex -1.02401 -3.37571 8.56127
    endloop
  endfacet
  facet normal -0.497869 -0.54933 0.671091
    outer loop
      vertex -2.43848 -2.43848 8.64853
      vertex -2.4944 -2.4944 8.56127
      vertex -2.23789 -2.72688 8.56127
    endloop
  endfacet
  facet normal -0.451279 -0.497922 0.740555
    outer loop
      vertex -2.13237 -2.5983 8.72761
      vertex -2.43848 -2.43848 8.64853
      vertex -2.18772 -2.66575 8.64853
    endloop
  endfacet
  facet normal -0.163281 -0.651844 0.740567
    outer loop
      vertex -0.975725 -3.21654 8.72761
      vertex -1.00105 -3.30004 8.64853
      vertex -0.672774 -3.38227 8.64853
    endloop
  endfacet
  facet normal -0.254886 -0.538925 0.802865
    outer loop
      vertex -1.25011 -3.01802 8.79776
      vertex -1.58449 -2.96438 8.72761
      vertex -1.2863 -3.10541 8.72761
    endloop
  endfacet
  facet normal -0.381121 -0.635888 0.671114
    outer loop
      vertex -1.62562 -3.04133 8.64853
      vertex -1.9159 -2.86735 8.64853
      vertex -1.6629 -3.11108 8.56127
    endloop
  endfacet
  facet normal -0.144208 -0.40303 0.903754
    outer loop
      vertex -1.17071 -2.82635 8.90866
      vertex -1.21145 -2.9247 8.8583
      vertex -0.918947 -3.02936 8.8583
    endloop
  endfacet
  facet normal -0.345559 -0.381269 0.857451
    outer loop
      vertex -2.23847 -2.23847 8.8583
      vertex -2.30989 -2.30989 8.79776
      vertex -2.00828 -2.4471 8.8583
    endloop
  endfacet
  facet normal -0.413285 -0.306517 0.857463
    outer loop
      vertex -2.4471 -2.00828 8.8583
      vertex -2.71615 -1.81487 8.79776
      vertex -2.52518 -2.07236 8.79776
    endloop
  endfacet
  facet normal 0.146559 -0.987987 0.049003
    outer loop
      vertex 0.741343 -3.72698 7.8
      vertex 0.371899 -3.77595 7.91762
      vertex 0.372464 -3.7817 7.8
    endloop
  endfacet
  facet normal 0.146736 -0.989176 0
    outer loop
      vertex 0.372464 -3.7817 4
      vertex 0.741343 -3.72698 7.8
      vertex 0.372464 -3.7817 7.8
    endloop
  endfacet
  facet normal 0.146736 -0.989176 0
    outer loop
      vertex 0.741343 -3.72698 7.8
      vertex 0.372464 -3.7817 4
      vertex 0.741343 -3.72698 4
    endloop
  endfacet
  facet normal 0.145134 -0.978494 0.146577
    outer loop
      vertex 0.736844 -3.70437 8.03411
      vertex 0.371899 -3.77595 7.91762
      vertex 0.740215 -3.72132 7.91762
    endloop
  endfacet
  facet normal -0.538616 -0.726262 0.427126
    outer loop
      vertex -2.03244 -3.04177 8.36568
      vertex -2.35275 -2.86683 8.25922
      vertex -2.06042 -3.08363 8.25922
    endloop
  endfacet
  facet normal -0.632392 -0.697696 0.336601
    outer loop
      vertex -2.62241 -2.62241 8.25922
      vertex -2.65047 -2.65047 8.14834
      vertex -2.35275 -2.86683 8.25922
    endloop
  endfacet
  facet normal -0.779183 -0.57788 0.242754
    outer loop
      vertex -2.8975 -2.37791 8.14834
      vertex -3.11662 -2.08246 8.14834
      vertex -2.91962 -2.39607 8.03411
    endloop
  endfacet
  facet normal -0.66432 -0.732935 0.146575
    outer loop
      vertex -2.6707 -2.6707 8.03411
      vertex -2.68292 -2.68292 7.91762
      vertex -2.39607 -2.91962 8.03411
    endloop
  endfacet
  facet normal -0.732935 -0.66432 0.146575
    outer loop
      vertex -2.6707 -2.6707 8.03411
      vertex -2.91962 -2.39607 8.03411
      vertex -2.68292 -2.68292 7.91762
    endloop
  endfacet
  facet normal -0.856692 -0.51349 0.0490644
    outer loop
      vertex -3.3462 -1.78858 7.91762
      vertex -3.3513 -1.79131 7.8
      vertex -3.15958 -2.11117 7.8
    endloop
  endfacet
  facet normal -0.66431 -0.73296 0.146501
    outer loop
      vertex -2.39607 -2.91962 8.03411
      vertex -2.68292 -2.68292 7.91762
      vertex -2.40703 -2.93297 7.91762
    endloop
  endfacet
  facet normal -0.333248 0.931388 0.146497
    outer loop
      vertex -1.1014 3.63084 7.91762
      vertex -1.45199 3.5054 7.91762
      vertex -1.09639 3.61431 8.03411
    endloop
  endfacet
  facet normal -0.427038 0.902902 0.0490615
    outer loop
      vertex -1.4542 3.51074 7.8
      vertex -1.79131 3.3513 7.8
      vertex -1.78858 3.3462 7.91762
    endloop
  endfacet
  facet normal -0.978494 0.145134 0.146577
    outer loop
      vertex -3.72132 0.740215 7.91762
      vertex -3.77595 0.371899 7.91762
      vertex -3.70437 0.736844 8.03411
    endloop
  endfacet
  facet normal -0.876957 0.414757 0.242741
    outer loop
      vertex -3.30573 1.76695 8.14834
      vertex -3.48944 1.44537 8.03411
      vertex -3.463 1.43442 8.14834
    endloop
  endfacet
  facet normal -0.894224 0.422949 0.146551
    outer loop
      vertex -3.3462 1.78858 7.91762
      vertex -3.5054 1.45199 7.91762
      vertex -3.48944 1.44537 8.03411
    endloop
  endfacet
  facet normal -0.902898 0.427052 0.049016
    outer loop
      vertex -3.3462 1.78858 7.91762
      vertex -3.51074 1.4542 7.8
      vertex -3.5054 1.45199 7.91762
    endloop
  endfacet
  facet normal -0.671542 -0.740967 0
    outer loop
      vertex -2.68701 -2.68701 4
      vertex -2.41069 -2.93744 7.8
      vertex -2.68701 -2.68701 7.8
    endloop
  endfacet
  facet normal -0.671542 -0.740967 -0
    outer loop
      vertex -2.41069 -2.93744 7.8
      vertex -2.68701 -2.68701 4
      vertex -2.41069 -2.93744 4
    endloop
  endfacet
  facet normal -0.848475 0.508533 0.146575
    outer loop
      vertex -3.15478 2.10796 7.91762
      vertex -3.3462 1.78858 7.91762
      vertex -3.14041 2.09836 8.03411
    endloop
  endfacet
  facet normal -0.73296 0.66431 0.146501
    outer loop
      vertex -2.68292 2.68292 7.91762
      vertex -2.93297 2.40703 7.91762
      vertex -2.91962 2.39607 8.03411
    endloop
  endfacet
  facet normal -0.79455 0.589261 0.146498
    outer loop
      vertex -2.93297 2.40703 7.91762
      vertex -3.14041 2.09836 8.03411
      vertex -2.91962 2.39607 8.03411
    endloop
  endfacet
  facet normal -0.779183 0.57788 0.242754
    outer loop
      vertex -2.91962 2.39607 8.03411
      vertex -3.11662 2.08246 8.14834
      vertex -2.8975 2.37791 8.14834
    endloop
  endfacet
  facet normal -0.894247 0.42293 0.146468
    outer loop
      vertex -3.3462 1.78858 7.91762
      vertex -3.48944 1.44537 8.03411
      vertex -3.33097 1.78044 8.03411
    endloop
  endfacet
  facet normal -0.876956 0.414753 0.242751
    outer loop
      vertex -3.33097 1.78044 8.03411
      vertex -3.48944 1.44537 8.03411
      vertex -3.30573 1.76695 8.14834
    endloop
  endfacet
  facet normal 0.51349 -0.856692 0.0490644
    outer loop
      vertex 2.11117 -3.15958 7.8
      vertex 1.78858 -3.3462 7.91762
      vertex 1.79131 -3.3513 7.8
    endloop
  endfacet
  facet normal 0.316962 -0.67018 0.671114
    outer loop
      vertex 1.62562 -3.04133 8.64853
      vertex 1.31969 -3.18602 8.64853
      vertex 1.6629 -3.11108 8.56127
    endloop
  endfacet
  facet normal 0.669955 -0.607248 0.427094
    outer loop
      vertex 2.86683 -2.35275 8.25922
      vertex 2.58681 -2.58681 8.36568
      vertex 2.62241 -2.62241 8.25922
    endloop
  endfacet
  facet normal 0.180206 -0.163335 0.969973
    outer loop
      vertex 2.19079 -1.79794 8.97694
      vertex 2.08479 -2.08479 8.94833
      vertex 2.2791 -1.87041 8.94833
    endloop
  endfacet
  facet normal 0.144207 -0.40303 0.903754
    outer loop
      vertex 1.17071 -2.82635 8.90866
      vertex 0.888044 -2.92749 8.90866
      vertex 0.918947 -3.02936 8.8583
    endloop
  endfacet
  facet normal 0.125029 -0.499115 0.857468
    outer loop
      vertex 0.918947 -3.02936 8.8583
      vertex 0.617592 -3.10485 8.8583
      vertex 0.637298 -3.20392 8.79776
    endloop
  endfacet
  facet normal 0.254886 -0.538914 0.802873
    outer loop
      vertex 1.5399 -2.88096 8.79776
      vertex 1.25011 -3.01802 8.79776
      vertex 1.58449 -2.96438 8.72761
    endloop
  endfacet
  facet normal 0.0215543 -0.145315 0.989151
    outer loop
      vertex 0.530181 -2.6654 8.99422
      vertex 0.266373 -2.70453 8.99422
      vertex 0.277791 -2.82046 8.97694
    endloop
  endfacet
  facet normal -0.00720994 -0.146729 0.98915
    outer loop
      vertex 0 -2.71762 8.99422
      vertex -0.277791 -2.82046 8.97694
      vertex 0 -2.83411 8.97694
    endloop
  endfacet
  facet normal -0.00721046 -0.146728 0.989151
    outer loop
      vertex -0.266373 -2.70453 8.99422
      vertex -0.277791 -2.82046 8.97694
      vertex 0 -2.71762 8.99422
    endloop
  endfacet
  facet normal -0.0165497 -0.336807 0.941428
    outer loop
      vertex -0.288987 -2.93414 8.94833
      vertex -0.299855 -3.04449 8.90866
      vertex 0 -2.94834 8.94833
    endloop
  endfacet
  facet normal 0.0165457 -0.336817 0.941425
    outer loop
      vertex 0 -2.94834 8.94833
      vertex 0 -3.05922 8.90866
      vertex 0.299855 -3.04449 8.90866
    endloop
  endfacet
  facet normal -0.126011 0.0755298 0.989149
    outer loop
      vertex -2.35647 1.57455 8.97694
      vertex -2.49946 1.33599 8.97694
      vertex -2.25962 1.50983 8.99422
    endloop
  endfacet
  facet normal 0.13281 -0.0628106 0.989149
    outer loop
      vertex 2.51075 -1.03999 8.99422
      vertex 2.39673 -1.28108 8.99422
      vertex 2.49946 -1.33599 8.97694
    endloop
  endfacet
  facet normal 0.240589 -0.0356843 0.969971
    outer loop
      vertex 2.93414 -0.288987 8.94833
      vertex 2.77965 -0.552907 8.97694
      vertex 2.89169 -0.575192 8.94833
    endloop
  endfacet
  facet normal 0.317164 -0.287478 0.90375
    outer loop
      vertex 2.36481 -1.94075 8.90866
      vertex 2.16319 -2.16319 8.90866
      vertex 2.4471 -2.00828 8.8583
    endloop
  endfacet
  facet normal 0.0819456 -0.327131 0.941419
    outer loop
      vertex 0.855858 -2.82139 8.94833
      vertex 0.596824 -3.00044 8.90866
      vertex 0.888044 -2.92749 8.90866
    endloop
  endfacet
  facet normal 0.345552 -0.381248 0.857463
    outer loop
      vertex 2.30989 -2.30989 8.79776
      vertex 2.00828 -2.4471 8.8583
      vertex 2.07236 -2.52518 8.79776
    endloop
  endfacet
  facet normal 0.306498 -0.413274 0.857475
    outer loop
      vertex 2.00828 -2.4471 8.8583
      vertex 1.75875 -2.63216 8.8583
      vertex 1.81487 -2.71615 8.79776
    endloop
  endfacet
  facet normal 0.807699 -0.484118 0.33653
    outer loop
      vertex 3.27074 -1.74825 8.25922
      vertex 3.11662 -2.08246 8.14834
      vertex 3.30573 -1.76695 8.14834
    endloop
  endfacet
  facet normal 0.876957 -0.414757 0.242741
    outer loop
      vertex 3.463 -1.43442 8.14834
      vertex 3.30573 -1.76695 8.14834
      vertex 3.48944 -1.44537 8.03411
    endloop
  endfacet
  facet normal 0.931377 -0.33326 0.146544
    outer loop
      vertex 3.61431 -1.09639 8.03411
      vertex 3.48944 -1.44537 8.03411
      vertex 3.5054 -1.45199 7.91762
    endloop
  endfacet
  facet normal 0.817378 -0.386576 0.427144
    outer loop
      vertex 3.37983 -1.39997 8.36568
      vertex 3.22634 -1.72451 8.36568
      vertex 3.42635 -1.41924 8.25922
    endloop
  endfacet
  facet normal -0.240589 -0.0356843 0.969971
    outer loop
      vertex -2.77965 -0.552907 8.97694
      vertex -2.93414 -0.288987 8.94833
      vertex -2.89169 -0.575192 8.94833
    endloop
  endfacet
  facet normal -0.336807 0.0165497 0.941428
    outer loop
      vertex -2.93414 0.288987 8.94833
      vertex -3.04449 0.299855 8.90866
      vertex -2.94834 0 8.94833
    endloop
  endfacet
  facet normal -0.228995 0.0819407 0.969973
    outer loop
      vertex -2.72391 1.12828 8.94833
      vertex -2.82139 0.855858 8.94833
      vertex -2.71207 0.822698 8.97694
    endloop
  endfacet
  facet normal -0.138321 0.0494925 0.98915
    outer loop
      vertex -2.61837 1.08457 8.97694
      vertex -2.71207 0.822698 8.97694
      vertex -2.51075 1.03999 8.99422
    endloop
  endfacet
  facet normal -0.538616 0.726262 0.427126
    outer loop
      vertex -2.06042 3.08363 8.25922
      vertex -2.35275 2.86683 8.25922
      vertex -2.03244 3.04177 8.36568
    endloop
  endfacet
  facet normal -0.0024113 -0.0490819 0.998792
    outer loop
      vertex 0 -2.6 9
      vertex -0.254844 -2.58748 9
      vertex 0 -2.71762 8.99422
    endloop
  endfacet
  facet normal -0.366847 0.775613 0.513662
    outer loop
      vertex -1.39997 3.37983 8.36568
      vertex -1.69597 3.17294 8.46668
      vertex -1.3768 3.3239 8.46668
    endloop
  endfacet
  facet normal -0.117918 0.794872 0.59521
    outer loop
      vertex -0.345766 3.51063 8.56127
      vertex -0.701888 3.52863 8.46668
      vertex -0.688203 3.45983 8.56127
    endloop
  endfacet
  facet normal -0.386576 0.817378 0.427144
    outer loop
      vertex -1.41924 3.42635 8.25922
      vertex -1.72451 3.22634 8.36568
      vertex -1.39997 3.37983 8.36568
    endloop
  endfacet
  facet normal -0.343578 0.726417 0.595208
    outer loop
      vertex -1.3768 3.3239 8.46668
      vertex -1.69597 3.17294 8.46668
      vertex -1.34996 3.25909 8.56127
    endloop
  endfacet
  facet normal -0.104012 0.415223 0.903754
    outer loop
      vertex -0.596824 3.00044 8.90866
      vertex -0.918947 3.02936 8.8583
      vertex -0.888044 2.92749 8.90866
    endloop
  endfacet
  facet normal 0.0252597 0.513957 0.857444
    outer loop
      vertex 0 3.26668 8.79776
      vertex 0 3.16568 8.8583
      vertex 0.31029 3.15043 8.8583
    endloop
  endfacet
  facet normal 0.0210013 0.427517 0.903763
    outer loop
      vertex 0 3.16568 8.8583
      vertex 0 3.05922 8.90866
      vertex 0.299855 3.04449 8.90866
    endloop
  endfacet
  facet normal 0.0119373 0.242938 0.969968
    outer loop
      vertex 0.288987 2.93414 8.94833
      vertex 0 2.94834 8.94833
      vertex 0.277791 2.82046 8.97694
    endloop
  endfacet
  facet normal -0.0210013 0.427517 0.903763
    outer loop
      vertex 0 3.16568 8.8583
      vertex -0.299855 3.04449 8.90866
      vertex 0 3.05922 8.90866
    endloop
  endfacet
  facet normal -0.144208 0.40303 0.903754
    outer loop
      vertex -0.918947 3.02936 8.8583
      vertex -1.21145 2.9247 8.8583
      vertex -1.17071 2.82635 8.90866
    endloop
  endfacet
  facet normal -0.125033 0.499119 0.857465
    outer loop
      vertex -0.637298 3.20392 8.79776
      vertex -0.948268 3.12602 8.79776
      vertex -0.918947 3.02936 8.8583
    endloop
  endfacet
  facet normal -0.0252597 0.513957 0.857444
    outer loop
      vertex 0 3.26668 8.79776
      vertex -0.31029 3.15043 8.8583
      vertex 0 3.16568 8.8583
    endloop
  endfacet
  facet normal 0.0420876 0.85692 0.513728
    outer loop
      vertex 0 3.65831 8.36568
      vertex 0 3.59776 8.46668
      vertex 0.352642 3.58044 8.46668
    endloop
  endfacet
  facet normal 0.0485372 0.98801 0.14656
    outer loop
      vertex 0 3.79422 7.91762
      vertex 0 3.77694 8.03411
      vertex 0.371899 3.77595 7.91762
    endloop
  endfacet
  facet normal 0.208467 0.832267 0.513685
    outer loop
      vertex 0.713699 3.58801 8.36568
      vertex 0.701888 3.52863 8.46668
      vertex 1.06195 3.50078 8.36568
    endloop
  endfacet
  facet normal 0.200831 0.56129 0.802882
    outer loop
      vertex 0.975725 3.21654 8.72761
      vertex 0.948268 3.12602 8.79776
      vertex 1.25011 3.01802 8.79776
    endloop
  endfacet
  facet normal 0.226393 0.6327 0.740565
    outer loop
      vertex 1.00105 3.30004 8.64853
      vertex 0.975725 3.21654 8.72761
      vertex 1.2863 3.10541 8.72761
    endloop
  endfacet
  facet normal -0.0985907 0.664736 0.740544
    outer loop
      vertex -0.338015 3.43192 8.64853
      vertex -0.672774 3.38227 8.64853
      vertex -0.329462 3.34509 8.72761
    endloop
  endfacet
  facet normal 0.400347 0.441704 0.802882
    outer loop
      vertex 2.13237 2.5983 8.72761
      vertex 2.07236 2.52518 8.79776
      vertex 2.30989 2.30989 8.79776
    endloop
  endfacet
  facet normal 0.651465 0.718792 0.242758
    outer loop
      vertex 2.39607 2.91962 8.03411
      vertex 2.37791 2.8975 8.14834
      vertex 2.65047 2.65047 8.14834
    endloop
  endfacet
  facet normal 0.264536 0.441353 0.857454
    outer loop
      vertex 1.5399 2.88096 8.79776
      vertex 1.49229 2.79188 8.8583
      vertex 1.81487 2.71615 8.79776
    endloop
  endfacet
  facet normal 0.125033 0.499119 0.857465
    outer loop
      vertex 0.948268 3.12602 8.79776
      vertex 0.637298 3.20392 8.79776
      vertex 0.918947 3.02936 8.8583
    endloop
  endfacet
  facet normal 0.142361 0.959608 0.242663
    outer loop
      vertex 0.370205 3.75875 8.03411
      vertex 0.3674 3.73028 8.14834
      vertex 0.731262 3.6763 8.14834
    endloop
  endfacet
  facet normal 0.414753 0.876956 0.242751
    outer loop
      vertex 1.78044 3.33097 8.03411
      vertex 1.44537 3.48944 8.03411
      vertex 1.76695 3.30573 8.14834
    endloop
  endfacet
  facet normal 0.195258 0.779469 0.595233
    outer loop
      vertex 1.04438 3.44284 8.46668
      vertex 0.688203 3.45983 8.56127
      vertex 1.02401 3.37571 8.56127
    endloop
  endfacet
  facet normal -0.0628106 0.13281 0.989149
    outer loop
      vertex -1.03999 2.51075 8.99422
      vertex -1.33599 2.49946 8.97694
      vertex -1.28108 2.39673 8.99422
    endloop
  endfacet
  facet normal -0.118002 0.0875179 0.989149
    outer loop
      vertex -2.19079 1.79794 8.97694
      vertex -2.35647 1.57455 8.97694
      vertex -2.10075 1.72404 8.99422
    endloop
  endfacet
  facet normal 0.00721097 0.0486107 0.998792
    outer loop
      vertex 0.266373 2.70453 8.99422
      vertex 0.254844 2.58748 9
      vertex 0.507235 2.55004 9
    endloop
  endfacet
  facet normal 0.0875179 0.118002 0.989149
    outer loop
      vertex 1.79794 2.19079 8.97694
      vertex 1.57455 2.35647 8.97694
      vertex 1.72404 2.10075 8.99422
    endloop
  endfacet
  facet normal -0.180233 0.163345 0.969966
    outer loop
      vertex -2.08479 2.08479 8.94833
      vertex -2.19079 1.79794 8.97694
      vertex -2.00402 2.00402 8.97694
    endloop
  endfacet
  facet normal -0.0590954 0.235933 0.969971
    outer loop
      vertex -0.575192 2.89169 8.94833
      vertex -0.855858 2.82139 8.94833
      vertex -0.552907 2.77965 8.97694
    endloop
  endfacet
  facet normal -0.287478 0.317164 0.90375
    outer loop
      vertex -2.00828 2.4471 8.8583
      vertex -2.16319 2.16319 8.90866
      vertex -1.94075 2.36481 8.90866
    endloop
  endfacet
  facet normal -0.219698 0.877106 0.427105
    outer loop
      vertex -0.723522 3.63739 8.25922
      vertex -1.06195 3.50078 8.36568
      vertex -0.713699 3.58801 8.36568
    endloop
  endfacet
  facet normal -0.208467 0.832267 0.513685
    outer loop
      vertex -0.713699 3.58801 8.36568
      vertex -1.06195 3.50078 8.36568
      vertex -0.701888 3.52863 8.46668
    endloop
  endfacet
  facet normal -0.513468 0.85671 0.048975
    outer loop
      vertex -1.78858 3.3462 7.91762
      vertex -2.11117 3.15958 7.8
      vertex -2.10796 3.15478 7.91762
    endloop
  endfacet
  facet normal -0.326834 0.913385 0.242708
    outer loop
      vertex -1.09639 3.61431 8.03411
      vertex -1.43442 3.463 8.14834
      vertex -1.08808 3.58693 8.14834
    endloop
  endfacet
  facet normal -0.50857 0.848471 0.146467
    outer loop
      vertex -1.78858 3.3462 7.91762
      vertex -2.09836 3.14041 8.03411
      vertex -1.78044 3.33097 8.03411
    endloop
  endfacet
  facet normal -0.414757 0.876957 0.242741
    outer loop
      vertex -1.44537 3.48944 8.03411
      vertex -1.76695 3.30573 8.14834
      vertex -1.43442 3.463 8.14834
    endloop
  endfacet
  facet normal -0.484118 0.807699 0.33653
    outer loop
      vertex -1.76695 3.30573 8.14834
      vertex -2.08246 3.11662 8.14834
      vertex -1.74825 3.27074 8.25922
    endloop
  endfacet
  facet normal -0.651465 0.718792 0.242758
    outer loop
      vertex -2.39607 2.91962 8.03411
      vertex -2.65047 2.65047 8.14834
      vertex -2.37791 2.8975 8.14834
    endloop
  endfacet
  facet normal -0.669955 0.607248 0.427094
    outer loop
      vertex -2.62241 2.62241 8.25922
      vertex -2.86683 2.35275 8.25922
      vertex -2.58681 2.58681 8.36568
    endloop
  endfacet
  facet normal -0.56094 0.756364 0.33654
    outer loop
      vertex -2.08246 3.11662 8.14834
      vertex -2.35275 2.86683 8.25922
      vertex -2.06042 3.08363 8.25922
    endloop
  endfacet
  facet normal -0.589261 0.79455 0.146498
    outer loop
      vertex -2.09836 3.14041 8.03411
      vertex -2.40703 2.93297 7.91762
      vertex -2.39607 2.91962 8.03411
    endloop
  endfacet
  facet normal -0.66431 0.73296 0.146501
    outer loop
      vertex -2.40703 2.93297 7.91762
      vertex -2.68292 2.68292 7.91762
      vertex -2.39607 2.91962 8.03411
    endloop
  endfacet
  facet normal -0.607213 0.669949 0.427154
    outer loop
      vertex -2.35275 2.86683 8.25922
      vertex -2.58681 2.58681 8.36568
      vertex -2.3208 2.82791 8.36568
    endloop
  endfacet
  facet normal -0.539644 0.595424 0.595193
    outer loop
      vertex -2.23789 2.72688 8.56127
      vertex -2.544 2.544 8.46668
      vertex -2.4944 2.4944 8.56127
    endloop
  endfacet
  facet normal -0.345559 0.381269 0.857451
    outer loop
      vertex -2.00828 2.4471 8.8583
      vertex -2.30989 2.30989 8.79776
      vertex -2.23847 2.23847 8.8583
    endloop
  endfacet
  facet normal -0.47882 0.355122 0.802882
    outer loop
      vertex -2.5983 2.13237 8.72761
      vertex -2.71615 1.81487 8.79776
      vertex -2.52518 2.07236 8.79776
    endloop
  endfacet
  facet normal -0.576394 0.345474 0.740552
    outer loop
      vertex -2.7948 1.86742 8.72761
      vertex -3.04133 1.62562 8.64853
      vertex -2.96438 1.58449 8.72761
    endloop
  endfacet
  facet normal -0.595477 0.441646 0.671085
    outer loop
      vertex -2.72688 2.23789 8.56127
      vertex -2.86735 1.9159 8.64853
      vertex -2.66575 2.18772 8.64853
    endloop
  endfacet
  facet normal -0.441353 0.264536 0.857454
    outer loop
      vertex -2.71615 1.81487 8.79776
      vertex -2.88096 1.5399 8.79776
      vertex -2.79188 1.49229 8.8583
    endloop
  endfacet
  facet normal -0.441315 0.264531 0.857475
    outer loop
      vertex -2.71615 1.81487 8.79776
      vertex -2.79188 1.49229 8.8583
      vertex -2.63216 1.75875 8.8583
    endloop
  endfacet
  facet normal -0.343824 0.254992 0.90375
    outer loop
      vertex -2.4471 2.00828 8.8583
      vertex -2.63216 1.75875 8.8583
      vertex -2.36481 1.94075 8.90866
    endloop
  endfacet
  facet normal -0.317148 0.287444 0.903766
    outer loop
      vertex -2.23847 2.23847 8.8583
      vertex -2.4471 2.00828 8.8583
      vertex -2.16319 2.16319 8.90866
    endloop
  endfacet
  facet normal -0.607485 0.287311 0.74055
    outer loop
      vertex -3.04133 1.62562 8.64853
      vertex -3.18602 1.31969 8.64853
      vertex -3.10541 1.2863 8.72761
    endloop
  endfacet
  facet normal -0.539747 0.400312 0.740556
    outer loop
      vertex -2.66575 2.18772 8.64853
      vertex -2.86735 1.9159 8.64853
      vertex -2.5983 2.13237 8.72761
    endloop
  endfacet
  facet normal 0.802242 0.594985 0.0490024
    outer loop
      vertex 2.93744 2.41069 7.8
      vertex 2.93297 2.40703 7.91762
      vertex 3.15958 2.11117 7.8
    endloop
  endfacet
  facet normal 0.66431 0.73296 0.146501
    outer loop
      vertex 2.40703 2.93297 7.91762
      vertex 2.39607 2.91962 8.03411
      vertex 2.68292 2.68292 7.91762
    endloop
  endfacet
  facet normal 0.126011 0.0755298 0.989149
    outer loop
      vertex 2.49946 1.33599 8.97694
      vertex 2.25962 1.50983 8.99422
      vertex 2.39673 1.28108 8.99422
    endloop
  endfacet
  facet normal 0.538616 0.726248 0.42715
    outer loop
      vertex 2.35275 2.86683 8.25922
      vertex 2.03244 3.04177 8.36568
      vertex 2.3208 2.82791 8.36568
    endloop
  endfacet
  facet normal 0.779198 -0.577875 0.242715
    outer loop
      vertex 3.11662 -2.08246 8.14834
      vertex 2.91962 -2.39607 8.03411
      vertex 3.14041 -2.09836 8.03411
    endloop
  endfacet
  facet normal 0.464856 -0.775555 0.427112
    outer loop
      vertex 2.06042 -3.08363 8.25922
      vertex 1.72451 -3.22634 8.36568
      vertex 1.74825 -3.27074 8.25922
    endloop
  endfacet
  facet normal 0.422949 -0.894224 0.146551
    outer loop
      vertex 1.78858 -3.3462 7.91762
      vertex 1.44537 -3.48944 8.03411
      vertex 1.45199 -3.5054 7.91762
    endloop
  endfacet
  facet normal 0.0490731 -0.998795 0
    outer loop
      vertex 0 -3.8 4
      vertex 0.372464 -3.7817 7.8
      vertex 0 -3.8 7.8
    endloop
  endfacet
  facet normal 0.0490731 -0.998795 0
    outer loop
      vertex 0.372464 -3.7817 7.8
      vertex 0 -3.8 4
      vertex 0.372464 -3.7817 4
    endloop
  endfacet
  facet normal 0.33326 0.931377 0.146544
    outer loop
      vertex 1.45199 3.5054 7.91762
      vertex 1.09639 3.61431 8.03411
      vertex 1.44537 3.48944 8.03411
    endloop
  endfacet
  facet normal 0.42293 0.894247 0.146468
    outer loop
      vertex 1.78858 3.3462 7.91762
      vertex 1.44537 3.48944 8.03411
      vertex 1.78044 3.33097 8.03411
    endloop
  endfacet
  facet normal 0.50857 0.848471 0.146467
    outer loop
      vertex 1.78858 3.3462 7.91762
      vertex 1.78044 3.33097 8.03411
      vertex 2.09836 3.14041 8.03411
    endloop
  endfacet
  facet normal 0.651498 0.718789 0.242676
    outer loop
      vertex 2.6707 2.6707 8.03411
      vertex 2.39607 2.91962 8.03411
      vertex 2.65047 2.65047 8.14834
    endloop
  endfacet
  facet normal 0.802238 0.594992 0.0489769
    outer loop
      vertex 3.15958 2.11117 7.8
      vertex 2.93297 2.40703 7.91762
      vertex 3.15478 2.10796 7.91762
    endloop
  endfacet
  facet normal 0.733317 0.108786 0.671127
    outer loop
      vertex 3.45983 0.688203 8.56127
      vertex 3.43192 0.338015 8.64853
      vertex 3.51063 0.345766 8.56127
    endloop
  endfacet
  facet normal 0.941546 0.336883 0
    outer loop
      vertex 3.63637 1.10308 7.8
      vertex 3.51074 1.4542 4
      vertex 3.51074 1.4542 7.8
    endloop
  endfacet
  facet normal 0.941546 0.336883 0
    outer loop
      vertex 3.51074 1.4542 4
      vertex 3.63637 1.10308 7.8
      vertex 3.63637 1.10308 4
    endloop
  endfacet
  facet normal 0.664736 -0.0985907 0.740544
    outer loop
      vertex 3.43192 -0.338015 8.64853
      vertex 3.34509 -0.329462 8.72761
      vertex 3.38227 -0.672774 8.64853
    endloop
  endfacet
  facet normal 0.671199 0.0329629 0.740544
    outer loop
      vertex 3.43192 0.338015 8.64853
      vertex 3.34509 0.329462 8.72761
      vertex 3.36127 0 8.72761
    endloop
  endfacet
  facet normal 0.877102 -0.219693 0.427115
    outer loop
      vertex 3.63739 -0.723522 8.25922
      vertex 3.50078 -1.06195 8.36568
      vertex 3.54896 -1.07657 8.25922
    endloop
  endfacet
  facet normal 0.978493 -0.14513 0.146587
    outer loop
      vertex 3.75875 -0.370205 8.03411
      vertex 3.70437 -0.736844 8.03411
      vertex 3.77595 -0.371899 7.91762
    endloop
  endfacet
  facet normal 0.50857 -0.848471 0.146467
    outer loop
      vertex 2.09836 -3.14041 8.03411
      vertex 1.78044 -3.33097 8.03411
      vertex 1.78858 -3.3462 7.91762
    endloop
  endfacet
  facet normal 0.589273 -0.794527 0.146574
    outer loop
      vertex 2.40703 -2.93297 7.91762
      vertex 2.09836 -3.14041 8.03411
      vertex 2.10796 -3.15478 7.91762
    endloop
  endfacet
  facet normal 0.877106 -0.219698 0.427105
    outer loop
      vertex 3.58801 -0.713699 8.36568
      vertex 3.50078 -1.06195 8.36568
      vertex 3.63739 -0.723522 8.25922
    endloop
  endfacet
  facet normal 0.441704 -0.400347 0.802882
    outer loop
      vertex 2.52518 -2.07236 8.79776
      vertex 2.30989 -2.30989 8.79776
      vertex 2.5983 -2.13237 8.72761
    endloop
  endfacet
  facet normal -0.304849 0.14418 0.941424
    outer loop
      vertex -2.69799 1.44211 8.90866
      vertex -2.82635 1.17071 8.90866
      vertex -2.72391 1.12828 8.94833
    endloop
  endfacet
  facet normal -0.195349 0.144883 0.969973
    outer loop
      vertex -2.2791 1.87041 8.94833
      vertex -2.35647 1.57455 8.97694
      vertex -2.19079 1.79794 8.97694
    endloop
  endfacet
  facet normal -0.968938 0.047603 0.24268
    outer loop
      vertex -3.73028 0.3674 8.14834
      vertex -3.77694 0 8.03411
      vertex -3.74833 0 8.14834
    endloop
  endfacet
  facet normal -0.95959 0.142327 0.242757
    outer loop
      vertex -3.70437 0.736844 8.03411
      vertex -3.75875 0.370205 8.03411
      vertex -3.6763 0.731262 8.14834
    endloop
  endfacet
  facet normal -0.415219 0.104013 0.903756
    outer loop
      vertex -3.02936 0.918947 8.8583
      vertex -3.10485 0.617592 8.8583
      vertex -3.00044 0.596824 8.90866
    endloop
  endfacet
  facet normal -0.40303 0.144207 0.903754
    outer loop
      vertex -2.82635 1.17071 8.90866
      vertex -3.02936 0.918947 8.8583
      vertex -2.92749 0.888044 8.90866
    endloop
  endfacet
  facet normal -0.145315 0.0215543 0.989151
    outer loop
      vertex -2.6654 0.530181 8.99422
      vertex -2.82046 0.277791 8.97694
      vertex -2.70453 0.266373 8.99422
    endloop
  endfacet
  facet normal -0.336817 -0.0165457 0.941425
    outer loop
      vertex -2.94834 0 8.94833
      vertex -3.05922 0 8.90866
      vertex -3.04449 -0.299855 8.90866
    endloop
  endfacet
  facet normal -0.386958 0.183007 0.903754
    outer loop
      vertex -2.79188 1.49229 8.8583
      vertex -2.9247 1.21145 8.8583
      vertex -2.82635 1.17071 8.90866
    endloop
  endfacet
  facet normal -0.327131 0.0819456 0.941419
    outer loop
      vertex -2.92749 0.888044 8.90866
      vertex -3.00044 0.596824 8.90866
      vertex -2.82139 0.855858 8.94833
    endloop
  endfacet
  facet normal -0.427517 -0.0210013 0.903763
    outer loop
      vertex -3.05922 0 8.90866
      vertex -3.16568 0 8.8583
      vertex -3.04449 -0.299855 8.90866
    endloop
  endfacet
  facet normal -0.56129 -0.200831 0.802882
    outer loop
      vertex -3.12602 -0.948268 8.79776
      vertex -3.21654 -0.975725 8.72761
      vertex -3.01802 -1.25011 8.79776
    endloop
  endfacet
  facet normal -0.146729 -0.00720994 0.98915
    outer loop
      vertex -2.71762 0 8.99422
      vertex -2.83411 0 8.97694
      vertex -2.82046 -0.277791 8.97694
    endloop
  endfacet
  facet normal -0.146728 0.00721046 0.989151
    outer loop
      vertex -2.70453 0.266373 8.99422
      vertex -2.82046 0.277791 8.97694
      vertex -2.71762 0 8.99422
    endloop
  endfacet
  facet normal -0.415219 -0.104013 0.903756
    outer loop
      vertex -3.00044 -0.596824 8.90866
      vertex -3.10485 -0.617592 8.8583
      vertex -3.02936 -0.918947 8.8583
    endloop
  endfacet
  facet normal -0.142508 -0.035697 0.98915
    outer loop
      vertex -2.6006 -0.788883 8.99422
      vertex -2.77965 -0.552907 8.97694
      vertex -2.71207 -0.822698 8.97694
    endloop
  endfacet
  facet normal -0.0875179 -0.118002 0.989149
    outer loop
      vertex -1.72404 -2.10075 8.99422
      vertex -1.79794 -2.19079 8.97694
      vertex -1.57455 -2.35647 8.97694
    endloop
  endfacet
  facet normal -0.118002 -0.0875179 0.989149
    outer loop
      vertex -2.10075 -1.72404 8.99422
      vertex -2.35647 -1.57455 8.97694
      vertex -2.19079 -1.79794 8.97694
    endloop
  endfacet
  facet normal -0.163335 -0.180206 0.969973
    outer loop
      vertex -1.79794 -2.19079 8.97694
      vertex -2.08479 -2.08479 8.94833
      vertex -1.87041 -2.2791 8.94833
    endloop
  endfacet
  facet normal -0.264531 -0.441315 0.857475
    outer loop
      vertex -1.75875 -2.63216 8.8583
      vertex -1.81487 -2.71615 8.79776
      vertex -1.49229 -2.79188 8.8583
    endloop
  endfacet
  facet normal -0.0590954 -0.235933 0.969971
    outer loop
      vertex -0.552907 -2.77965 8.97694
      vertex -0.855858 -2.82139 8.94833
      vertex -0.575192 -2.89169 8.94833
    endloop
  endfacet
  facet normal -0.894224 -0.422949 0.146551
    outer loop
      vertex -3.48944 -1.44537 8.03411
      vertex -3.5054 -1.45199 7.91762
      vertex -3.3462 -1.78858 7.91762
    endloop
  endfacet
  facet normal -0.931388 -0.333248 0.146497
    outer loop
      vertex -3.61431 -1.09639 8.03411
      vertex -3.63084 -1.1014 7.91762
      vertex -3.5054 -1.45199 7.91762
    endloop
  endfacet
  facet normal -0.913449 -0.228786 0.336553
    outer loop
      vertex -3.54896 -1.07657 8.25922
      vertex -3.6763 -0.731262 8.14834
      vertex -3.58693 -1.08808 8.14834
    endloop
  endfacet
  facet normal -0.877106 -0.219698 0.427105
    outer loop
      vertex -3.58801 -0.713699 8.36568
      vertex -3.63739 -0.723522 8.25922
      vertex -3.50078 -1.06195 8.36568
    endloop
  endfacet
  facet normal -0.931377 -0.33326 0.146544
    outer loop
      vertex -3.48944 -1.44537 8.03411
      vertex -3.61431 -1.09639 8.03411
      vertex -3.5054 -1.45199 7.91762
    endloop
  endfacet
  facet normal -0.95956 -0.240378 0.1465
    outer loop
      vertex -3.61431 -1.09639 8.03411
      vertex -3.72132 -0.740215 7.91762
      vertex -3.63084 -1.1014 7.91762
    endloop
  endfacet
  facet normal -0.138323 -0.0494941 0.98915
    outer loop
      vertex -2.6006 -0.788883 8.99422
      vertex -2.71207 -0.822698 8.97694
      vertex -2.51075 -1.03999 8.99422
    endloop
  endfacet
  facet normal -0.208626 -0.125048 0.969968
    outer loop
      vertex -2.49946 -1.33599 8.97694
      vertex -2.6002 -1.38984 8.94833
      vertex -2.35647 -1.57455 8.97694
    endloop
  endfacet
  facet normal -0.635888 -0.381121 0.671114
    outer loop
      vertex -3.04133 -1.62562 8.64853
      vertex -3.11108 -1.6629 8.56127
      vertex -2.86735 -1.9159 8.64853
    endloop
  endfacet
  facet normal -0.539747 -0.400312 0.740556
    outer loop
      vertex -2.5983 -2.13237 8.72761
      vertex -2.86735 -1.9159 8.64853
      vertex -2.66575 -2.18772 8.64853
    endloop
  endfacet
  facet normal -0.726431 -0.343577 0.595191
    outer loop
      vertex -3.11108 -1.6629 8.56127
      vertex -3.25909 -1.34996 8.56127
      vertex -3.17294 -1.69597 8.46668
    endloop
  endfacet
  facet normal -0.67016 -0.316963 0.671133
    outer loop
      vertex -3.18602 -1.31969 8.64853
      vertex -3.25909 -1.34996 8.56127
      vertex -3.11108 -1.6629 8.56127
    endloop
  endfacet
  facet normal -0.807693 -0.484119 0.336542
    outer loop
      vertex -3.08363 -2.06042 8.25922
      vertex -3.27074 -1.74825 8.25922
      vertex -3.11662 -2.08246 8.14834
    endloop
  endfacet
  facet normal -0.735893 -0.441087 0.513716
    outer loop
      vertex -3.17294 -1.69597 8.46668
      vertex -3.22634 -1.72451 8.36568
      vertex -3.04177 -2.03244 8.36568
    endloop
  endfacet
  facet normal -0.635725 -0.576211 0.513648
    outer loop
      vertex -2.78111 -2.2824 8.46668
      vertex -2.82791 -2.3208 8.36568
      vertex -2.544 -2.544 8.46668
    endloop
  endfacet
  facet normal -0.689242 -0.413104 0.595223
    outer loop
      vertex -2.9331 -1.95984 8.56127
      vertex -3.17294 -1.69597 8.46668
      vertex -2.99143 -1.99881 8.46668
    endloop
  endfacet
  facet normal -0.851277 -0.402611 0.336498
    outer loop
      vertex -3.42635 -1.41924 8.25922
      vertex -3.463 -1.43442 8.14834
      vertex -3.30573 -1.76695 8.14834
    endloop
  endfacet
  facet normal -0.968942 -0.0476089 0.242662
    outer loop
      vertex -3.73028 -0.3674 8.14834
      vertex -3.77694 0 8.03411
      vertex -3.75875 -0.370205 8.03411
    endloop
  endfacet
  facet normal -0.931484 -0.138192 0.336512
    outer loop
      vertex -3.6908 -0.363511 8.25922
      vertex -3.73028 -0.3674 8.14834
      vertex -3.63739 -0.723522 8.25922
    endloop
  endfacet
  facet normal -0.931481 -0.138188 0.336522
    outer loop
      vertex -3.63739 -0.723522 8.25922
      vertex -3.73028 -0.3674 8.14834
      vertex -3.6763 -0.731262 8.14834
    endloop
  endfacet
  facet normal -0.940548 0.0462082 0.336504
    outer loop
      vertex -3.73028 0.3674 8.14834
      vertex -3.74833 0 8.14834
      vertex -3.70866 0 8.25922
    endloop
  endfacet
  facet normal -0.913457 0.228799 0.336522
    outer loop
      vertex -3.54896 1.07657 8.25922
      vertex -3.6763 0.731262 8.14834
      vertex -3.63739 0.723522 8.25922
    endloop
  endfacet
  facet normal -0.83208 -0.498731 0.242712
    outer loop
      vertex -3.11662 -2.08246 8.14834
      vertex -3.30573 -1.76695 8.14834
      vertex -3.14041 -2.09836 8.03411
    endloop
  endfacet
  facet normal -0.876956 -0.414753 0.242751
    outer loop
      vertex -3.30573 -1.76695 8.14834
      vertex -3.48944 -1.44537 8.03411
      vertex -3.33097 -1.78044 8.03411
    endloop
  endfacet
  facet normal -0.894247 -0.42293 0.146468
    outer loop
      vertex -3.33097 -1.78044 8.03411
      vertex -3.48944 -1.44537 8.03411
      vertex -3.3462 -1.78858 7.91762
    endloop
  endfacet
  facet normal -0.817378 -0.386576 0.427144
    outer loop
      vertex -3.37983 -1.39997 8.36568
      vertex -3.42635 -1.41924 8.25922
      vertex -3.22634 -1.72451 8.36568
    endloop
  endfacet
  facet normal -0.851325 -0.30462 0.427143
    outer loop
      vertex -3.37983 -1.39997 8.36568
      vertex -3.50078 -1.06195 8.36568
      vertex -3.42635 -1.41924 8.25922
    endloop
  endfacet
  facet normal -0.595429 0.0292517 0.802875
    outer loop
      vertex -3.25095 0.32019 8.79776
      vertex -3.36127 0 8.72761
      vertex -3.26668 0 8.79776
    endloop
  endfacet
  facet normal -0.595429 -0.0292517 0.802875
    outer loop
      vertex -3.26668 0 8.79776
      vertex -3.36127 0 8.72761
      vertex -3.25095 -0.32019 8.79776
    endloop
  endfacet
  facet normal -0.698065 -0.249757 0.671064
    outer loop
      vertex -3.30004 -1.00105 8.64853
      vertex -3.37571 -1.02401 8.56127
      vertex -3.25909 -1.34996 8.56127
    endloop
  endfacet
  facet normal -0.607485 -0.287311 0.74055
    outer loop
      vertex -3.10541 -1.2863 8.72761
      vertex -3.18602 -1.31969 8.64853
      vertex -3.04133 -1.62562 8.64853
    endloop
  endfacet
  facet normal -0.832257 -0.20847 0.513701
    outer loop
      vertex -3.44284 -1.04438 8.46668
      vertex -3.52863 -0.701888 8.46668
      vertex -3.50078 -1.06195 8.36568
    endloop
  endfacet
  facet normal -0.779489 -0.195252 0.595209
    outer loop
      vertex -3.45983 -0.688203 8.56127
      vertex -3.52863 -0.701888 8.46668
      vertex -3.44284 -1.04438 8.46668
    endloop
  endfacet
  facet normal 0.0292407 -0.595408 0.802891
    outer loop
      vertex 0.32019 -3.25095 8.79776
      vertex 0 -3.36127 8.72761
      vertex 0.329462 -3.34509 8.72761
    endloop
  endfacet
  facet normal 0.104013 -0.415219 0.903756
    outer loop
      vertex 0.918947 -3.02936 8.8583
      vertex 0.596824 -3.00044 8.90866
      vertex 0.617592 -3.10485 8.8583
    endloop
  endfacet
  facet normal -0.31724 -0.88662 0.336547
    outer loop
      vertex -1.07657 -3.54896 8.25922
      vertex -1.41924 -3.42635 8.25922
      vertex -1.08808 -3.58693 8.14834
    endloop
  endfacet
  facet normal -0.0985993 -0.664708 0.740568
    outer loop
      vertex -0.655751 -3.29669 8.72761
      vertex -0.672774 -3.38227 8.64853
      vertex -0.329462 -3.34509 8.72761
    endloop
  endfacet
  facet normal -0.0210126 -0.427541 0.903752
    outer loop
      vertex -0.299855 -3.04449 8.90866
      vertex -0.31029 -3.15043 8.8583
      vertex 0 -3.16568 8.8583
    endloop
  endfacet
  facet normal -0.0628036 -0.423424 0.903752
    outer loop
      vertex -0.299855 -3.04449 8.90866
      vertex -0.617592 -3.10485 8.8583
      vertex -0.31029 -3.15043 8.8583
    endloop
  endfacet
  facet normal -0.484119 -0.807693 0.336542
    outer loop
      vertex -2.06042 -3.08363 8.25922
      vertex -2.08246 -3.11662 8.14834
      vertex -1.74825 -3.27074 8.25922
    endloop
  endfacet
  facet normal -0.635719 -0.576188 0.513681
    outer loop
      vertex -2.544 -2.544 8.46668
      vertex -2.82791 -2.3208 8.36568
      vertex -2.58681 -2.58681 8.36568
    endloop
  endfacet
  facet normal -0.718792 -0.651465 0.242758
    outer loop
      vertex -2.8975 -2.37791 8.14834
      vertex -2.91962 -2.39607 8.03411
      vertex -2.65047 -2.65047 8.14834
    endloop
  endfacet
  facet normal -0.577875 -0.779198 0.242715
    outer loop
      vertex -2.08246 -3.11662 8.14834
      vertex -2.39607 -2.91962 8.03411
      vertex -2.09836 -3.14041 8.03411
    endloop
  endfacet
  facet normal -0.42293 -0.894247 0.146468
    outer loop
      vertex -1.78044 -3.33097 8.03411
      vertex -1.78858 -3.3462 7.91762
      vertex -1.44537 -3.48944 8.03411
    endloop
  endfacet
  facet normal -0.589273 -0.794527 0.146574
    outer loop
      vertex -2.09836 -3.14041 8.03411
      vertex -2.40703 -2.93297 7.91762
      vertex -2.10796 -3.15478 7.91762
    endloop
  endfacet
  facet normal -0.386595 -0.817388 0.427107
    outer loop
      vertex -1.72451 -3.22634 8.36568
      vertex -1.74825 -3.27074 8.25922
      vertex -1.41924 -3.42635 8.25922
    endloop
  endfacet
  facet normal -0.381149 -0.635906 0.671081
    outer loop
      vertex -1.9159 -2.86735 8.64853
      vertex -1.95984 -2.9331 8.56127
      vertex -1.6629 -3.11108 8.56127
    endloop
  endfacet
  facet normal -0.539738 -0.400296 0.740571
    outer loop
      vertex -2.7948 -1.86742 8.72761
      vertex -2.86735 -1.9159 8.64853
      vertex -2.5983 -2.13237 8.72761
    endloop
  endfacet
  facet normal -0.400312 -0.539747 0.740556
    outer loop
      vertex -2.13237 -2.5983 8.72761
      vertex -2.18772 -2.66575 8.64853
      vertex -1.9159 -2.86735 8.64853
    endloop
  endfacet
  facet normal -0.0494781 -0.333564 0.941428
    outer loop
      vertex -0.288987 -2.93414 8.94833
      vertex -0.596824 -3.00044 8.90866
      vertex -0.299855 -3.04449 8.90866
    endloop
  endfacet
  facet normal -0.180156 -0.719181 0.671061
    outer loop
      vertex -1.00105 -3.30004 8.64853
      vertex -1.02401 -3.37571 8.56127
      vertex -0.688203 -3.45983 8.56127
    endloop
  endfacet
  facet normal -0.0754872 -0.508986 0.857459
    outer loop
      vertex -0.31029 -3.15043 8.8583
      vertex -0.637298 -3.20392 8.79776
      vertex -0.32019 -3.25095 8.79776
    endloop
  endfacet
  facet normal -0.0329629 -0.671199 0.740544
    outer loop
      vertex -0.329462 -3.34509 8.72761
      vertex -0.338015 -3.43192 8.64853
      vertex 0 -3.36127 8.72761
    endloop
  endfacet
  facet normal -0.287311 -0.607482 0.740552
    outer loop
      vertex -1.58449 -2.96438 8.72761
      vertex -1.62562 -3.04133 8.64853
      vertex -1.2863 -3.10541 8.72761
    endloop
  endfacet
  facet normal -0.539631 -0.595367 0.595261
    outer loop
      vertex -2.23789 -2.72688 8.56127
      vertex -2.544 -2.544 8.46668
      vertex -2.2824 -2.78111 8.46668
    endloop
  endfacet
  facet normal -0.287444 -0.317148 0.903766
    outer loop
      vertex -2.16319 -2.16319 8.90866
      vertex -2.23847 -2.23847 8.8583
      vertex -2.00828 -2.4471 8.8583
    endloop
  endfacet
  facet normal -0.219982 -0.465138 0.85747
    outer loop
      vertex -1.21145 -2.9247 8.8583
      vertex -1.49229 -2.79188 8.8583
      vertex -1.25011 -3.01802 8.79776
    endloop
  endfacet
  facet normal -0.173343 -0.484459 0.857468
    outer loop
      vertex -1.21145 -2.9247 8.8583
      vertex -1.25011 -3.01802 8.79776
      vertex -0.918947 -3.02936 8.8583
    endloop
  endfacet
  facet normal -0.220071 -0.367165 0.903747
    outer loop
      vertex -1.69961 -2.54365 8.90866
      vertex -1.75875 -2.63216 8.8583
      vertex -1.44211 -2.69799 8.90866
    endloop
  endfacet
  facet normal -0.24987 -0.226483 0.941419
    outer loop
      vertex -2.08479 -2.08479 8.94833
      vertex -2.36481 -1.94075 8.90866
      vertex -2.16319 -2.16319 8.90866
    endloop
  endfacet
  facet normal -0.343827 -0.254997 0.903747
    outer loop
      vertex -2.54365 -1.69961 8.90866
      vertex -2.63216 -1.75875 8.8583
      vertex -2.36481 -1.94075 8.90866
    endloop
  endfacet
  facet normal -0.0476089 -0.968942 0.242662
    outer loop
      vertex -0.3674 -3.73028 8.14834
      vertex -0.370205 -3.75875 8.03411
      vertex 0 -3.77694 8.03411
    endloop
  endfacet
  facet normal 0.235708 -0.941016 0.242756
    outer loop
      vertex 1.09639 -3.61431 8.03411
      vertex 0.731262 -3.6763 8.14834
      vertex 0.736844 -3.70437 8.03411
    endloop
  endfacet
  facet normal -0.138192 -0.931484 0.336512
    outer loop
      vertex -0.363511 -3.6908 8.25922
      vertex -0.723522 -3.63739 8.25922
      vertex -0.3674 -3.73028 8.14834
    endloop
  endfacet
  facet normal 0.386576 -0.817378 0.427144
    outer loop
      vertex 1.72451 -3.22634 8.36568
      vertex 1.39997 -3.37983 8.36568
      vertex 1.41924 -3.42635 8.25922
    endloop
  endfacet
  facet normal 0.856692 0.51349 0.0490644
    outer loop
      vertex 3.3513 1.79131 7.8
      vertex 3.15958 2.11117 7.8
      vertex 3.3462 1.78858 7.91762
    endloop
  endfacet
  facet normal 0.803206 0.595701 0
    outer loop
      vertex 3.15958 2.11117 7.8
      vertex 2.93744 2.41069 4
      vertex 2.93744 2.41069 7.8
    endloop
  endfacet
  facet normal 0.803206 0.595701 0
    outer loop
      vertex 2.93744 2.41069 4
      vertex 3.15958 2.11117 7.8
      vertex 3.15958 2.11117 4
    endloop
  endfacet
  facet normal -0.336478 -0.940414 0.0490204
    outer loop
      vertex -1.1014 -3.63084 7.91762
      vertex -1.4542 -3.51074 7.8
      vertex -1.10308 -3.63637 7.8
    endloop
  endfacet
  facet normal -0.270704 -0.756579 0.595237
    outer loop
      vertex -1.02401 -3.37571 8.56127
      vertex -1.3768 -3.3239 8.46668
      vertex -1.04438 -3.44284 8.46668
    endloop
  endfacet
  facet normal -0.289059 -0.807835 0.513661
    outer loop
      vertex -1.3768 -3.3239 8.46668
      vertex -1.39997 -3.37983 8.36568
      vertex -1.06195 -3.50078 8.36568
    endloop
  endfacet
  facet normal -0.235695 -0.941033 0.242704
    outer loop
      vertex -1.08808 -3.58693 8.14834
      vertex -1.09639 -3.61431 8.03411
      vertex -0.731262 -3.6763 8.14834
    endloop
  endfacet
  facet normal -0.333248 -0.931388 0.146497
    outer loop
      vertex -1.09639 -3.61431 8.03411
      vertex -1.45199 -3.5054 7.91762
      vertex -1.1014 -3.63084 7.91762
    endloop
  endfacet
  facet normal -0.79455 -0.589261 0.146498
    outer loop
      vertex -2.91962 -2.39607 8.03411
      vertex -3.14041 -2.09836 8.03411
      vertex -2.93297 -2.40703 7.91762
    endloop
  endfacet
  facet normal -0.651465 -0.718792 0.242758
    outer loop
      vertex -2.37791 -2.8975 8.14834
      vertex -2.65047 -2.65047 8.14834
      vertex -2.39607 -2.91962 8.03411
    endloop
  endfacet
  facet normal -0.857725 -0.514109 0
    outer loop
      vertex -3.15958 -2.11117 4
      vertex -3.3513 -1.79131 7.8
      vertex -3.3513 -1.79131 4
    endloop
  endfacet
  facet normal -0.857725 -0.514109 0
    outer loop
      vertex -3.3513 -1.79131 7.8
      vertex -3.15958 -2.11117 4
      vertex -3.15958 -2.11117 7.8
    endloop
  endfacet
  facet normal -0.803206 -0.595701 0
    outer loop
      vertex -2.93744 -2.41069 4
      vertex -3.15958 -2.11117 7.8
      vertex -3.15958 -2.11117 4
    endloop
  endfacet
  facet normal -0.803206 -0.595701 0
    outer loop
      vertex -3.15958 -2.11117 7.8
      vertex -2.93744 -2.41069 4
      vertex -2.93744 -2.41069 7.8
    endloop
  endfacet
  facet normal -0.913381 0.326821 0.242742
    outer loop
      vertex -3.48944 1.44537 8.03411
      vertex -3.61431 1.09639 8.03411
      vertex -3.463 1.43442 8.14834
    endloop
  endfacet
  facet normal -0.698065 0.249757 0.671064
    outer loop
      vertex -3.25909 1.34996 8.56127
      vertex -3.37571 1.02401 8.56127
      vertex -3.30004 1.00105 8.64853
    endloop
  endfacet
  facet normal -0.959555 0.240352 0.146576
    outer loop
      vertex -3.61431 1.09639 8.03411
      vertex -3.72132 0.740215 7.91762
      vertex -3.70437 0.736844 8.03411
    endloop
  endfacet
  facet normal -0.968863 0.242709 0.0489504
    outer loop
      vertex -3.63084 1.1014 7.91762
      vertex -3.72698 0.741343 7.8
      vertex -3.72132 0.740215 7.91762
    endloop
  endfacet
  facet normal -0.848471 0.50857 0.146467
    outer loop
      vertex -3.14041 2.09836 8.03411
      vertex -3.3462 1.78858 7.91762
      vertex -3.33097 1.78044 8.03411
    endloop
  endfacet
  facet normal -0.832066 0.498737 0.24275
    outer loop
      vertex -3.14041 2.09836 8.03411
      vertex -3.33097 1.78044 8.03411
      vertex -3.30573 1.76695 8.14834
    endloop
  endfacet
  facet normal 0.138192 -0.931484 0.336512
    outer loop
      vertex 0.723522 -3.63739 8.25922
      vertex 0.363511 -3.6908 8.25922
      vertex 0.3674 -3.73028 8.14834
    endloop
  endfacet
  facet normal 0.336477 -0.940415 0.0490174
    outer loop
      vertex 1.45199 -3.5054 7.91762
      vertex 1.1014 -3.63084 7.91762
      vertex 1.4542 -3.51074 7.8
    endloop
  endfacet
  facet normal 0.427052 -0.902898 0.049016
    outer loop
      vertex 1.78858 -3.3462 7.91762
      vertex 1.45199 -3.5054 7.91762
      vertex 1.4542 -3.51074 7.8
    endloop
  endfacet
  facet normal 0.427038 -0.902902 0.0490615
    outer loop
      vertex 1.78858 -3.3462 7.91762
      vertex 1.4542 -3.51074 7.8
      vertex 1.79131 -3.3513 7.8
    endloop
  endfacet
  facet normal 0.144856 -0.578292 0.802867
    outer loop
      vertex 0.975725 -3.21654 8.72761
      vertex 0.637298 -3.20392 8.79776
      vertex 0.655751 -3.29669 8.72761
    endloop
  endfacet
  facet normal 0.228786 -0.913449 0.336553
    outer loop
      vertex 1.07657 -3.54896 8.25922
      vertex 0.731262 -3.6763 8.14834
      vertex 1.08808 -3.58693 8.14834
    endloop
  endfacet
  facet normal 0.10877 -0.733366 0.671076
    outer loop
      vertex 0.672774 -3.38227 8.64853
      vertex 0.338015 -3.43192 8.64853
      vertex 0.688203 -3.45983 8.56127
    endloop
  endfacet
  facet normal 0.173343 -0.484465 0.857465
    outer loop
      vertex 1.25011 -3.01802 8.79776
      vertex 0.918947 -3.02936 8.8583
      vertex 0.948268 -3.12602 8.79776
    endloop
  endfacet
  facet normal 0.0210126 -0.427541 0.903752
    outer loop
      vertex 0.299855 -3.04449 8.90866
      vertex 0 -3.16568 8.8583
      vertex 0.31029 -3.15043 8.8583
    endloop
  endfacet
  facet normal -0.0252597 -0.513957 0.857444
    outer loop
      vertex 0 -3.16568 8.8583
      vertex -0.31029 -3.15043 8.8583
      vertex 0 -3.26668 8.79776
    endloop
  endfacet
  facet normal 0.00721046 -0.146728 0.989151
    outer loop
      vertex 0.266373 -2.70453 8.99422
      vertex 0 -2.71762 8.99422
      vertex 0.277791 -2.82046 8.97694
    endloop
  endfacet
  facet normal 0.00241204 -0.0490834 0.998792
    outer loop
      vertex 0.254844 -2.58748 9
      vertex 0 -2.71762 8.99422
      vertex 0.266373 -2.70453 8.99422
    endloop
  endfacet
  facet normal -0.0215543 -0.145315 0.989151
    outer loop
      vertex -0.266373 -2.70453 8.99422
      vertex -0.530181 -2.6654 8.99422
      vertex -0.277791 -2.82046 8.97694
    endloop
  endfacet
  facet normal -0.0462712 0.0165546 0.998792
    outer loop
      vertex -2.40209 0.994976 9
      vertex -2.51075 1.03999 8.99422
      vertex -2.48804 0.75474 9
    endloop
  endfacet
  facet normal 0.0119373 -0.242938 0.969968
    outer loop
      vertex 0.277791 -2.82046 8.97694
      vertex 0 -2.94834 8.94833
      vertex 0.288987 -2.93414 8.94833
    endloop
  endfacet
  facet normal 0.0165497 -0.336807 0.941428
    outer loop
      vertex 0.288987 -2.93414 8.94833
      vertex 0 -2.94834 8.94833
      vertex 0.299855 -3.04449 8.90866
    endloop
  endfacet
  facet normal -0.0119374 -0.242938 0.969968
    outer loop
      vertex 0 -2.83411 8.97694
      vertex -0.277791 -2.82046 8.97694
      vertex 0 -2.94834 8.94833
    endloop
  endfacet
  facet normal 0.0119374 -0.242938 0.969968
    outer loop
      vertex 0 -2.83411 8.97694
      vertex 0 -2.94834 8.94833
      vertex 0.277791 -2.82046 8.97694
    endloop
  endfacet
  facet normal -0.0210013 -0.427517 0.903763
    outer loop
      vertex 0 -3.05922 8.90866
      vertex -0.299855 -3.04449 8.90866
      vertex 0 -3.16568 8.8583
    endloop
  endfacet
  facet normal 0.0210013 -0.427517 0.903763
    outer loop
      vertex 0 -3.05922 8.90866
      vertex 0 -3.16568 8.8583
      vertex 0.299855 -3.04449 8.90866
    endloop
  endfacet
  facet normal 0.219879 -0.103996 0.969968
    outer loop
      vertex 2.72391 -1.12828 8.94833
      vertex 2.49946 -1.33599 8.97694
      vertex 2.6002 -1.38984 8.94833
    endloop
  endfacet
  facet normal -0.0628106 -0.13281 0.989149
    outer loop
      vertex -1.28108 -2.39673 8.99422
      vertex -1.33599 -2.49946 8.97694
      vertex -1.03999 -2.51075 8.99422
    endloop
  endfacet
  facet normal 0.0494941 -0.138323 0.98915
    outer loop
      vertex 1.03999 -2.51075 8.99422
      vertex 0.788883 -2.6006 8.99422
      vertex 0.822698 -2.71207 8.97694
    endloop
  endfacet
  facet normal 0.807819 -0.289038 0.513697
    outer loop
      vertex 3.44284 -1.04438 8.46668
      vertex 3.3239 -1.3768 8.46668
      vertex 3.50078 -1.06195 8.36568
    endloop
  endfacet
  facet normal 0.689242 -0.413104 0.595223
    outer loop
      vertex 3.17294 -1.69597 8.46668
      vertex 2.9331 -1.95984 8.56127
      vertex 2.99143 -1.99881 8.46668
    endloop
  endfacet
  facet normal 0.0024113 0.0490819 0.998792
    outer loop
      vertex 0 2.71762 8.99422
      vertex 0 2.6 9
      vertex 0.254844 2.58748 9
    endloop
  endfacet
  facet normal 0.0490834 0.00241204 0.998792
    outer loop
      vertex 2.70453 0.266373 8.99422
      vertex 2.58748 0.254844 9
      vertex 2.71762 0 8.99422
    endloop
  endfacet
  facet normal 0.126011 -0.0755298 0.989149
    outer loop
      vertex 2.49946 -1.33599 8.97694
      vertex 2.25962 -1.50983 8.99422
      vertex 2.35647 -1.57455 8.97694
    endloop
  endfacet
  facet normal 0.441087 -0.735893 0.513716
    outer loop
      vertex 2.03244 -3.04177 8.36568
      vertex 1.69597 -3.17294 8.46668
      vertex 1.72451 -3.22634 8.36568
    endloop
  endfacet
  facet normal 0.0590954 -0.235933 0.969971
    outer loop
      vertex 0.855858 -2.82139 8.94833
      vertex 0.552907 -2.77965 8.97694
      vertex 0.575192 -2.89169 8.94833
    endloop
  endfacet
  facet normal 0.104012 -0.415223 0.903754
    outer loop
      vertex 0.888044 -2.92749 8.90866
      vertex 0.596824 -3.00044 8.90866
      vertex 0.918947 -3.02936 8.8583
    endloop
  endfacet
  facet normal 0.0819407 -0.228995 0.969973
    outer loop
      vertex 1.12828 -2.72391 8.94833
      vertex 0.822698 -2.71207 8.97694
      vertex 0.855858 -2.82139 8.94833
    endloop
  endfacet
  facet normal 0.220071 -0.367165 0.903747
    outer loop
      vertex 1.69961 -2.54365 8.90866
      vertex 1.44211 -2.69799 8.90866
      vertex 1.75875 -2.63216 8.8583
    endloop
  endfacet
  facet normal 0.381149 -0.635906 0.671081
    outer loop
      vertex 1.9159 -2.86735 8.64853
      vertex 1.6629 -3.11108 8.56127
      vertex 1.95984 -2.9331 8.56127
    endloop
  endfacet
  facet normal 0.595367 -0.539631 0.595261
    outer loop
      vertex 2.72688 -2.23789 8.56127
      vertex 2.544 -2.544 8.46668
      vertex 2.78111 -2.2824 8.46668
    endloop
  endfacet
  facet normal 0.989176 -0.146736 0
    outer loop
      vertex 3.72698 -0.741343 7.8
      vertex 3.7817 -0.372464 4
      vertex 3.7817 -0.372464 7.8
    endloop
  endfacet
  facet normal 0.989176 -0.146736 0
    outer loop
      vertex 3.7817 -0.372464 4
      vertex 3.72698 -0.741343 7.8
      vertex 3.72698 -0.741343 4
    endloop
  endfacet
  facet normal 0.931388 -0.333248 0.146497
    outer loop
      vertex 3.61431 -1.09639 8.03411
      vertex 3.5054 -1.45199 7.91762
      vertex 3.63084 -1.1014 7.91762
    endloop
  endfacet
  facet normal 0.851262 -0.402616 0.336531
    outer loop
      vertex 3.42635 -1.41924 8.25922
      vertex 3.27074 -1.74825 8.25922
      vertex 3.30573 -1.76695 8.14834
    endloop
  endfacet
  facet normal 0.913381 -0.326821 0.242742
    outer loop
      vertex 3.61431 -1.09639 8.03411
      vertex 3.463 -1.43442 8.14834
      vertex 3.48944 -1.44537 8.03411
    endloop
  endfacet
  facet normal -0.0476683 0.0119409 0.998792
    outer loop
      vertex -2.48804 0.75474 9
      vertex -2.6654 0.530181 8.99422
      vertex -2.55004 0.507235 9
    endloop
  endfacet
  facet normal 0.0490819 0.0024113 0.998792
    outer loop
      vertex 2.71762 0 8.99422
      vertex 2.58748 0.254844 9
      vertex 2.6 0 9
    endloop
  endfacet
  facet normal -0.240589 0.0356843 0.969971
    outer loop
      vertex -2.89169 0.575192 8.94833
      vertex -2.93414 0.288987 8.94833
      vertex -2.77965 0.552907 8.97694
    endloop
  endfacet
  facet normal -0.240598 0.0356897 0.969968
    outer loop
      vertex -2.77965 0.552907 8.97694
      vertex -2.93414 0.288987 8.94833
      vertex -2.82046 0.277791 8.97694
    endloop
  endfacet
  facet normal -0.317512 0.113608 0.941424
    outer loop
      vertex -2.82635 1.17071 8.90866
      vertex -2.92749 0.888044 8.90866
      vertex -2.72391 1.12828 8.94833
    endloop
  endfacet
  facet normal -0.317523 0.113618 0.941419
    outer loop
      vertex -2.72391 1.12828 8.94833
      vertex -2.92749 0.888044 8.90866
      vertex -2.82139 0.855858 8.94833
    endloop
  endfacet
  facet normal -0.413104 0.689242 0.595223
    outer loop
      vertex -1.69597 3.17294 8.46668
      vertex -1.99881 2.99143 8.46668
      vertex -1.95984 2.9331 8.56127
    endloop
  endfacet
  facet normal -0.287311 0.607482 0.740552
    outer loop
      vertex -1.2863 3.10541 8.72761
      vertex -1.62562 3.04133 8.64853
      vertex -1.58449 2.96438 8.72761
    endloop
  endfacet
  facet normal -0.195252 0.779489 0.595209
    outer loop
      vertex -0.701888 3.52863 8.46668
      vertex -1.04438 3.44284 8.46668
      vertex -0.688203 3.45983 8.56127
    endloop
  endfacet
  facet normal -0.125902 0.848691 0.513686
    outer loop
      vertex -0.352642 3.58044 8.46668
      vertex -0.713699 3.58801 8.36568
      vertex -0.701888 3.52863 8.46668
    endloop
  endfacet
  facet normal -0.464856 0.775555 0.427112
    outer loop
      vertex -1.74825 3.27074 8.25922
      vertex -2.06042 3.08363 8.25922
      vertex -1.72451 3.22634 8.36568
    endloop
  endfacet
  facet normal -0.386595 0.817388 0.427107
    outer loop
      vertex -1.41924 3.42635 8.25922
      vertex -1.74825 3.27074 8.25922
      vertex -1.72451 3.22634 8.36568
    endloop
  endfacet
  facet normal -0.195258 0.779469 0.595233
    outer loop
      vertex -0.688203 3.45983 8.56127
      vertex -1.04438 3.44284 8.46668
      vertex -1.02401 3.37571 8.56127
    endloop
  endfacet
  facet normal -0.366813 0.775592 0.513717
    outer loop
      vertex -1.39997 3.37983 8.36568
      vertex -1.72451 3.22634 8.36568
      vertex -1.69597 3.17294 8.46668
    endloop
  endfacet
  facet normal -0.14486 0.578268 0.802883
    outer loop
      vertex -0.637298 3.20392 8.79776
      vertex -0.975725 3.21654 8.72761
      vertex -0.948268 3.12602 8.79776
    endloop
  endfacet
  facet normal -0.264536 0.441353 0.857454
    outer loop
      vertex -1.5399 2.88096 8.79776
      vertex -1.81487 2.71615 8.79776
      vertex -1.49229 2.79188 8.8583
    endloop
  endfacet
  facet normal -0.0819456 0.327131 0.941419
    outer loop
      vertex -0.596824 3.00044 8.90866
      vertex -0.888044 2.92749 8.90866
      vertex -0.855858 2.82139 8.94833
    endloop
  endfacet
  facet normal -0.113618 0.317523 0.941419
    outer loop
      vertex -0.888044 2.92749 8.90866
      vertex -1.12828 2.72391 8.94833
      vertex -0.855858 2.82139 8.94833
    endloop
  endfacet
  facet normal -0.0356951 0.142506 0.98915
    outer loop
      vertex -0.552907 2.77965 8.97694
      vertex -0.788883 2.6006 8.99422
      vertex -0.530181 2.6654 8.99422
    endloop
  endfacet
  facet normal -0.035697 0.142508 0.98915
    outer loop
      vertex -0.552907 2.77965 8.97694
      vertex -0.822698 2.71207 8.97694
      vertex -0.788883 2.6006 8.99422
    endloop
  endfacet
  facet normal -0.0628104 0.132805 0.98915
    outer loop
      vertex -1.08457 2.61837 8.97694
      vertex -1.33599 2.49946 8.97694
      vertex -1.03999 2.51075 8.99422
    endloop
  endfacet
  facet normal 0.200847 0.561306 0.802868
    outer loop
      vertex 1.2863 3.10541 8.72761
      vertex 0.975725 3.21654 8.72761
      vertex 1.25011 3.01802 8.79776
    endloop
  endfacet
  facet normal 0.0165546 0.0462712 0.998792
    outer loop
      vertex 1.03999 2.51075 8.99422
      vertex 0.75474 2.48804 9
      vertex 0.994976 2.40209 9
    endloop
  endfacet
  facet normal -0.144856 0.578292 0.802867
    outer loop
      vertex -0.655751 3.29669 8.72761
      vertex -0.975725 3.21654 8.72761
      vertex -0.637298 3.20392 8.79776
    endloop
  endfacet
  facet normal 0.0292517 0.595429 0.802875
    outer loop
      vertex 0 3.36127 8.72761
      vertex 0 3.26668 8.79776
      vertex 0.32019 3.25095 8.79776
    endloop
  endfacet
  facet normal -0.0819347 0.327117 0.941425
    outer loop
      vertex -0.596824 3.00044 8.90866
      vertex -0.855858 2.82139 8.94833
      vertex -0.575192 2.89169 8.94833
    endloop
  endfacet
  facet normal -0.00721011 -0.0486093 0.998792
    outer loop
      vertex -0.507235 -2.55004 9
      vertex -0.530181 -2.6654 8.99422
      vertex -0.266373 -2.70453 8.99422
    endloop
  endfacet
  facet normal -0.270704 0.756579 0.595237
    outer loop
      vertex -1.04438 3.44284 8.46668
      vertex -1.3768 3.3239 8.46668
      vertex -1.02401 3.37571 8.56127
    endloop
  endfacet
  facet normal -0.180156 0.719181 0.671061
    outer loop
      vertex -0.688203 3.45983 8.56127
      vertex -1.02401 3.37571 8.56127
      vertex -1.00105 3.30004 8.64853
    endloop
  endfacet
  facet normal -0.0420876 0.85692 0.513728
    outer loop
      vertex 0 3.65831 8.36568
      vertex -0.352642 3.58044 8.46668
      vertex 0 3.59776 8.46668
    endloop
  endfacet
  facet normal -0.0394198 0.802604 0.595209
    outer loop
      vertex 0 3.59776 8.46668
      vertex -0.352642 3.58044 8.46668
      vertex -0.345766 3.51063 8.56127
    endloop
  endfacet
  facet normal 0.195252 0.779489 0.595209
    outer loop
      vertex 0.701888 3.52863 8.46668
      vertex 0.688203 3.45983 8.56127
      vertex 1.04438 3.44284 8.46668
    endloop
  endfacet
  facet normal 0.0443713 0.903105 0.427121
    outer loop
      vertex 0 3.70866 8.25922
      vertex 0 3.65831 8.36568
      vertex 0.363511 3.6908 8.25922
    endloop
  endfacet
  facet normal 0.0363855 0.740448 0.671128
    outer loop
      vertex 0.345766 3.51063 8.56127
      vertex 0 3.44853 8.64853
      vertex 0.338015 3.43192 8.64853
    endloop
  endfacet
  facet normal -0.0329805 0.671157 0.740581
    outer loop
      vertex 0 3.44853 8.64853
      vertex -0.338015 3.43192 8.64853
      vertex 0 3.36127 8.72761
    endloop
  endfacet
  facet normal -0.104013 0.415219 0.903756
    outer loop
      vertex -0.617592 3.10485 8.8583
      vertex -0.918947 3.02936 8.8583
      vertex -0.596824 3.00044 8.90866
    endloop
  endfacet
  facet normal -0.0874541 0.589675 0.802892
    outer loop
      vertex -0.329462 3.34509 8.72761
      vertex -0.637298 3.20392 8.79776
      vertex -0.32019 3.25095 8.79776
    endloop
  endfacet
  facet normal 0.249757 0.698065 0.671064
    outer loop
      vertex 1.02401 3.37571 8.56127
      vertex 1.00105 3.30004 8.64853
      vertex 1.34996 3.25909 8.56127
    endloop
  endfacet
  facet normal 0.306498 0.413274 0.857475
    outer loop
      vertex 1.81487 2.71615 8.79776
      vertex 1.75875 2.63216 8.8583
      vertex 2.00828 2.4471 8.8583
    endloop
  endfacet
  facet normal 0.0754918 0.508968 0.857468
    outer loop
      vertex 0.637298 3.20392 8.79776
      vertex 0.31029 3.15043 8.8583
      vertex 0.617592 3.10485 8.8583
    endloop
  endfacet
  facet normal -0.0292407 0.595408 0.802891
    outer loop
      vertex 0 3.36127 8.72761
      vertex -0.329462 3.34509 8.72761
      vertex -0.32019 3.25095 8.79776
    endloop
  endfacet
  facet normal 0.0292407 0.595408 0.802891
    outer loop
      vertex 0.329462 3.34509 8.72761
      vertex 0 3.36127 8.72761
      vertex 0.32019 3.25095 8.79776
    endloop
  endfacet
  facet normal 0.306517 0.413285 0.857463
    outer loop
      vertex 2.07236 2.52518 8.79776
      vertex 1.81487 2.71615 8.79776
      vertex 2.00828 2.4471 8.8583
    endloop
  endfacet
  facet normal 0.0210126 0.427541 0.903752
    outer loop
      vertex 0.31029 3.15043 8.8583
      vertex 0 3.16568 8.8583
      vertex 0.299855 3.04449 8.90866
    endloop
  endfacet
  facet normal 0.125029 0.499115 0.857468
    outer loop
      vertex 0.637298 3.20392 8.79776
      vertex 0.617592 3.10485 8.8583
      vertex 0.918947 3.02936 8.8583
    endloop
  endfacet
  facet normal 0.336478 0.940414 0.0490204
    outer loop
      vertex 1.10308 3.63637 7.8
      vertex 1.1014 3.63084 7.91762
      vertex 1.4542 3.51074 7.8
    endloop
  endfacet
  facet normal 0.242687 0.968865 0.0490184
    outer loop
      vertex 1.10308 3.63637 7.8
      vertex 0.741343 3.72698 7.8
      vertex 1.1014 3.63084 7.91762
    endloop
  endfacet
  facet normal 0.498731 0.83208 0.242712
    outer loop
      vertex 2.09836 3.14041 8.03411
      vertex 1.76695 3.30573 8.14834
      vertex 2.08246 3.11662 8.14834
    endloop
  endfacet
  facet normal 0.20847 0.832257 0.513701
    outer loop
      vertex 1.06195 3.50078 8.36568
      vertex 0.701888 3.52863 8.46668
      vertex 1.04438 3.44284 8.46668
    endloop
  endfacet
  facet normal 0.327131 -0.0819456 0.941419
    outer loop
      vertex 3.00044 -0.596824 8.90866
      vertex 2.82139 -0.855858 8.94833
      vertex 2.92749 -0.888044 8.90866
    endloop
  endfacet
  facet normal 0.103996 0.219879 0.969968
    outer loop
      vertex 1.38984 2.6002 8.94833
      vertex 1.12828 2.72391 8.94833
      vertex 1.33599 2.49946 8.97694
    endloop
  endfacet
  facet normal 0.0755298 0.126011 0.989149
    outer loop
      vertex 1.57455 2.35647 8.97694
      vertex 1.33599 2.49946 8.97694
      vertex 1.50983 2.25962 8.99422
    endloop
  endfacet
  facet normal -0.0330008 0.0364114 0.998792
    outer loop
      vertex -1.72404 2.10075 8.99422
      vertex -1.92165 1.92165 8.99422
      vertex -1.83848 1.83848 9
    endloop
  endfacet
  facet normal -0.289243 0.173357 0.941428
    outer loop
      vertex -2.45146 1.63801 8.94833
      vertex -2.69799 1.44211 8.90866
      vertex -2.6002 1.38984 8.94833
    endloop
  endfacet
  facet normal 0.0628106 0.13281 0.989149
    outer loop
      vertex 1.33599 2.49946 8.97694
      vertex 1.03999 2.51075 8.99422
      vertex 1.28108 2.39673 8.99422
    endloop
  endfacet
  facet normal -0.0444253 0.0210103 0.998792
    outer loop
      vertex -2.39673 1.28108 8.99422
      vertex -2.51075 1.03999 8.99422
      vertex -2.40209 0.994976 9
    endloop
  endfacet
  facet normal -0.144179 0.304839 0.941427
    outer loop
      vertex -1.12828 2.72391 8.94833
      vertex -1.44211 2.69799 8.90866
      vertex -1.38984 2.6002 8.94833
    endloop
  endfacet
  facet normal -0.14418 0.304849 0.941424
    outer loop
      vertex -1.17071 2.82635 8.90866
      vertex -1.44211 2.69799 8.90866
      vertex -1.12828 2.72391 8.94833
    endloop
  endfacet
  facet normal -0.381248 0.345552 0.857463
    outer loop
      vertex -2.30989 2.30989 8.79776
      vertex -2.52518 2.07236 8.79776
      vertex -2.4471 2.00828 8.8583
    endloop
  endfacet
  facet normal -0.367165 0.220071 0.903747
    outer loop
      vertex -2.63216 1.75875 8.8583
      vertex -2.69799 1.44211 8.90866
      vertex -2.54365 1.69961 8.90866
    endloop
  endfacet
  facet normal -0.249866 0.226474 0.941422
    outer loop
      vertex -2.08479 2.08479 8.94833
      vertex -2.36481 1.94075 8.90866
      vertex -2.2791 1.87041 8.94833
    endloop
  endfacet
  facet normal -0.200887 0.270865 0.941423
    outer loop
      vertex -1.63801 2.45146 8.94833
      vertex -1.94075 2.36481 8.90866
      vertex -1.87041 2.2791 8.94833
    endloop
  endfacet
  facet normal -0.138192 0.931484 0.336512
    outer loop
      vertex -0.3674 3.73028 8.14834
      vertex -0.723522 3.63739 8.25922
      vertex -0.363511 3.6908 8.25922
    endloop
  endfacet
  facet normal 0.0490731 0.998795 -0
    outer loop
      vertex 0.372464 3.7817 4
      vertex 0 3.8 7.8
      vertex 0.372464 3.7817 7.8
    endloop
  endfacet
  facet normal 0.0490731 0.998795 0
    outer loop
      vertex 0 3.8 7.8
      vertex 0.372464 3.7817 4
      vertex 0 3.8 4
    endloop
  endfacet
  facet normal -0.240352 0.959555 0.146576
    outer loop
      vertex -0.740215 3.72132 7.91762
      vertex -1.09639 3.61431 8.03411
      vertex -0.736844 3.70437 8.03411
    endloop
  endfacet
  facet normal 0.0490081 0.997595 0.0490231
    outer loop
      vertex 0 3.8 7.8
      vertex 0 3.79422 7.91762
      vertex 0.371899 3.77595 7.91762
    endloop
  endfacet
  facet normal -0.0490081 0.997595 0.0490231
    outer loop
      vertex 0 3.8 7.8
      vertex -0.371899 3.77595 7.91762
      vertex 0 3.79422 7.91762
    endloop
  endfacet
  facet normal -0.235695 0.941033 0.242704
    outer loop
      vertex -0.731262 3.6763 8.14834
      vertex -1.09639 3.61431 8.03411
      vertex -1.08808 3.58693 8.14834
    endloop
  endfacet
  facet normal -0.14513 0.978493 0.146587
    outer loop
      vertex -0.371899 3.77595 7.91762
      vertex -0.736844 3.70437 8.03411
      vertex -0.370205 3.75875 8.03411
    endloop
  endfacet
  facet normal -0.317261 0.886631 0.336499
    outer loop
      vertex -1.08808 3.58693 8.14834
      vertex -1.43442 3.463 8.14834
      vertex -1.41924 3.42635 8.25922
    endloop
  endfacet
  facet normal -0.242979 0.970032 0
    outer loop
      vertex -0.741343 3.72698 4
      vertex -1.10308 3.63637 7.8
      vertex -0.741343 3.72698 7.8
    endloop
  endfacet
  facet normal -0.242979 0.970032 0
    outer loop
      vertex -1.10308 3.63637 7.8
      vertex -0.741343 3.72698 4
      vertex -1.10308 3.63637 4
    endloop
  endfacet
  facet normal -0.427553 0.90399 0
    outer loop
      vertex -1.4542 3.51074 4
      vertex -1.79131 3.3513 7.8
      vertex -1.4542 3.51074 7.8
    endloop
  endfacet
  facet normal -0.427553 0.90399 0
    outer loop
      vertex -1.79131 3.3513 7.8
      vertex -1.4542 3.51074 4
      vertex -1.79131 3.3513 4
    endloop
  endfacet
  facet normal -0.51349 0.856692 0.0490644
    outer loop
      vertex -1.79131 3.3513 7.8
      vertex -2.11117 3.15958 7.8
      vertex -1.78858 3.3462 7.91762
    endloop
  endfacet
  facet normal -0.560958 0.756367 0.336503
    outer loop
      vertex -2.08246 3.11662 8.14834
      vertex -2.37791 2.8975 8.14834
      vertex -2.35275 2.86683 8.25922
    endloop
  endfacet
  facet normal -0.632391 0.697747 0.336498
    outer loop
      vertex -2.37791 2.8975 8.14834
      vertex -2.65047 2.65047 8.14834
      vertex -2.35275 2.86683 8.25922
    endloop
  endfacet
  facet normal -0.451279 0.497922 0.740555
    outer loop
      vertex -2.18772 2.66575 8.64853
      vertex -2.43848 2.43848 8.64853
      vertex -2.13237 2.5983 8.72761
    endloop
  endfacet
  facet normal -0.413126 0.689255 0.595194
    outer loop
      vertex -1.69597 3.17294 8.46668
      vertex -1.95984 2.9331 8.56127
      vertex -1.6629 3.11108 8.56127
    endloop
  endfacet
  facet normal -0.343577 0.726431 0.595191
    outer loop
      vertex -1.34996 3.25909 8.56127
      vertex -1.69597 3.17294 8.46668
      vertex -1.6629 3.11108 8.56127
    endloop
  endfacet
  facet normal -0.511101 0.689148 0.513664
    outer loop
      vertex -2.03244 3.04177 8.36568
      vertex -2.3208 2.82791 8.36568
      vertex -1.99881 2.99143 8.46668
    endloop
  endfacet
  facet normal -0.381269 0.345559 0.857451
    outer loop
      vertex -2.30989 2.30989 8.79776
      vertex -2.4471 2.00828 8.8583
      vertex -2.23847 2.23847 8.8583
    endloop
  endfacet
  facet normal -0.47883 0.355124 0.802876
    outer loop
      vertex -2.5983 2.13237 8.72761
      vertex -2.7948 1.86742 8.72761
      vertex -2.71615 1.81487 8.79776
    endloop
  endfacet
  facet normal -0.689148 0.511101 0.513664
    outer loop
      vertex -2.82791 2.3208 8.36568
      vertex -3.04177 2.03244 8.36568
      vertex -2.99143 1.99881 8.46668
    endloop
  endfacet
  facet normal -0.549332 0.497873 0.671086
    outer loop
      vertex -2.43848 2.43848 8.64853
      vertex -2.72688 2.23789 8.56127
      vertex -2.66575 2.18772 8.64853
    endloop
  endfacet
  facet normal -0.903097 0.0443771 0.427139
    outer loop
      vertex -3.64069 0.358576 8.36568
      vertex -3.6908 0.363511 8.25922
      vertex -3.65831 0 8.36568
    endloop
  endfacet
  facet normal -0.733366 0.10877 0.671076
    outer loop
      vertex -3.38227 0.672774 8.64853
      vertex -3.45983 0.688203 8.56127
      vertex -3.43192 0.338015 8.64853
    endloop
  endfacet
  facet normal 0.740064 0.670749 0.048997
    outer loop
      vertex 2.93744 2.41069 7.8
      vertex 2.68292 2.68292 7.91762
      vertex 2.93297 2.40703 7.91762
    endloop
  endfacet
  facet normal 0.740075 0.670733 0.049058
    outer loop
      vertex 2.68701 2.68701 7.8
      vertex 2.68292 2.68292 7.91762
      vertex 2.93744 2.41069 7.8
    endloop
  endfacet
  facet normal 0.718792 0.651465 0.242758
    outer loop
      vertex 2.91962 2.39607 8.03411
      vertex 2.65047 2.65047 8.14834
      vertex 2.8975 2.37791 8.14834
    endloop
  endfacet
  facet normal 0.669955 0.607248 0.427094
    outer loop
      vertex 2.62241 2.62241 8.25922
      vertex 2.58681 2.58681 8.36568
      vertex 2.86683 2.35275 8.25922
    endloop
  endfacet
  facet normal 0.697696 0.632392 0.336601
    outer loop
      vertex 2.65047 2.65047 8.14834
      vertex 2.62241 2.62241 8.25922
      vertex 2.86683 2.35275 8.25922
    endloop
  endfacet
  facet normal 0.95959 0.142327 0.242757
    outer loop
      vertex 3.70437 0.736844 8.03411
      vertex 3.6763 0.731262 8.14834
      vertex 3.75875 0.370205 8.03411
    endloop
  endfacet
  facet normal -0.336883 -0.941546 0
    outer loop
      vertex -1.4542 -3.51074 4
      vertex -1.10308 -3.63637 7.8
      vertex -1.4542 -3.51074 7.8
    endloop
  endfacet
  facet normal -0.336883 -0.941546 -0
    outer loop
      vertex -1.10308 -3.63637 7.8
      vertex -1.4542 -3.51074 4
      vertex -1.10308 -3.63637 4
    endloop
  endfacet
  facet normal 0.00721097 -0.0486107 0.998792
    outer loop
      vertex 0.507235 -2.55004 9
      vertex 0.254844 -2.58748 9
      vertex 0.266373 -2.70453 8.99422
    endloop
  endfacet
  facet normal 0.235925 -0.0590968 0.969973
    outer loop
      vertex 2.77965 -0.552907 8.97694
      vertex 2.71207 -0.822698 8.97694
      vertex 2.82139 -0.855858 8.94833
    endloop
  endfacet
  facet normal 0.740075 -0.670733 0.049058
    outer loop
      vertex 2.93744 -2.41069 7.8
      vertex 2.68292 -2.68292 7.91762
      vertex 2.68701 -2.68701 7.8
    endloop
  endfacet
  facet normal 0.856692 -0.51349 0.0490644
    outer loop
      vertex 3.3462 -1.78858 7.91762
      vertex 3.15958 -2.11117 7.8
      vertex 3.3513 -1.79131 7.8
    endloop
  endfacet
  facet normal 0.242687 -0.968865 0.0490184
    outer loop
      vertex 1.1014 -3.63084 7.91762
      vertex 0.741343 -3.72698 7.8
      vertex 1.10308 -3.63637 7.8
    endloop
  endfacet
  facet normal 0.0476089 -0.968942 0.242662
    outer loop
      vertex 0.3674 -3.73028 8.14834
      vertex 0 -3.77694 8.03411
      vertex 0.370205 -3.75875 8.03411
    endloop
  endfacet
  facet normal 0.90399 -0.427553 0
    outer loop
      vertex 3.3513 -1.79131 7.8
      vertex 3.51074 -1.4542 4
      vertex 3.51074 -1.4542 7.8
    endloop
  endfacet
  facet normal 0.90399 -0.427553 0
    outer loop
      vertex 3.51074 -1.4542 4
      vertex 3.3513 -1.79131 7.8
      vertex 3.3513 -1.79131 4
    endloop
  endfacet
  facet normal 0.902902 -0.427038 0.0490615
    outer loop
      vertex 3.51074 -1.4542 7.8
      vertex 3.3462 -1.78858 7.91762
      vertex 3.3513 -1.79131 7.8
    endloop
  endfacet
  facet normal 0.902898 -0.427052 0.049016
    outer loop
      vertex 3.5054 -1.45199 7.91762
      vertex 3.3462 -1.78858 7.91762
      vertex 3.51074 -1.4542 7.8
    endloop
  endfacet
  facet normal 0.336883 -0.941546 0
    outer loop
      vertex 1.10308 -3.63637 4
      vertex 1.4542 -3.51074 7.8
      vertex 1.10308 -3.63637 7.8
    endloop
  endfacet
  facet normal 0.336883 -0.941546 0
    outer loop
      vertex 1.4542 -3.51074 7.8
      vertex 1.10308 -3.63637 4
      vertex 1.4542 -3.51074 4
    endloop
  endfacet
  facet normal 0.242979 -0.970032 0
    outer loop
      vertex 0.741343 -3.72698 4
      vertex 1.10308 -3.63637 7.8
      vertex 0.741343 -3.72698 7.8
    endloop
  endfacet
  facet normal 0.242979 -0.970032 0
    outer loop
      vertex 1.10308 -3.63637 7.8
      vertex 0.741343 -3.72698 4
      vertex 1.10308 -3.63637 4
    endloop
  endfacet
  facet normal 0.498737 0.832066 0.24275
    outer loop
      vertex 1.78044 3.33097 8.03411
      vertex 1.76695 3.30573 8.14834
      vertex 2.09836 3.14041 8.03411
    endloop
  endfacet
  facet normal 0.508533 0.848475 0.146575
    outer loop
      vertex 2.10796 3.15478 7.91762
      vertex 1.78858 3.3462 7.91762
      vertex 2.09836 3.14041 8.03411
    endloop
  endfacet
  facet normal 0.497873 0.549332 0.671086
    outer loop
      vertex 2.23789 2.72688 8.56127
      vertex 2.18772 2.66575 8.64853
      vertex 2.43848 2.43848 8.64853
    endloop
  endfacet
  facet normal 0.484118 0.807699 0.33653
    outer loop
      vertex 1.76695 3.30573 8.14834
      vertex 1.74825 3.27074 8.25922
      vertex 2.08246 3.11662 8.14834
    endloop
  endfacet
  facet normal 0.51349 0.856692 0.0490644
    outer loop
      vertex 1.79131 3.3513 7.8
      vertex 1.78858 3.3462 7.91762
      vertex 2.11117 3.15958 7.8
    endloop
  endfacet
  facet normal 0.427038 0.902902 0.0490615
    outer loop
      vertex 1.79131 3.3513 7.8
      vertex 1.4542 3.51074 7.8
      vertex 1.78858 3.3462 7.91762
    endloop
  endfacet
  facet normal 0.670749 0.740064 0.048997
    outer loop
      vertex 2.41069 2.93744 7.8
      vertex 2.40703 2.93297 7.91762
      vertex 2.68292 2.68292 7.91762
    endloop
  endfacet
  facet normal 0.594985 0.802242 0.0490024
    outer loop
      vertex 2.41069 2.93744 7.8
      vertex 2.11117 3.15958 7.8
      vertex 2.40703 2.93297 7.91762
    endloop
  endfacet
  facet normal 0.913381 0.326821 0.242742
    outer loop
      vertex 3.48944 1.44537 8.03411
      vertex 3.463 1.43442 8.14834
      vertex 3.61431 1.09639 8.03411
    endloop
  endfacet
  facet normal 0.775613 0.366847 0.513662
    outer loop
      vertex 3.37983 1.39997 8.36568
      vertex 3.17294 1.69597 8.46668
      vertex 3.3239 1.3768 8.46668
    endloop
  endfacet
  facet normal 0.902902 0.427038 0.0490615
    outer loop
      vertex 3.3513 1.79131 7.8
      vertex 3.3462 1.78858 7.91762
      vertex 3.51074 1.4542 7.8
    endloop
  endfacet
  facet normal 0.987987 0.146559 0.049003
    outer loop
      vertex 3.7817 0.372464 7.8
      vertex 3.72698 0.741343 7.8
      vertex 3.77595 0.371899 7.91762
    endloop
  endfacet
  facet normal 0.719181 0.180156 0.671061
    outer loop
      vertex 3.37571 1.02401 8.56127
      vertex 3.30004 1.00105 8.64853
      vertex 3.45983 0.688203 8.56127
    endloop
  endfacet
  facet normal 0.142506 -0.0356951 0.98915
    outer loop
      vertex 2.6654 -0.530181 8.99422
      vertex 2.6006 -0.788883 8.99422
      vertex 2.77965 -0.552907 8.97694
    endloop
  endfacet
  facet normal 0.735928 -0.441085 0.513667
    outer loop
      vertex 3.17294 -1.69597 8.46668
      vertex 2.99143 -1.99881 8.46668
      vertex 3.04177 -2.03244 8.36568
    endloop
  endfacet
  facet normal 0.595408 -0.0292407 0.802891
    outer loop
      vertex 3.36127 0 8.72761
      vertex 3.25095 -0.32019 8.79776
      vertex 3.34509 -0.329462 8.72761
    endloop
  endfacet
  facet normal 0.88662 0.31724 0.336547
    outer loop
      vertex 3.58693 1.08808 8.14834
      vertex 3.42635 1.41924 8.25922
      vertex 3.54896 1.07657 8.25922
    endloop
  endfacet
  facet normal 0.959555 -0.240352 0.146576
    outer loop
      vertex 3.70437 -0.736844 8.03411
      vertex 3.61431 -1.09639 8.03411
      vertex 3.72132 -0.740215 7.91762
    endloop
  endfacet
  facet normal 0.589675 0.0874541 0.802892
    outer loop
      vertex 3.34509 0.329462 8.72761
      vertex 3.20392 0.637298 8.79776
      vertex 3.25095 0.32019 8.79776
    endloop
  endfacet
  facet normal 0.539631 -0.595367 0.595261
    outer loop
      vertex 2.544 -2.544 8.46668
      vertex 2.23789 -2.72688 8.56127
      vertex 2.2824 -2.78111 8.46668
    endloop
  endfacet
  facet normal 0.270701 -0.756601 0.59521
    outer loop
      vertex 1.34996 -3.25909 8.56127
      vertex 1.02401 -3.37571 8.56127
      vertex 1.3768 -3.3239 8.46668
    endloop
  endfacet
  facet normal 0.779469 0.195258 0.595233
    outer loop
      vertex 3.44284 1.04438 8.46668
      vertex 3.37571 1.02401 8.56127
      vertex 3.45983 0.688203 8.56127
    endloop
  endfacet
  facet normal 0.719169 -0.180145 0.671077
    outer loop
      vertex 3.38227 -0.672774 8.64853
      vertex 3.30004 -1.00105 8.64853
      vertex 3.45983 -0.688203 8.56127
    endloop
  endfacet
  facet normal 0.576211 -0.635725 0.513648
    outer loop
      vertex 2.544 -2.544 8.46668
      vertex 2.2824 -2.78111 8.46668
      vertex 2.3208 -2.82791 8.36568
    endloop
  endfacet
  facet normal 0.77555 -0.464856 0.42712
    outer loop
      vertex 3.22634 -1.72451 8.36568
      vertex 3.04177 -2.03244 8.36568
      vertex 3.08363 -2.06042 8.25922
    endloop
  endfacet
  facet normal 0.484459 -0.173343 0.857468
    outer loop
      vertex 3.02936 -0.918947 8.8583
      vertex 2.9247 -1.21145 8.8583
      vertex 3.01802 -1.25011 8.79776
    endloop
  endfacet
  facet normal 0.595477 -0.441646 0.671085
    outer loop
      vertex 2.86735 -1.9159 8.64853
      vertex 2.66575 -2.18772 8.64853
      vertex 2.72688 -2.23789 8.56127
    endloop
  endfacet
  facet normal -0.208615 0.125033 0.969972
    outer loop
      vertex -2.45146 1.63801 8.94833
      vertex -2.6002 1.38984 8.94833
      vertex -2.35647 1.57455 8.97694
    endloop
  endfacet
  facet normal -0.132805 0.0628104 0.98915
    outer loop
      vertex -2.49946 1.33599 8.97694
      vertex -2.61837 1.08457 8.97694
      vertex -2.51075 1.03999 8.99422
    endloop
  endfacet
  facet normal -0.802604 0.0394198 0.595209
    outer loop
      vertex -3.58044 0.352642 8.46668
      vertex -3.59776 0 8.46668
      vertex -3.51063 0.345766 8.56127
    endloop
  endfacet
  facet normal -0.794872 -0.117918 0.595209
    outer loop
      vertex -3.51063 -0.345766 8.56127
      vertex -3.58044 -0.352642 8.46668
      vertex -3.52863 -0.701888 8.46668
    endloop
  endfacet
  facet normal -0.578268 0.14486 0.802883
    outer loop
      vertex -3.12602 0.948268 8.79776
      vertex -3.21654 0.975725 8.72761
      vertex -3.20392 0.637298 8.79776
    endloop
  endfacet
  facet normal -0.561306 0.200847 0.802868
    outer loop
      vertex -3.10541 1.2863 8.72761
      vertex -3.21654 0.975725 8.72761
      vertex -3.01802 1.25011 8.79776
    endloop
  endfacet
  facet normal -0.595408 0.0292407 0.802891
    outer loop
      vertex -3.34509 0.329462 8.72761
      vertex -3.36127 0 8.72761
      vertex -3.25095 0.32019 8.79776
    endloop
  endfacet
  facet normal -0.664736 0.0985907 0.740544
    outer loop
      vertex -3.38227 0.672774 8.64853
      vertex -3.43192 0.338015 8.64853
      vertex -3.34509 0.329462 8.72761
    endloop
  endfacet
  facet normal -0.415223 -0.104012 0.903754
    outer loop
      vertex -3.00044 -0.596824 8.90866
      vertex -3.02936 -0.918947 8.8583
      vertex -2.92749 -0.888044 8.90866
    endloop
  endfacet
  facet normal -0.427541 -0.0210126 0.903752
    outer loop
      vertex -3.04449 -0.299855 8.90866
      vertex -3.16568 0 8.8583
      vertex -3.15043 -0.31029 8.8583
    endloop
  endfacet
  facet normal -0.413274 -0.306498 0.857475
    outer loop
      vertex -2.63216 -1.75875 8.8583
      vertex -2.71615 -1.81487 8.79776
      vertex -2.4471 -2.00828 8.8583
    endloop
  endfacet
  facet normal -0.538925 -0.254886 0.802865
    outer loop
      vertex -3.01802 -1.25011 8.79776
      vertex -3.10541 -1.2863 8.72761
      vertex -2.96438 -1.58449 8.72761
    endloop
  endfacet
  facet normal -0.513933 0.025248 0.857458
    outer loop
      vertex -3.25095 0.32019 8.79776
      vertex -3.26668 0 8.79776
      vertex -3.15043 0.31029 8.8583
    endloop
  endfacet
  facet normal -0.513957 0.0252597 0.857444
    outer loop
      vertex -3.15043 0.31029 8.8583
      vertex -3.26668 0 8.79776
      vertex -3.16568 0 8.8583
    endloop
  endfacet
  facet normal -0.415223 0.104012 0.903754
    outer loop
      vertex -2.92749 0.888044 8.90866
      vertex -3.02936 0.918947 8.8583
      vertex -3.00044 0.596824 8.90866
    endloop
  endfacet
  facet normal -0.423415 0.062806 0.903756
    outer loop
      vertex -3.00044 0.596824 8.90866
      vertex -3.10485 0.617592 8.8583
      vertex -3.04449 0.299855 8.90866
    endloop
  endfacet
  facet normal -0.484459 0.173343 0.857468
    outer loop
      vertex -3.01802 1.25011 8.79776
      vertex -3.02936 0.918947 8.8583
      vertex -2.9247 1.21145 8.8583
    endloop
  endfacet
  facet normal -0.40303 0.144208 0.903754
    outer loop
      vertex -2.9247 1.21145 8.8583
      vertex -3.02936 0.918947 8.8583
      vertex -2.82635 1.17071 8.90866
    endloop
  endfacet
  facet normal -0.47882 -0.355122 0.802882
    outer loop
      vertex -2.52518 -2.07236 8.79776
      vertex -2.71615 -1.81487 8.79776
      vertex -2.5983 -2.13237 8.72761
    endloop
  endfacet
  facet normal -0.561306 -0.200847 0.802868
    outer loop
      vertex -3.01802 -1.25011 8.79776
      vertex -3.21654 -0.975725 8.72761
      vertex -3.10541 -1.2863 8.72761
    endloop
  endfacet
  facet normal -0.226474 -0.249866 0.941422
    outer loop
      vertex -1.87041 -2.2791 8.94833
      vertex -2.08479 -2.08479 8.94833
      vertex -1.94075 -2.36481 8.90866
    endloop
  endfacet
  facet normal -0.270869 -0.200889 0.941421
    outer loop
      vertex -2.45146 -1.63801 8.94833
      vertex -2.54365 -1.69961 8.90866
      vertex -2.36481 -1.94075 8.90866
    endloop
  endfacet
  facet normal -0.235925 -0.0590968 0.969973
    outer loop
      vertex -2.77965 -0.552907 8.97694
      vertex -2.82139 -0.855858 8.94833
      vertex -2.71207 -0.822698 8.97694
    endloop
  endfacet
  facet normal -0.508986 -0.0754872 0.857459
    outer loop
      vertex -3.15043 -0.31029 8.8583
      vertex -3.25095 -0.32019 8.79776
      vertex -3.20392 -0.637298 8.79776
    endloop
  endfacet
  facet normal -0.145315 -0.0215543 0.989151
    outer loop
      vertex -2.70453 -0.266373 8.99422
      vertex -2.82046 -0.277791 8.97694
      vertex -2.6654 -0.530181 8.99422
    endloop
  endfacet
  facet normal 0.0292728 -0.0394708 0.998792
    outer loop
      vertex 1.64942 -2.00983 9
      vertex 1.44448 -2.16182 9
      vertex 1.72404 -2.10075 8.99422
    endloop
  endfacet
  facet normal 0.0364114 -0.0330008 0.998792
    outer loop
      vertex 2.10075 -1.72404 8.99422
      vertex 1.83848 -1.83848 9
      vertex 1.92165 -1.92165 8.99422
    endloop
  endfacet
  facet normal 0.0119396 -0.0476667 0.998792
    outer loop
      vertex 0.75474 -2.48804 9
      vertex 0.530181 -2.6654 8.99422
      vertex 0.788883 -2.6006 8.99422
    endloop
  endfacet
  facet normal -0.142506 -0.0356951 0.98915
    outer loop
      vertex -2.6654 -0.530181 8.99422
      vertex -2.77965 -0.552907 8.97694
      vertex -2.6006 -0.788883 8.99422
    endloop
  endfacet
  facet normal -0.145318 -0.0215562 0.98915
    outer loop
      vertex -2.6654 -0.530181 8.99422
      vertex -2.82046 -0.277791 8.97694
      vertex -2.77965 -0.552907 8.97694
    endloop
  endfacet
  facet normal 0.144884 -0.195353 0.969972
    outer loop
      vertex 1.87041 -2.2791 8.94833
      vertex 1.57455 -2.35647 8.97694
      vertex 1.63801 -2.45146 8.94833
    endloop
  endfacet
  facet normal -0.016555 -0.0462667 0.998792
    outer loop
      vertex -0.75474 -2.48804 9
      vertex -1.03999 -2.51075 8.99422
      vertex -0.788883 -2.6006 8.99422
    endloop
  endfacet
  facet normal -0.343824 -0.254992 0.90375
    outer loop
      vertex -2.36481 -1.94075 8.90866
      vertex -2.63216 -1.75875 8.8583
      vertex -2.4471 -2.00828 8.8583
    endloop
  endfacet
  facet normal -0.317164 -0.287478 0.90375
    outer loop
      vertex -2.36481 -1.94075 8.90866
      vertex -2.4471 -2.00828 8.8583
      vertex -2.16319 -2.16319 8.90866
    endloop
  endfacet
  facet normal -0.144179 -0.304839 0.941427
    outer loop
      vertex -1.38984 -2.6002 8.94833
      vertex -1.44211 -2.69799 8.90866
      vertex -1.12828 -2.72391 8.94833
    endloop
  endfacet
  facet normal -0.113618 -0.317523 0.941419
    outer loop
      vertex -0.855858 -2.82139 8.94833
      vertex -1.12828 -2.72391 8.94833
      vertex -0.888044 -2.92749 8.90866
    endloop
  endfacet
  facet normal -0.144883 -0.195349 0.969973
    outer loop
      vertex -1.79794 -2.19079 8.97694
      vertex -1.87041 -2.2791 8.94833
      vertex -1.57455 -2.35647 8.97694
    endloop
  endfacet
  facet normal -0.940415 -0.336477 0.0490174
    outer loop
      vertex -3.5054 -1.45199 7.91762
      vertex -3.63084 -1.1014 7.91762
      vertex -3.51074 -1.4542 7.8
    endloop
  endfacet
  facet normal -0.902898 -0.427052 0.049016
    outer loop
      vertex -3.5054 -1.45199 7.91762
      vertex -3.51074 -1.4542 7.8
      vertex -3.3462 -1.78858 7.91762
    endloop
  endfacet
  facet normal -0.270865 -0.200887 0.941423
    outer loop
      vertex -2.2791 -1.87041 8.94833
      vertex -2.45146 -1.63801 8.94833
      vertex -2.36481 -1.94075 8.90866
    endloop
  endfacet
  facet normal -0.219879 -0.103996 0.969968
    outer loop
      vertex -2.49946 -1.33599 8.97694
      vertex -2.72391 -1.12828 8.94833
      vertex -2.6002 -1.38984 8.94833
    endloop
  endfacet
  facet normal -0.126011 -0.0755298 0.989149
    outer loop
      vertex -2.39673 -1.28108 8.99422
      vertex -2.49946 -1.33599 8.97694
      vertex -2.25962 -1.50983 8.99422
    endloop
  endfacet
  facet normal -0.0444253 -0.0210103 0.998792
    outer loop
      vertex -2.40209 -0.994976 9
      vertex -2.51075 -1.03999 8.99422
      vertex -2.39673 -1.28108 8.99422
    endloop
  endfacet
  facet normal -0.595477 -0.441646 0.671085
    outer loop
      vertex -2.66575 -2.18772 8.64853
      vertex -2.86735 -1.9159 8.64853
      vertex -2.72688 -2.23789 8.56127
    endloop
  endfacet
  facet normal -0.441696 -0.40033 0.802895
    outer loop
      vertex -2.30989 -2.30989 8.79776
      vertex -2.5983 -2.13237 8.72761
      vertex -2.37678 -2.37678 8.72761
    endloop
  endfacet
  facet normal -0.807835 -0.289059 0.513661
    outer loop
      vertex -3.3239 -1.3768 8.46668
      vertex -3.50078 -1.06195 8.36568
      vertex -3.37983 -1.39997 8.36568
    endloop
  endfacet
  facet normal -0.775613 -0.366847 0.513662
    outer loop
      vertex -3.3239 -1.3768 8.46668
      vertex -3.37983 -1.39997 8.36568
      vertex -3.17294 -1.69597 8.46668
    endloop
  endfacet
  facet normal -0.978493 -0.14513 0.146587
    outer loop
      vertex -3.75875 -0.370205 8.03411
      vertex -3.77595 -0.371899 7.91762
      vertex -3.70437 -0.736844 8.03411
    endloop
  endfacet
  facet normal -0.978494 -0.145134 0.146577
    outer loop
      vertex -3.70437 -0.736844 8.03411
      vertex -3.77595 -0.371899 7.91762
      vertex -3.72132 -0.740215 7.91762
    endloop
  endfacet
  facet normal -0.940548 -0.0462082 0.336504
    outer loop
      vertex -3.70866 0 8.25922
      vertex -3.74833 0 8.14834
      vertex -3.73028 -0.3674 8.14834
    endloop
  endfacet
  facet normal -0.940545 -0.0462108 0.336512
    outer loop
      vertex -3.70866 0 8.25922
      vertex -3.73028 -0.3674 8.14834
      vertex -3.6908 -0.363511 8.25922
    endloop
  endfacet
  facet normal -0.968942 0.0476089 0.242662
    outer loop
      vertex -3.75875 0.370205 8.03411
      vertex -3.77694 0 8.03411
      vertex -3.73028 0.3674 8.14834
    endloop
  endfacet
  facet normal -0.848698 0.125898 0.513675
    outer loop
      vertex -3.58801 0.713699 8.36568
      vertex -3.64069 0.358576 8.36568
      vertex -3.58044 0.352642 8.46668
    endloop
  endfacet
  facet normal -0.775555 -0.464856 0.427112
    outer loop
      vertex -3.22634 -1.72451 8.36568
      vertex -3.27074 -1.74825 8.25922
      vertex -3.08363 -2.06042 8.25922
    endloop
  endfacet
  facet normal -0.726262 -0.538616 0.427126
    outer loop
      vertex -3.04177 -2.03244 8.36568
      vertex -3.08363 -2.06042 8.25922
      vertex -2.86683 -2.35275 8.25922
    endloop
  endfacet
  facet normal -0.886631 -0.317261 0.336499
    outer loop
      vertex -3.42635 -1.41924 8.25922
      vertex -3.58693 -1.08808 8.14834
      vertex -3.463 -1.43442 8.14834
    endloop
  endfacet
  facet normal -0.913457 -0.228799 0.336522
    outer loop
      vertex -3.63739 -0.723522 8.25922
      vertex -3.6763 -0.731262 8.14834
      vertex -3.54896 -1.07657 8.25922
    endloop
  endfacet
  facet normal -0.817388 -0.386595 0.427107
    outer loop
      vertex -3.22634 -1.72451 8.36568
      vertex -3.42635 -1.41924 8.25922
      vertex -3.27074 -1.74825 8.25922
    endloop
  endfacet
  facet normal -0.851262 -0.402616 0.336531
    outer loop
      vertex -3.27074 -1.74825 8.25922
      vertex -3.42635 -1.41924 8.25922
      vertex -3.30573 -1.76695 8.14834
    endloop
  endfacet
  facet normal -0.740448 -0.0363855 0.671128
    outer loop
      vertex -3.44853 0 8.64853
      vertex -3.51063 -0.345766 8.56127
      vertex -3.43192 -0.338015 8.64853
    endloop
  endfacet
  facet normal -0.733317 -0.108786 0.671127
    outer loop
      vertex -3.43192 -0.338015 8.64853
      vertex -3.51063 -0.345766 8.56127
      vertex -3.45983 -0.688203 8.56127
    endloop
  endfacet
  facet normal -0.848691 -0.125902 0.513686
    outer loop
      vertex -3.58044 -0.352642 8.46668
      vertex -3.58801 -0.713699 8.36568
      vertex -3.52863 -0.701888 8.46668
    endloop
  endfacet
  facet normal -0.832267 -0.208467 0.513685
    outer loop
      vertex -3.52863 -0.701888 8.46668
      vertex -3.58801 -0.713699 8.36568
      vertex -3.50078 -1.06195 8.36568
    endloop
  endfacet
  facet normal -0.0985907 -0.664736 0.740544
    outer loop
      vertex -0.329462 -3.34509 8.72761
      vertex -0.672774 -3.38227 8.64853
      vertex -0.338015 -3.43192 8.64853
    endloop
  endfacet
  facet normal 0.0292517 -0.595429 0.802875
    outer loop
      vertex 0 -3.26668 8.79776
      vertex 0 -3.36127 8.72761
      vertex 0.32019 -3.25095 8.79776
    endloop
  endfacet
  facet normal -0.108786 -0.733317 0.671127
    outer loop
      vertex -0.338015 -3.43192 8.64853
      vertex -0.688203 -3.45983 8.56127
      vertex -0.345766 -3.51063 8.56127
    endloop
  endfacet
  facet normal 0.0394141 -0.802594 0.595222
    outer loop
      vertex 0 -3.52761 8.56127
      vertex 0 -3.59776 8.46668
      vertex 0.345766 -3.51063 8.56127
    endloop
  endfacet
  facet normal -0.235708 -0.941016 0.242756
    outer loop
      vertex -0.731262 -3.6763 8.14834
      vertex -1.09639 -3.61431 8.03411
      vertex -0.736844 -3.70437 8.03411
    endloop
  endfacet
  facet normal -0.142327 -0.95959 0.242757
    outer loop
      vertex -0.731262 -3.6763 8.14834
      vertex -0.736844 -3.70437 8.03411
      vertex -0.370205 -3.75875 8.03411
    endloop
  endfacet
  facet normal -0.0394198 -0.802604 0.595209
    outer loop
      vertex -0.345766 -3.51063 8.56127
      vertex -0.352642 -3.58044 8.46668
      vertex 0 -3.59776 8.46668
    endloop
  endfacet
  facet normal 0.117918 -0.794872 0.595209
    outer loop
      vertex 0.701888 -3.52863 8.46668
      vertex 0.345766 -3.51063 8.56127
      vertex 0.352642 -3.58044 8.46668
    endloop
  endfacet
  facet normal -0.025248 -0.513933 0.857458
    outer loop
      vertex -0.31029 -3.15043 8.8583
      vertex -0.32019 -3.25095 8.79776
      vertex 0 -3.26668 8.79776
    endloop
  endfacet
  facet normal -0.163279 -0.651842 0.740568
    outer loop
      vertex -0.655751 -3.29669 8.72761
      vertex -0.975725 -3.21654 8.72761
      vertex -0.672774 -3.38227 8.64853
    endloop
  endfacet
  facet normal -0.538616 -0.726248 0.42715
    outer loop
      vertex -2.3208 -2.82791 8.36568
      vertex -2.35275 -2.86683 8.25922
      vertex -2.03244 -3.04177 8.36568
    endloop
  endfacet
  facet normal -0.539644 -0.595424 0.595193
    outer loop
      vertex -2.4944 -2.4944 8.56127
      vertex -2.544 -2.544 8.46668
      vertex -2.23789 -2.72688 8.56127
    endloop
  endfacet
  facet normal -0.726248 -0.538616 0.42715
    outer loop
      vertex -2.82791 -2.3208 8.36568
      vertex -3.04177 -2.03244 8.36568
      vertex -2.86683 -2.35275 8.25922
    endloop
  endfacet
  facet normal -0.669955 -0.607248 0.427094
    outer loop
      vertex -2.58681 -2.58681 8.36568
      vertex -2.86683 -2.35275 8.25922
      vertex -2.62241 -2.62241 8.25922
    endloop
  endfacet
  facet normal -0.511101 -0.689148 0.513664
    outer loop
      vertex -1.99881 -2.99143 8.46668
      vertex -2.3208 -2.82791 8.36568
      vertex -2.03244 -3.04177 8.36568
    endloop
  endfacet
  facet normal -0.511102 -0.689156 0.513652
    outer loop
      vertex -2.2824 -2.78111 8.46668
      vertex -2.3208 -2.82791 8.36568
      vertex -1.99881 -2.99143 8.46668
    endloop
  endfacet
  facet normal -0.718789 -0.651498 0.242676
    outer loop
      vertex -2.65047 -2.65047 8.14834
      vertex -2.91962 -2.39607 8.03411
      vertex -2.6707 -2.6707 8.03411
    endloop
  endfacet
  facet normal -0.73296 -0.66431 0.146501
    outer loop
      vertex -2.91962 -2.39607 8.03411
      vertex -2.93297 -2.40703 7.91762
      vertex -2.68292 -2.68292 7.91762
    endloop
  endfacet
  facet normal -0.632391 -0.697747 0.336498
    outer loop
      vertex -2.35275 -2.86683 8.25922
      vertex -2.65047 -2.65047 8.14834
      vertex -2.37791 -2.8975 8.14834
    endloop
  endfacet
  facet normal -0.669949 -0.607213 0.427154
    outer loop
      vertex -2.82791 -2.3208 8.36568
      vertex -2.86683 -2.35275 8.25922
      vertex -2.58681 -2.58681 8.36568
    endloop
  endfacet
  facet normal -0.549332 -0.497873 0.671086
    outer loop
      vertex -2.66575 -2.18772 8.64853
      vertex -2.72688 -2.23789 8.56127
      vertex -2.43848 -2.43848 8.64853
    endloop
  endfacet
  facet normal -0.54933 -0.497869 0.671091
    outer loop
      vertex -2.43848 -2.43848 8.64853
      vertex -2.72688 -2.23789 8.56127
      vertex -2.4944 -2.4944 8.56127
    endloop
  endfacet
  facet normal -0.355124 -0.47883 0.802876
    outer loop
      vertex -1.81487 -2.71615 8.79776
      vertex -2.13237 -2.5983 8.72761
      vertex -1.86742 -2.7948 8.72761
    endloop
  endfacet
  facet normal -0.400296 -0.539738 0.740571
    outer loop
      vertex -1.86742 -2.7948 8.72761
      vertex -2.13237 -2.5983 8.72761
      vertex -1.9159 -2.86735 8.64853
    endloop
  endfacet
  facet normal -0.10877 -0.733366 0.671076
    outer loop
      vertex -0.672774 -3.38227 8.64853
      vertex -0.688203 -3.45983 8.56127
      vertex -0.338015 -3.43192 8.64853
    endloop
  endfacet
  facet normal -0.180145 -0.719169 0.671077
    outer loop
      vertex -0.672774 -3.38227 8.64853
      vertex -1.00105 -3.30004 8.64853
      vertex -0.688203 -3.45983 8.56127
    endloop
  endfacet
  facet normal -0.226406 -0.632713 0.74055
    outer loop
      vertex -1.2863 -3.10541 8.72761
      vertex -1.31969 -3.18602 8.64853
      vertex -1.00105 -3.30004 8.64853
    endloop
  endfacet
  facet normal -0.316963 -0.67016 0.671133
    outer loop
      vertex -1.31969 -3.18602 8.64853
      vertex -1.6629 -3.11108 8.56127
      vertex -1.34996 -3.25909 8.56127
    endloop
  endfacet
  facet normal -0.104013 -0.415219 0.903756
    outer loop
      vertex -0.596824 -3.00044 8.90866
      vertex -0.918947 -3.02936 8.8583
      vertex -0.617592 -3.10485 8.8583
    endloop
  endfacet
  facet normal -0.104012 -0.415223 0.903754
    outer loop
      vertex -0.888044 -2.92749 8.90866
      vertex -0.918947 -3.02936 8.8583
      vertex -0.596824 -3.00044 8.90866
    endloop
  endfacet
  facet normal -0.226393 -0.6327 0.740565
    outer loop
      vertex -0.975725 -3.21654 8.72761
      vertex -1.2863 -3.10541 8.72761
      vertex -1.00105 -3.30004 8.64853
    endloop
  endfacet
  facet normal -0.200847 -0.561306 0.802868
    outer loop
      vertex -1.25011 -3.01802 8.79776
      vertex -1.2863 -3.10541 8.72761
      vertex -0.975725 -3.21654 8.72761
    endloop
  endfacet
  facet normal -0.306517 -0.413285 0.857463
    outer loop
      vertex -2.00828 -2.4471 8.8583
      vertex -2.07236 -2.52518 8.79776
      vertex -1.81487 -2.71615 8.79776
    endloop
  endfacet
  facet normal -0.345552 -0.381248 0.857463
    outer loop
      vertex -2.00828 -2.4471 8.8583
      vertex -2.30989 -2.30989 8.79776
      vertex -2.07236 -2.52518 8.79776
    endloop
  endfacet
  facet normal -0.254992 -0.343824 0.90375
    outer loop
      vertex -1.94075 -2.36481 8.90866
      vertex -2.00828 -2.4471 8.8583
      vertex -1.75875 -2.63216 8.8583
    endloop
  endfacet
  facet normal -0.183007 -0.386958 0.903754
    outer loop
      vertex -1.17071 -2.82635 8.90866
      vertex -1.49229 -2.79188 8.8583
      vertex -1.21145 -2.9247 8.8583
    endloop
  endfacet
  facet normal -0.345474 -0.576394 0.740552
    outer loop
      vertex -1.58449 -2.96438 8.72761
      vertex -1.86742 -2.7948 8.72761
      vertex -1.62562 -3.04133 8.64853
    endloop
  endfacet
  facet normal -0.345456 -0.576382 0.74057
    outer loop
      vertex -1.86742 -2.7948 8.72761
      vertex -1.9159 -2.86735 8.64853
      vertex -1.62562 -3.04133 8.64853
    endloop
  endfacet
  facet normal -0.30648 -0.511336 0.802873
    outer loop
      vertex -1.5399 -2.88096 8.79776
      vertex -1.86742 -2.7948 8.72761
      vertex -1.58449 -2.96438 8.72761
    endloop
  endfacet
  facet normal -0.254886 -0.538914 0.802873
    outer loop
      vertex -1.5399 -2.88096 8.79776
      vertex -1.58449 -2.96438 8.72761
      vertex -1.25011 -3.01802 8.79776
    endloop
  endfacet
  facet normal 0.226406 -0.632713 0.74055
    outer loop
      vertex 1.2863 -3.10541 8.72761
      vertex 1.00105 -3.30004 8.64853
      vertex 1.31969 -3.18602 8.64853
    endloop
  endfacet
  facet normal -0.0490081 -0.997595 0.0490231
    outer loop
      vertex 0 -3.79422 7.91762
      vertex -0.371899 -3.77595 7.91762
      vertex 0 -3.8 7.8
    endloop
  endfacet
  facet normal 0.14513 -0.978493 0.146587
    outer loop
      vertex 0.736844 -3.70437 8.03411
      vertex 0.370205 -3.75875 8.03411
      vertex 0.371899 -3.77595 7.91762
    endloop
  endfacet
  facet normal 0.146543 -0.987993 0.0489486
    outer loop
      vertex 0.740215 -3.72132 7.91762
      vertex 0.371899 -3.77595 7.91762
      vertex 0.741343 -3.72698 7.8
    endloop
  endfacet
  facet normal -0.132692 -0.894413 0.427105
    outer loop
      vertex -0.713699 -3.58801 8.36568
      vertex -0.723522 -3.63739 8.25922
      vertex -0.363511 -3.6908 8.25922
    endloop
  endfacet
  facet normal 0.0443771 -0.903097 0.427139
    outer loop
      vertex 0.358576 -3.64069 8.36568
      vertex 0 -3.65831 8.36568
      vertex 0.363511 -3.6908 8.25922
    endloop
  endfacet
  facet normal 0.317261 -0.886631 0.336499
    outer loop
      vertex 1.41924 -3.42635 8.25922
      vertex 1.08808 -3.58693 8.14834
      vertex 1.43442 -3.463 8.14834
    endloop
  endfacet
  facet normal 0.0485372 -0.98801 0.14656
    outer loop
      vertex 0 -3.77694 8.03411
      vertex 0 -3.79422 7.91762
      vertex 0.371899 -3.77595 7.91762
    endloop
  endfacet
  facet normal 0.414757 -0.876957 0.242741
    outer loop
      vertex 1.76695 -3.30573 8.14834
      vertex 1.43442 -3.463 8.14834
      vertex 1.44537 -3.48944 8.03411
    endloop
  endfacet
  facet normal 0.498737 -0.832066 0.24275
    outer loop
      vertex 2.09836 -3.14041 8.03411
      vertex 1.76695 -3.30573 8.14834
      vertex 1.78044 -3.33097 8.03411
    endloop
  endfacet
  facet normal 0.343578 -0.726417 0.595208
    outer loop
      vertex 1.69597 -3.17294 8.46668
      vertex 1.34996 -3.25909 8.56127
      vertex 1.3768 -3.3239 8.46668
    endloop
  endfacet
  facet normal 0.30462 -0.851325 0.427143
    outer loop
      vertex 1.39997 -3.37983 8.36568
      vertex 1.06195 -3.50078 8.36568
      vertex 1.41924 -3.42635 8.25922
    endloop
  endfacet
  facet normal -0.146736 -0.989176 0
    outer loop
      vertex -0.741343 -3.72698 4
      vertex -0.372464 -3.7817 7.8
      vertex -0.741343 -3.72698 7.8
    endloop
  endfacet
  facet normal -0.146736 -0.989176 -0
    outer loop
      vertex -0.372464 -3.7817 7.8
      vertex -0.741343 -3.72698 4
      vertex -0.372464 -3.7817 4
    endloop
  endfacet
  facet normal -0.0490731 -0.998795 0
    outer loop
      vertex -0.372464 -3.7817 4
      vertex 0 -3.8 7.8
      vertex -0.372464 -3.7817 7.8
    endloop
  endfacet
  facet normal -0.0490731 -0.998795 -0
    outer loop
      vertex 0 -3.8 7.8
      vertex -0.372464 -3.7817 4
      vertex 0 -3.8 4
    endloop
  endfacet
  facet normal -0.336477 -0.940415 0.0490174
    outer loop
      vertex -1.45199 -3.5054 7.91762
      vertex -1.4542 -3.51074 7.8
      vertex -1.1014 -3.63084 7.91762
    endloop
  endfacet
  facet normal -0.508533 -0.848475 0.146575
    outer loop
      vertex -2.09836 -3.14041 8.03411
      vertex -2.10796 -3.15478 7.91762
      vertex -1.78858 -3.3462 7.91762
    endloop
  endfacet
  facet normal -0.441087 -0.735893 0.513716
    outer loop
      vertex -1.69597 -3.17294 8.46668
      vertex -2.03244 -3.04177 8.36568
      vertex -1.72451 -3.22634 8.36568
    endloop
  endfacet
  facet normal -0.270701 -0.756601 0.59521
    outer loop
      vertex -1.34996 -3.25909 8.56127
      vertex -1.3768 -3.3239 8.46668
      vertex -1.02401 -3.37571 8.56127
    endloop
  endfacet
  facet normal -0.125902 -0.848691 0.513686
    outer loop
      vertex -0.701888 -3.52863 8.46668
      vertex -0.713699 -3.58801 8.36568
      vertex -0.352642 -3.58044 8.46668
    endloop
  endfacet
  facet normal -0.289038 -0.807819 0.513697
    outer loop
      vertex -1.04438 -3.44284 8.46668
      vertex -1.3768 -3.3239 8.46668
      vertex -1.06195 -3.50078 8.36568
    endloop
  endfacet
  facet normal -0.498731 -0.83208 0.242712
    outer loop
      vertex -2.08246 -3.11662 8.14834
      vertex -2.09836 -3.14041 8.03411
      vertex -1.76695 -3.30573 8.14834
    endloop
  endfacet
  facet normal -0.402616 -0.851262 0.336531
    outer loop
      vertex -1.74825 -3.27074 8.25922
      vertex -1.76695 -3.30573 8.14834
      vertex -1.41924 -3.42635 8.25922
    endloop
  endfacet
  facet normal -0.51349 -0.856692 0.0490644
    outer loop
      vertex -1.78858 -3.3462 7.91762
      vertex -2.11117 -3.15958 7.8
      vertex -1.79131 -3.3513 7.8
    endloop
  endfacet
  facet normal -0.427038 -0.902902 0.0490615
    outer loop
      vertex -1.78858 -3.3462 7.91762
      vertex -1.79131 -3.3513 7.8
      vertex -1.4542 -3.51074 7.8
    endloop
  endfacet
  facet normal -0.85671 -0.513468 0.048975
    outer loop
      vertex -3.15478 -2.10796 7.91762
      vertex -3.3462 -1.78858 7.91762
      vertex -3.15958 -2.11117 7.8
    endloop
  endfacet
  facet normal -0.802242 -0.594985 0.0490024
    outer loop
      vertex -2.93297 -2.40703 7.91762
      vertex -3.15958 -2.11117 7.8
      vertex -2.93744 -2.41069 7.8
    endloop
  endfacet
  facet normal -0.740064 -0.670749 0.048997
    outer loop
      vertex -2.93297 -2.40703 7.91762
      vertex -2.93744 -2.41069 7.8
      vertex -2.68292 -2.68292 7.91762
    endloop
  endfacet
  facet normal -0.740967 -0.671542 0
    outer loop
      vertex -2.68701 -2.68701 4
      vertex -2.93744 -2.41069 7.8
      vertex -2.93744 -2.41069 4
    endloop
  endfacet
  facet normal -0.740967 -0.671542 0
    outer loop
      vertex -2.93744 -2.41069 7.8
      vertex -2.68701 -2.68701 4
      vertex -2.68701 -2.68701 7.8
    endloop
  endfacet
  facet normal -0.877102 0.219693 0.427115
    outer loop
      vertex -3.54896 1.07657 8.25922
      vertex -3.63739 0.723522 8.25922
      vertex -3.50078 1.06195 8.36568
    endloop
  endfacet
  facet normal -0.913385 0.326834 0.242708
    outer loop
      vertex -3.463 1.43442 8.14834
      vertex -3.61431 1.09639 8.03411
      vertex -3.58693 1.08808 8.14834
    endloop
  endfacet
  facet normal -0.632713 0.226406 0.74055
    outer loop
      vertex -3.18602 1.31969 8.64853
      vertex -3.30004 1.00105 8.64853
      vertex -3.10541 1.2863 8.72761
    endloop
  endfacet
  facet normal -0.817378 0.386576 0.427144
    outer loop
      vertex -3.22634 1.72451 8.36568
      vertex -3.42635 1.41924 8.25922
      vertex -3.37983 1.39997 8.36568
    endloop
  endfacet
  facet normal -0.779198 0.577875 0.242715
    outer loop
      vertex -2.91962 2.39607 8.03411
      vertex -3.14041 2.09836 8.03411
      vertex -3.11662 2.08246 8.14834
    endloop
  endfacet
  facet normal -0.83208 0.498731 0.242712
    outer loop
      vertex -3.14041 2.09836 8.03411
      vertex -3.30573 1.76695 8.14834
      vertex -3.11662 2.08246 8.14834
    endloop
  endfacet
  facet normal -0.794527 0.589273 0.146574
    outer loop
      vertex -2.93297 2.40703 7.91762
      vertex -3.15478 2.10796 7.91762
      vertex -3.14041 2.09836 8.03411
    endloop
  endfacet
  facet normal -0.802238 0.594992 0.0489769
    outer loop
      vertex -2.93297 2.40703 7.91762
      vertex -3.15958 2.11117 7.8
      vertex -3.15478 2.10796 7.91762
    endloop
  endfacet
  facet normal 0.508533 -0.848475 0.146575
    outer loop
      vertex 2.09836 -3.14041 8.03411
      vertex 1.78858 -3.3462 7.91762
      vertex 2.10796 -3.15478 7.91762
    endloop
  endfacet
  facet normal 0.718789 -0.651498 0.242676
    outer loop
      vertex 2.91962 -2.39607 8.03411
      vertex 2.65047 -2.65047 8.14834
      vertex 2.6707 -2.6707 8.03411
    endloop
  endfacet
  facet normal 0.287311 -0.607482 0.740552
    outer loop
      vertex 1.58449 -2.96438 8.72761
      vertex 1.2863 -3.10541 8.72761
      vertex 1.62562 -3.04133 8.64853
    endloop
  endfacet
  facet normal 0.108786 -0.733317 0.671127
    outer loop
      vertex 0.688203 -3.45983 8.56127
      vertex 0.338015 -3.43192 8.64853
      vertex 0.345766 -3.51063 8.56127
    endloop
  endfacet
  facet normal 0.287311 -0.607485 0.74055
    outer loop
      vertex 1.62562 -3.04133 8.64853
      vertex 1.2863 -3.10541 8.72761
      vertex 1.31969 -3.18602 8.64853
    endloop
  endfacet
  facet normal 0.200847 -0.561306 0.802868
    outer loop
      vertex 1.25011 -3.01802 8.79776
      vertex 0.975725 -3.21654 8.72761
      vertex 1.2863 -3.10541 8.72761
    endloop
  endfacet
  facet normal -0.0356951 -0.142506 0.98915
    outer loop
      vertex -0.530181 -2.6654 8.99422
      vertex -0.788883 -2.6006 8.99422
      vertex -0.552907 -2.77965 8.97694
    endloop
  endfacet
  facet normal -0.0819407 -0.228995 0.969973
    outer loop
      vertex -0.822698 -2.71207 8.97694
      vertex -1.12828 -2.72391 8.94833
      vertex -0.855858 -2.82139 8.94833
    endloop
  endfacet
  facet normal -0.0119396 0.0476667 0.998792
    outer loop
      vertex -0.530181 2.6654 8.99422
      vertex -0.788883 2.6006 8.99422
      vertex -0.75474 2.48804 9
    endloop
  endfacet
  facet normal -0.0252622 -0.0421486 0.998792
    outer loop
      vertex -1.44448 -2.16182 9
      vertex -1.50983 -2.25962 8.99422
      vertex -1.22563 -2.29299 9
    endloop
  endfacet
  facet normal 0.0590968 -0.235925 0.969973
    outer loop
      vertex 0.822698 -2.71207 8.97694
      vertex 0.552907 -2.77965 8.97694
      vertex 0.855858 -2.82139 8.94833
    endloop
  endfacet
  facet normal 0.035697 -0.142508 0.98915
    outer loop
      vertex 0.788883 -2.6006 8.99422
      vertex 0.552907 -2.77965 8.97694
      vertex 0.822698 -2.71207 8.97694
    endloop
  endfacet
  facet normal -0.0462667 -0.016555 0.998792
    outer loop
      vertex -2.48804 -0.75474 9
      vertex -2.6006 -0.788883 8.99422
      vertex -2.51075 -1.03999 8.99422
    endloop
  endfacet
  facet normal 0.00721011 -0.0486093 0.998792
    outer loop
      vertex 0.507235 -2.55004 9
      vertex 0.266373 -2.70453 8.99422
      vertex 0.530181 -2.6654 8.99422
    endloop
  endfacet
  facet normal 0.304839 -0.144179 0.941427
    outer loop
      vertex 2.72391 -1.12828 8.94833
      vertex 2.6002 -1.38984 8.94833
      vertex 2.69799 -1.44211 8.90866
    endloop
  endfacet
  facet normal -0.0462712 -0.0165546 0.998792
    outer loop
      vertex -2.48804 -0.75474 9
      vertex -2.51075 -1.03999 8.99422
      vertex -2.40209 -0.994976 9
    endloop
  endfacet
  facet normal 0.0444188 0.0210102 0.998792
    outer loop
      vertex 2.39673 1.28108 8.99422
      vertex 2.29299 1.22563 9
      vertex 2.40209 0.994976 9
    endloop
  endfacet
  facet normal 0.0330008 -0.0364114 0.998792
    outer loop
      vertex 1.83848 -1.83848 9
      vertex 1.72404 -2.10075 8.99422
      vertex 1.92165 -1.92165 8.99422
    endloop
  endfacet
  facet normal 0.47882 -0.355122 0.802882
    outer loop
      vertex 2.71615 -1.81487 8.79776
      vertex 2.52518 -2.07236 8.79776
      vertex 2.5983 -2.13237 8.72761
    endloop
  endfacet
  facet normal 0.807835 -0.289059 0.513661
    outer loop
      vertex 3.50078 -1.06195 8.36568
      vertex 3.3239 -1.3768 8.46668
      vertex 3.37983 -1.39997 8.36568
    endloop
  endfacet
  facet normal 0.47883 -0.355124 0.802876
    outer loop
      vertex 2.71615 -1.81487 8.79776
      vertex 2.5983 -2.13237 8.72761
      vertex 2.7948 -1.86742 8.72761
    endloop
  endfacet
  facet normal 0.40303 -0.144208 0.903754
    outer loop
      vertex 3.02936 -0.918947 8.8583
      vertex 2.82635 -1.17071 8.90866
      vertex 2.9247 -1.21145 8.8583
    endloop
  endfacet
  facet normal 0.0494756 -0.333573 0.941425
    outer loop
      vertex 0.575192 -2.89169 8.94833
      vertex 0.288987 -2.93414 8.94833
      vertex 0.596824 -3.00044 8.90866
    endloop
  endfacet
  facet normal 0.0494781 -0.333564 0.941428
    outer loop
      vertex 0.596824 -3.00044 8.90866
      vertex 0.288987 -2.93414 8.94833
      vertex 0.299855 -3.04449 8.90866
    endloop
  endfacet
  facet normal 0.0985993 -0.664708 0.740568
    outer loop
      vertex 0.655751 -3.29669 8.72761
      vertex 0.329462 -3.34509 8.72761
      vertex 0.672774 -3.38227 8.64853
    endloop
  endfacet
  facet normal 0.125033 -0.499119 0.857465
    outer loop
      vertex 0.918947 -3.02936 8.8583
      vertex 0.637298 -3.20392 8.79776
      vertex 0.948268 -3.12602 8.79776
    endloop
  endfacet
  facet normal 0.126011 -0.0755298 0.989149
    outer loop
      vertex 2.39673 -1.28108 8.99422
      vertex 2.25962 -1.50983 8.99422
      vertex 2.49946 -1.33599 8.97694
    endloop
  endfacet
  facet normal 0.24987 -0.226483 0.941419
    outer loop
      vertex 2.36481 -1.94075 8.90866
      vertex 2.08479 -2.08479 8.94833
      vertex 2.16319 -2.16319 8.90866
    endloop
  endfacet
  facet normal -0.0165546 0.0462712 0.998792
    outer loop
      vertex -0.75474 2.48804 9
      vertex -1.03999 2.51075 8.99422
      vertex -0.994976 2.40209 9
    endloop
  endfacet
  facet normal -0.039469 -0.0292724 0.998792
    outer loop
      vertex -2.16182 -1.44448 9
      vertex -2.25962 -1.50983 8.99422
      vertex -2.10075 -1.72404 8.99422
    endloop
  endfacet
  facet normal 0.54933 -0.497869 0.671091
    outer loop
      vertex 2.72688 -2.23789 8.56127
      vertex 2.43848 -2.43848 8.64853
      vertex 2.4944 -2.4944 8.56127
    endloop
  endfacet
  facet normal 0.306517 -0.413285 0.857463
    outer loop
      vertex 2.00828 -2.4471 8.8583
      vertex 1.81487 -2.71615 8.79776
      vertex 2.07236 -2.52518 8.79776
    endloop
  endfacet
  facet normal 0.200887 -0.270865 0.941423
    outer loop
      vertex 1.87041 -2.2791 8.94833
      vertex 1.63801 -2.45146 8.94833
      vertex 1.94075 -2.36481 8.90866
    endloop
  endfacet
  facet normal 0.30648 -0.511336 0.802873
    outer loop
      vertex 1.86742 -2.7948 8.72761
      vertex 1.5399 -2.88096 8.79776
      vertex 1.58449 -2.96438 8.72761
    endloop
  endfacet
  facet normal 0.832066 -0.498737 0.24275
    outer loop
      vertex 3.30573 -1.76695 8.14834
      vertex 3.14041 -2.09836 8.03411
      vertex 3.33097 -1.78044 8.03411
    endloop
  endfacet
  facet normal 0.894224 -0.422949 0.146551
    outer loop
      vertex 3.48944 -1.44537 8.03411
      vertex 3.3462 -1.78858 7.91762
      vertex 3.5054 -1.45199 7.91762
    endloop
  endfacet
  facet normal 0.779489 -0.195252 0.595209
    outer loop
      vertex 3.45983 -0.688203 8.56127
      vertex 3.44284 -1.04438 8.46668
      vertex 3.52863 -0.701888 8.46668
    endloop
  endfacet
  facet normal 0.913457 -0.228799 0.336522
    outer loop
      vertex 3.63739 -0.723522 8.25922
      vertex 3.54896 -1.07657 8.25922
      vertex 3.6763 -0.731262 8.14834
    endloop
  endfacet
  facet normal -0.0490834 0.00241204 0.998792
    outer loop
      vertex -2.70453 0.266373 8.99422
      vertex -2.71762 0 8.99422
      vertex -2.58748 0.254844 9
    endloop
  endfacet
  facet normal -0.146729 0.00720994 0.98915
    outer loop
      vertex -2.82046 0.277791 8.97694
      vertex -2.83411 0 8.97694
      vertex -2.71762 0 8.99422
    endloop
  endfacet
  facet normal -0.333564 -0.0494781 0.941428
    outer loop
      vertex -2.93414 -0.288987 8.94833
      vertex -3.04449 -0.299855 8.90866
      vertex -3.00044 -0.596824 8.90866
    endloop
  endfacet
  facet normal -0.145318 0.0215562 0.98915
    outer loop
      vertex -2.77965 0.552907 8.97694
      vertex -2.82046 0.277791 8.97694
      vertex -2.6654 0.530181 8.99422
    endloop
  endfacet
  facet normal -0.235925 0.0590968 0.969973
    outer loop
      vertex -2.71207 0.822698 8.97694
      vertex -2.82139 0.855858 8.94833
      vertex -2.77965 0.552907 8.97694
    endloop
  endfacet
  facet normal -0.235933 0.0590954 0.969971
    outer loop
      vertex -2.82139 0.855858 8.94833
      vertex -2.89169 0.575192 8.94833
      vertex -2.77965 0.552907 8.97694
    endloop
  endfacet
  facet normal -0.0874738 0.589706 0.802867
    outer loop
      vertex -0.329462 3.34509 8.72761
      vertex -0.655751 3.29669 8.72761
      vertex -0.637298 3.20392 8.79776
    endloop
  endfacet
  facet normal -0.345474 0.576394 0.740552
    outer loop
      vertex -1.62562 3.04133 8.64853
      vertex -1.86742 2.7948 8.72761
      vertex -1.58449 2.96438 8.72761
    endloop
  endfacet
  facet normal -0.270701 0.756601 0.59521
    outer loop
      vertex -1.02401 3.37571 8.56127
      vertex -1.3768 3.3239 8.46668
      vertex -1.34996 3.25909 8.56127
    endloop
  endfacet
  facet normal -0.249757 0.698065 0.671064
    outer loop
      vertex -1.02401 3.37571 8.56127
      vertex -1.34996 3.25909 8.56127
      vertex -1.00105 3.30004 8.64853
    endloop
  endfacet
  facet normal -0.289038 0.807819 0.513697
    outer loop
      vertex -1.06195 3.50078 8.36568
      vertex -1.3768 3.3239 8.46668
      vertex -1.04438 3.44284 8.46668
    endloop
  endfacet
  facet normal -0.20847 0.832257 0.513701
    outer loop
      vertex -0.701888 3.52863 8.46668
      vertex -1.06195 3.50078 8.36568
      vertex -1.04438 3.44284 8.46668
    endloop
  endfacet
  facet normal -0.062806 0.423415 0.903756
    outer loop
      vertex -0.299855 3.04449 8.90866
      vertex -0.617592 3.10485 8.8583
      vertex -0.596824 3.00044 8.90866
    endloop
  endfacet
  facet normal -0.0628036 0.423424 0.903752
    outer loop
      vertex -0.31029 3.15043 8.8583
      vertex -0.617592 3.10485 8.8583
      vertex -0.299855 3.04449 8.90866
    endloop
  endfacet
  facet normal -0.163279 0.651842 0.740568
    outer loop
      vertex -0.672774 3.38227 8.64853
      vertex -0.975725 3.21654 8.72761
      vertex -0.655751 3.29669 8.72761
    endloop
  endfacet
  facet normal -0.163281 0.651844 0.740567
    outer loop
      vertex -0.672774 3.38227 8.64853
      vertex -1.00105 3.30004 8.64853
      vertex -0.975725 3.21654 8.72761
    endloop
  endfacet
  facet normal -0.0215543 0.145315 0.989151
    outer loop
      vertex -0.277791 2.82046 8.97694
      vertex -0.530181 2.6654 8.99422
      vertex -0.266373 2.70453 8.99422
    endloop
  endfacet
  facet normal -0.016555 0.0462667 0.998792
    outer loop
      vertex -0.788883 2.6006 8.99422
      vertex -1.03999 2.51075 8.99422
      vertex -0.75474 2.48804 9
    endloop
  endfacet
  facet normal -0.0590968 0.235925 0.969973
    outer loop
      vertex -0.552907 2.77965 8.97694
      vertex -0.855858 2.82139 8.94833
      vertex -0.822698 2.71207 8.97694
    endloop
  endfacet
  facet normal -0.0819407 0.228995 0.969973
    outer loop
      vertex -0.855858 2.82139 8.94833
      vertex -1.12828 2.72391 8.94833
      vertex -0.822698 2.71207 8.97694
    endloop
  endfacet
  facet normal 0.144208 0.40303 0.903754
    outer loop
      vertex 1.21145 2.9247 8.8583
      vertex 0.918947 3.02936 8.8583
      vertex 1.17071 2.82635 8.90866
    endloop
  endfacet
  facet normal 0.125048 0.208626 0.969968
    outer loop
      vertex 1.38984 2.6002 8.94833
      vertex 1.33599 2.49946 8.97694
      vertex 1.57455 2.35647 8.97694
    endloop
  endfacet
  facet normal -0.0494756 0.333573 0.941425
    outer loop
      vertex -0.288987 2.93414 8.94833
      vertex -0.596824 3.00044 8.90866
      vertex -0.575192 2.89169 8.94833
    endloop
  endfacet
  facet normal 0.0356843 0.240589 0.969971
    outer loop
      vertex 0.575192 2.89169 8.94833
      vertex 0.288987 2.93414 8.94833
      vertex 0.552907 2.77965 8.97694
    endloop
  endfacet
  facet normal -0.219693 0.877102 0.427115
    outer loop
      vertex -0.723522 3.63739 8.25922
      vertex -1.07657 3.54896 8.25922
      vertex -1.06195 3.50078 8.36568
    endloop
  endfacet
  facet normal -0.304616 0.85134 0.427118
    outer loop
      vertex -1.07657 3.54896 8.25922
      vertex -1.41924 3.42635 8.25922
      vertex -1.06195 3.50078 8.36568
    endloop
  endfacet
  facet normal 0.0394198 0.802604 0.595209
    outer loop
      vertex 0.352642 3.58044 8.46668
      vertex 0 3.59776 8.46668
      vertex 0.345766 3.51063 8.56127
    endloop
  endfacet
  facet normal 0.125902 0.848691 0.513686
    outer loop
      vertex 0.713699 3.58801 8.36568
      vertex 0.352642 3.58044 8.46668
      vertex 0.701888 3.52863 8.46668
    endloop
  endfacet
  facet normal 0.132692 0.894413 0.427105
    outer loop
      vertex 0.723522 3.63739 8.25922
      vertex 0.363511 3.6908 8.25922
      vertex 0.713699 3.58801 8.36568
    endloop
  endfacet
  facet normal 0.0476089 0.968942 0.242662
    outer loop
      vertex 0.370205 3.75875 8.03411
      vertex 0 3.77694 8.03411
      vertex 0.3674 3.73028 8.14834
    endloop
  endfacet
  facet normal 0.10877 0.733366 0.671076
    outer loop
      vertex 0.688203 3.45983 8.56127
      vertex 0.338015 3.43192 8.64853
      vertex 0.672774 3.38227 8.64853
    endloop
  endfacet
  facet normal 0.0363645 0.740494 0.671078
    outer loop
      vertex 0 3.52761 8.56127
      vertex 0 3.44853 8.64853
      vertex 0.345766 3.51063 8.56127
    endloop
  endfacet
  facet normal -0.0329629 0.671199 0.740544
    outer loop
      vertex 0 3.36127 8.72761
      vertex -0.338015 3.43192 8.64853
      vertex -0.329462 3.34509 8.72761
    endloop
  endfacet
  facet normal -0.025248 0.513933 0.857458
    outer loop
      vertex 0 3.26668 8.79776
      vertex -0.32019 3.25095 8.79776
      vertex -0.31029 3.15043 8.8583
    endloop
  endfacet
  facet normal 0.249766 0.697996 0.671132
    outer loop
      vertex 1.34996 3.25909 8.56127
      vertex 1.00105 3.30004 8.64853
      vertex 1.31969 3.18602 8.64853
    endloop
  endfacet
  facet normal 0.289059 0.807835 0.513661
    outer loop
      vertex 1.39997 3.37983 8.36568
      vertex 1.06195 3.50078 8.36568
      vertex 1.3768 3.3239 8.46668
    endloop
  endfacet
  facet normal 0.366847 0.775613 0.513662
    outer loop
      vertex 1.39997 3.37983 8.36568
      vertex 1.3768 3.3239 8.46668
      vertex 1.69597 3.17294 8.46668
    endloop
  endfacet
  facet normal 0.287311 0.607485 0.74055
    outer loop
      vertex 1.31969 3.18602 8.64853
      vertex 1.2863 3.10541 8.72761
      vertex 1.62562 3.04133 8.64853
    endloop
  endfacet
  facet normal 0.289038 0.807819 0.513697
    outer loop
      vertex 1.06195 3.50078 8.36568
      vertex 1.04438 3.44284 8.46668
      vertex 1.3768 3.3239 8.46668
    endloop
  endfacet
  facet normal 0.270704 0.756579 0.595237
    outer loop
      vertex 1.04438 3.44284 8.46668
      vertex 1.02401 3.37571 8.56127
      vertex 1.3768 3.3239 8.46668
    endloop
  endfacet
  facet normal 0.0819347 0.327117 0.941425
    outer loop
      vertex 0.596824 3.00044 8.90866
      vertex 0.575192 2.89169 8.94833
      vertex 0.855858 2.82139 8.94833
    endloop
  endfacet
  facet normal 0.0819407 0.228995 0.969973
    outer loop
      vertex 0.855858 2.82139 8.94833
      vertex 0.822698 2.71207 8.97694
      vertex 1.12828 2.72391 8.94833
    endloop
  endfacet
  facet normal 0.180145 0.719169 0.671077
    outer loop
      vertex 0.688203 3.45983 8.56127
      vertex 0.672774 3.38227 8.64853
      vertex 1.00105 3.30004 8.64853
    endloop
  endfacet
  facet normal 0.0985993 0.664708 0.740568
    outer loop
      vertex 0.672774 3.38227 8.64853
      vertex 0.329462 3.34509 8.72761
      vertex 0.655751 3.29669 8.72761
    endloop
  endfacet
  facet normal 0.336477 0.940415 0.0490174
    outer loop
      vertex 1.4542 3.51074 7.8
      vertex 1.1014 3.63084 7.91762
      vertex 1.45199 3.5054 7.91762
    endloop
  endfacet
  facet normal 0.333248 0.931388 0.146497
    outer loop
      vertex 1.1014 3.63084 7.91762
      vertex 1.09639 3.61431 8.03411
      vertex 1.45199 3.5054 7.91762
    endloop
  endfacet
  facet normal 0.219693 0.877102 0.427115
    outer loop
      vertex 1.07657 3.54896 8.25922
      vertex 0.723522 3.63739 8.25922
      vertex 1.06195 3.50078 8.36568
    endloop
  endfacet
  facet normal 0.132678 0.894399 0.427138
    outer loop
      vertex 0.363511 3.6908 8.25922
      vertex 0.358576 3.64069 8.36568
      vertex 0.713699 3.58801 8.36568
    endloop
  endfacet
  facet normal 0.31724 0.88662 0.336547
    outer loop
      vertex 1.08808 3.58693 8.14834
      vertex 1.07657 3.54896 8.25922
      vertex 1.41924 3.42635 8.25922
    endloop
  endfacet
  facet normal 0.219698 0.877106 0.427105
    outer loop
      vertex 0.723522 3.63739 8.25922
      vertex 0.713699 3.58801 8.36568
      vertex 1.06195 3.50078 8.36568
    endloop
  endfacet
  facet normal 0.0210103 -0.0444253 0.998792
    outer loop
      vertex 1.28108 -2.39673 8.99422
      vertex 0.994976 -2.40209 9
      vertex 1.03999 -2.51075 8.99422
    endloop
  endfacet
  facet normal -0.0330005 0.0364113 0.998792
    outer loop
      vertex -1.72404 2.10075 8.99422
      vertex -1.83848 1.83848 9
      vertex -1.64942 2.00983 9
    endloop
  endfacet
  facet normal -0.13281 -0.0628106 0.989149
    outer loop
      vertex -2.39673 -1.28108 8.99422
      vertex -2.51075 -1.03999 8.99422
      vertex -2.49946 -1.33599 8.97694
    endloop
  endfacet
  facet normal 0.039469 0.0292724 0.998792
    outer loop
      vertex 2.25962 1.50983 8.99422
      vertex 2.10075 1.72404 8.99422
      vertex 2.16182 1.44448 9
    endloop
  endfacet
  facet normal 0.270865 0.200887 0.941423
    outer loop
      vertex 2.36481 1.94075 8.90866
      vertex 2.2791 1.87041 8.94833
      vertex 2.45146 1.63801 8.94833
    endloop
  endfacet
  facet normal -0.0444188 0.0210102 0.998792
    outer loop
      vertex -2.39673 1.28108 8.99422
      vertex -2.40209 0.994976 9
      vertex -2.29299 1.22563 9
    endloop
  endfacet
  facet normal -0.0421486 0.0252622 0.998792
    outer loop
      vertex -2.25962 1.50983 8.99422
      vertex -2.29299 1.22563 9
      vertex -2.16182 1.44448 9
    endloop
  endfacet
  facet normal -0.142506 0.0356951 0.98915
    outer loop
      vertex -2.6006 0.788883 8.99422
      vertex -2.77965 0.552907 8.97694
      vertex -2.6654 0.530181 8.99422
    endloop
  endfacet
  facet normal -0.0476667 0.0119396 0.998792
    outer loop
      vertex -2.6006 0.788883 8.99422
      vertex -2.6654 0.530181 8.99422
      vertex -2.48804 0.75474 9
    endloop
  endfacet
  facet normal -0.0421462 0.0252619 0.998792
    outer loop
      vertex -2.25962 1.50983 8.99422
      vertex -2.39673 1.28108 8.99422
      vertex -2.29299 1.22563 9
    endloop
  endfacet
  facet normal -0.0986564 -0.108853 0.98915
    outer loop
      vertex -1.92165 -1.92165 8.99422
      vertex -2.00402 -2.00402 8.97694
      vertex -1.72404 -2.10075 8.99422
    endloop
  endfacet
  facet normal -0.0875164 0.118001 0.989149
    outer loop
      vertex -1.57455 2.35647 8.97694
      vertex -1.72404 2.10075 8.99422
      vertex -1.50983 2.25962 8.99422
    endloop
  endfacet
  facet normal -0.0364114 0.0330008 0.998792
    outer loop
      vertex -1.92165 1.92165 8.99422
      vertex -2.10075 1.72404 8.99422
      vertex -1.83848 1.83848 9
    endloop
  endfacet
  facet normal -0.220071 0.367165 0.903747
    outer loop
      vertex -1.44211 2.69799 8.90866
      vertex -1.75875 2.63216 8.8583
      vertex -1.69961 2.54365 8.90866
    endloop
  endfacet
  facet normal -0.183007 0.386943 0.903761
    outer loop
      vertex -1.17071 2.82635 8.90866
      vertex -1.49229 2.79188 8.8583
      vertex -1.44211 2.69799 8.90866
    endloop
  endfacet
  facet normal -0.173373 0.289255 0.941421
    outer loop
      vertex -1.44211 2.69799 8.90866
      vertex -1.69961 2.54365 8.90866
      vertex -1.63801 2.45146 8.94833
    endloop
  endfacet
  facet normal -0.200889 0.270869 0.941421
    outer loop
      vertex -1.69961 2.54365 8.90866
      vertex -1.94075 2.36481 8.90866
      vertex -1.63801 2.45146 8.94833
    endloop
  endfacet
  facet normal -0.125048 0.208626 0.969968
    outer loop
      vertex -1.38984 2.6002 8.94833
      vertex -1.57455 2.35647 8.97694
      vertex -1.33599 2.49946 8.97694
    endloop
  endfacet
  facet normal -0.0292724 0.039469 0.998792
    outer loop
      vertex -1.50983 2.25962 8.99422
      vertex -1.72404 2.10075 8.99422
      vertex -1.44448 2.16182 9
    endloop
  endfacet
  facet normal -0.0494925 0.138321 0.98915
    outer loop
      vertex -0.822698 2.71207 8.97694
      vertex -1.08457 2.61837 8.97694
      vertex -1.03999 2.51075 8.99422
    endloop
  endfacet
  facet normal -0.10399 0.219873 0.96997
    outer loop
      vertex -1.12828 2.72391 8.94833
      vertex -1.33599 2.49946 8.97694
      vertex -1.08457 2.61837 8.97694
    endloop
  endfacet
  facet normal -0.0490141 0.997595 0.0490041
    outer loop
      vertex 0 3.8 7.8
      vertex -0.372464 3.7817 7.8
      vertex -0.371899 3.77595 7.91762
    endloop
  endfacet
  facet normal -0.146559 0.987987 0.049003
    outer loop
      vertex -0.372464 3.7817 7.8
      vertex -0.741343 3.72698 7.8
      vertex -0.371899 3.77595 7.91762
    endloop
  endfacet
  facet normal 0.146736 0.989176 -0
    outer loop
      vertex 0.741343 3.72698 4
      vertex 0.372464 3.7817 7.8
      vertex 0.741343 3.72698 7.8
    endloop
  endfacet
  facet normal 0.146736 0.989176 0
    outer loop
      vertex 0.372464 3.7817 7.8
      vertex 0.741343 3.72698 4
      vertex 0.372464 3.7817 4
    endloop
  endfacet
  facet normal -0.0421096 0.856951 0.513675
    outer loop
      vertex 0 3.65831 8.36568
      vertex -0.358576 3.64069 8.36568
      vertex -0.352642 3.58044 8.46668
    endloop
  endfacet
  facet normal -0.132692 0.894413 0.427105
    outer loop
      vertex -0.363511 3.6908 8.25922
      vertex -0.723522 3.63739 8.25922
      vertex -0.713699 3.58801 8.36568
    endloop
  endfacet
  facet normal -0.228786 0.913449 0.336553
    outer loop
      vertex -0.731262 3.6763 8.14834
      vertex -1.08808 3.58693 8.14834
      vertex -1.07657 3.54896 8.25922
    endloop
  endfacet
  facet normal -0.228799 0.913457 0.336522
    outer loop
      vertex -0.731262 3.6763 8.14834
      vertex -1.07657 3.54896 8.25922
      vertex -0.723522 3.63739 8.25922
    endloop
  endfacet
  facet normal -0.33326 0.931377 0.146544
    outer loop
      vertex -1.09639 3.61431 8.03411
      vertex -1.45199 3.5054 7.91762
      vertex -1.44537 3.48944 8.03411
    endloop
  endfacet
  facet normal -0.402611 0.851277 0.336498
    outer loop
      vertex -1.43442 3.463 8.14834
      vertex -1.76695 3.30573 8.14834
      vertex -1.41924 3.42635 8.25922
    endloop
  endfacet
  facet normal -0.336478 0.940414 0.0490204
    outer loop
      vertex -1.10308 3.63637 7.8
      vertex -1.4542 3.51074 7.8
      vertex -1.1014 3.63084 7.91762
    endloop
  endfacet
  facet normal -0.57788 0.779183 0.242754
    outer loop
      vertex -2.08246 3.11662 8.14834
      vertex -2.39607 2.91962 8.03411
      vertex -2.37791 2.8975 8.14834
    endloop
  endfacet
  facet normal -0.632392 0.697696 0.336601
    outer loop
      vertex -2.35275 2.86683 8.25922
      vertex -2.65047 2.65047 8.14834
      vertex -2.62241 2.62241 8.25922
    endloop
  endfacet
  facet normal -0.576188 0.635719 0.513681
    outer loop
      vertex -2.3208 2.82791 8.36568
      vertex -2.58681 2.58681 8.36568
      vertex -2.544 2.544 8.46668
    endloop
  endfacet
  facet normal -0.539631 0.595367 0.595261
    outer loop
      vertex -2.2824 2.78111 8.46668
      vertex -2.544 2.544 8.46668
      vertex -2.23789 2.72688 8.56127
    endloop
  endfacet
  facet normal -0.400347 0.441704 0.802882
    outer loop
      vertex -2.13237 2.5983 8.72761
      vertex -2.30989 2.30989 8.79776
      vertex -2.07236 2.52518 8.79776
    endloop
  endfacet
  facet normal -0.345552 0.381248 0.857463
    outer loop
      vertex -2.07236 2.52518 8.79776
      vertex -2.30989 2.30989 8.79776
      vertex -2.00828 2.4471 8.8583
    endloop
  endfacet
  facet normal -0.400296 0.539738 0.740571
    outer loop
      vertex -1.9159 2.86735 8.64853
      vertex -2.13237 2.5983 8.72761
      vertex -1.86742 2.7948 8.72761
    endloop
  endfacet
  facet normal -0.497873 0.549332 0.671086
    outer loop
      vertex -2.23789 2.72688 8.56127
      vertex -2.43848 2.43848 8.64853
      vertex -2.18772 2.66575 8.64853
    endloop
  endfacet
  facet normal -0.441085 0.735928 0.513667
    outer loop
      vertex -1.69597 3.17294 8.46668
      vertex -2.03244 3.04177 8.36568
      vertex -1.99881 2.99143 8.46668
    endloop
  endfacet
  facet normal -0.478674 0.645432 0.595221
    outer loop
      vertex -1.99881 2.99143 8.46668
      vertex -2.2824 2.78111 8.46668
      vertex -1.95984 2.9331 8.56127
    endloop
  endfacet
  facet normal -0.441704 0.400347 0.802882
    outer loop
      vertex -2.30989 2.30989 8.79776
      vertex -2.5983 2.13237 8.72761
      vertex -2.52518 2.07236 8.79776
    endloop
  endfacet
  facet normal -0.497904 0.451273 0.74057
    outer loop
      vertex -2.43848 2.43848 8.64853
      vertex -2.5983 2.13237 8.72761
      vertex -2.37678 2.37678 8.72761
    endloop
  endfacet
  facet normal -0.413285 0.306517 0.857463
    outer loop
      vertex -2.52518 2.07236 8.79776
      vertex -2.71615 1.81487 8.79776
      vertex -2.4471 2.00828 8.8583
    endloop
  endfacet
  facet normal -0.413274 0.306498 0.857475
    outer loop
      vertex -2.4471 2.00828 8.8583
      vertex -2.71615 1.81487 8.79776
      vertex -2.63216 1.75875 8.8583
    endloop
  endfacet
  facet normal -0.595424 0.539644 0.595193
    outer loop
      vertex -2.544 2.544 8.46668
      vertex -2.72688 2.23789 8.56127
      vertex -2.4944 2.4944 8.56127
    endloop
  endfacet
  facet normal -0.54933 0.497869 0.671091
    outer loop
      vertex -2.4944 2.4944 8.56127
      vertex -2.72688 2.23789 8.56127
      vertex -2.43848 2.43848 8.64853
    endloop
  endfacet
  facet normal -0.635719 0.576188 0.513681
    outer loop
      vertex -2.58681 2.58681 8.36568
      vertex -2.82791 2.3208 8.36568
      vertex -2.544 2.544 8.46668
    endloop
  endfacet
  facet normal -0.669949 0.607213 0.427154
    outer loop
      vertex -2.58681 2.58681 8.36568
      vertex -2.86683 2.35275 8.25922
      vertex -2.82791 2.3208 8.36568
    endloop
  endfacet
  facet normal -0.539738 0.400296 0.740571
    outer loop
      vertex -2.5983 2.13237 8.72761
      vertex -2.86735 1.9159 8.64853
      vertex -2.7948 1.86742 8.72761
    endloop
  endfacet
  facet normal -0.913449 0.228786 0.336553
    outer loop
      vertex -3.58693 1.08808 8.14834
      vertex -3.6763 0.731262 8.14834
      vertex -3.54896 1.07657 8.25922
    endloop
  endfacet
  facet normal 0.73296 0.66431 0.146501
    outer loop
      vertex 2.93297 2.40703 7.91762
      vertex 2.68292 2.68292 7.91762
      vertex 2.91962 2.39607 8.03411
    endloop
  endfacet
  facet normal 0.66432 0.732935 0.146575
    outer loop
      vertex 2.68292 2.68292 7.91762
      vertex 2.39607 2.91962 8.03411
      vertex 2.6707 2.6707 8.03411
    endloop
  endfacet
  facet normal 0.794527 0.589273 0.146574
    outer loop
      vertex 3.15478 2.10796 7.91762
      vertex 2.93297 2.40703 7.91762
      vertex 3.14041 2.09836 8.03411
    endloop
  endfacet
  facet normal 0.400312 0.539747 0.740556
    outer loop
      vertex 2.18772 2.66575 8.64853
      vertex 1.9159 2.86735 8.64853
      vertex 2.13237 2.5983 8.72761
    endloop
  endfacet
  facet normal 0.180206 0.163335 0.969973
    outer loop
      vertex 2.2791 1.87041 8.94833
      vertex 2.08479 2.08479 8.94833
      vertex 2.19079 1.79794 8.97694
    endloop
  endfacet
  facet normal 0.138321 0.0494925 0.98915
    outer loop
      vertex 2.61837 1.08457 8.97694
      vertex 2.51075 1.03999 8.99422
      vertex 2.71207 0.822698 8.97694
    endloop
  endfacet
  facet normal 0.317512 -0.113608 0.941424
    outer loop
      vertex 2.92749 -0.888044 8.90866
      vertex 2.72391 -1.12828 8.94833
      vertex 2.82635 -1.17071 8.90866
    endloop
  endfacet
  facet normal 0.138323 -0.0494941 0.98915
    outer loop
      vertex 2.6006 -0.788883 8.99422
      vertex 2.51075 -1.03999 8.99422
      vertex 2.71207 -0.822698 8.97694
    endloop
  endfacet
  facet normal -0.0421462 -0.0252619 0.998792
    outer loop
      vertex -2.29299 -1.22563 9
      vertex -2.39673 -1.28108 8.99422
      vertex -2.25962 -1.50983 8.99422
    endloop
  endfacet
  facet normal 0.726248 -0.538616 0.42715
    outer loop
      vertex 3.04177 -2.03244 8.36568
      vertex 2.82791 -2.3208 8.36568
      vertex 2.86683 -2.35275 8.25922
    endloop
  endfacet
  facet normal 0.802242 -0.594985 0.0490024
    outer loop
      vertex 3.15958 -2.11117 7.8
      vertex 2.93297 -2.40703 7.91762
      vertex 2.93744 -2.41069 7.8
    endloop
  endfacet
  facet normal 0.848471 -0.50857 0.146467
    outer loop
      vertex 3.33097 -1.78044 8.03411
      vertex 3.14041 -2.09836 8.03411
      vertex 3.3462 -1.78858 7.91762
    endloop
  endfacet
  facet normal 0.83208 -0.498731 0.242712
    outer loop
      vertex 3.30573 -1.76695 8.14834
      vertex 3.11662 -2.08246 8.14834
      vertex 3.14041 -2.09836 8.03411
    endloop
  endfacet
  facet normal 0.336478 -0.940414 0.0490204
    outer loop
      vertex 1.4542 -3.51074 7.8
      vertex 1.1014 -3.63084 7.91762
      vertex 1.10308 -3.63637 7.8
    endloop
  endfacet
  facet normal 0.0485456 -0.988006 0.146587
    outer loop
      vertex 0.370205 -3.75875 8.03411
      vertex 0 -3.77694 8.03411
      vertex 0.371899 -3.77595 7.91762
    endloop
  endfacet
  facet normal 0.242709 -0.968863 0.0489504
    outer loop
      vertex 1.1014 -3.63084 7.91762
      vertex 0.740215 -3.72132 7.91762
      vertex 0.741343 -3.72698 7.8
    endloop
  endfacet
  facet normal 0.511102 0.689156 0.513652
    outer loop
      vertex 2.3208 2.82791 8.36568
      vertex 1.99881 2.99143 8.46668
      vertex 2.2824 2.78111 8.46668
    endloop
  endfacet
  facet normal 0.577875 0.779198 0.242715
    outer loop
      vertex 2.09836 3.14041 8.03411
      vertex 2.08246 3.11662 8.14834
      vertex 2.39607 2.91962 8.03411
    endloop
  endfacet
  facet normal 0.484119 0.807693 0.336542
    outer loop
      vertex 2.08246 3.11662 8.14834
      vertex 1.74825 3.27074 8.25922
      vertex 2.06042 3.08363 8.25922
    endloop
  endfacet
  facet normal 0.326821 0.913381 0.242742
    outer loop
      vertex 1.44537 3.48944 8.03411
      vertex 1.09639 3.61431 8.03411
      vertex 1.43442 3.463 8.14834
    endloop
  endfacet
  facet normal 0.632392 0.697696 0.336601
    outer loop
      vertex 2.65047 2.65047 8.14834
      vertex 2.35275 2.86683 8.25922
      vertex 2.62241 2.62241 8.25922
    endloop
  endfacet
  facet normal 0.632391 0.697747 0.336498
    outer loop
      vertex 2.37791 2.8975 8.14834
      vertex 2.35275 2.86683 8.25922
      vertex 2.65047 2.65047 8.14834
    endloop
  endfacet
  facet normal 0.894399 -0.132678 0.427138
    outer loop
      vertex 3.64069 -0.358576 8.36568
      vertex 3.58801 -0.713699 8.36568
      vertex 3.6908 -0.363511 8.25922
    endloop
  endfacet
  facet normal 0.740448 0.0363855 0.671128
    outer loop
      vertex 3.51063 0.345766 8.56127
      vertex 3.43192 0.338015 8.64853
      vertex 3.44853 0 8.64853
    endloop
  endfacet
  facet normal 0.726262 0.538616 0.427126
    outer loop
      vertex 3.08363 2.06042 8.25922
      vertex 2.86683 2.35275 8.25922
      vertex 3.04177 2.03244 8.36568
    endloop
  endfacet
  facet normal 0.635725 0.576211 0.513648
    outer loop
      vertex 2.82791 2.3208 8.36568
      vertex 2.544 2.544 8.46668
      vertex 2.78111 2.2824 8.46668
    endloop
  endfacet
  facet normal 0.851277 0.402611 0.336498
    outer loop
      vertex 3.463 1.43442 8.14834
      vertex 3.30573 1.76695 8.14834
      vertex 3.42635 1.41924 8.25922
    endloop
  endfacet
  facet normal 0.940414 0.336478 0.0490204
    outer loop
      vertex 3.63637 1.10308 7.8
      vertex 3.51074 1.4542 7.8
      vertex 3.63084 1.1014 7.91762
    endloop
  endfacet
  facet normal 0.851325 -0.30462 0.427143
    outer loop
      vertex 3.50078 -1.06195 8.36568
      vertex 3.37983 -1.39997 8.36568
      vertex 3.42635 -1.41924 8.25922
    endloop
  endfacet
  facet normal 0.85134 -0.304616 0.427118
    outer loop
      vertex 3.50078 -1.06195 8.36568
      vertex 3.42635 -1.41924 8.25922
      vertex 3.54896 -1.07657 8.25922
    endloop
  endfacet
  facet normal 0.513957 0.0252597 0.857444
    outer loop
      vertex 3.26668 0 8.79776
      vertex 3.15043 0.31029 8.8583
      vertex 3.16568 0 8.8583
    endloop
  endfacet
  facet normal 0.794872 -0.117918 0.59521
    outer loop
      vertex 3.51063 -0.345766 8.56127
      vertex 3.45983 -0.688203 8.56127
      vertex 3.52863 -0.701888 8.46668
    endloop
  endfacet
  facet normal 0.968863 -0.242709 0.0489504
    outer loop
      vertex 3.72132 -0.740215 7.91762
      vertex 3.63084 -1.1014 7.91762
      vertex 3.72698 -0.741343 7.8
    endloop
  endfacet
  facet normal 0.632392 -0.697696 0.336601
    outer loop
      vertex 2.62241 -2.62241 8.25922
      vertex 2.35275 -2.86683 8.25922
      vertex 2.65047 -2.65047 8.14834
    endloop
  endfacet
  facet normal 0.413104 -0.689242 0.595223
    outer loop
      vertex 1.95984 -2.9331 8.56127
      vertex 1.69597 -3.17294 8.46668
      vertex 1.99881 -2.99143 8.46668
    endloop
  endfacet
  facet normal 0.400347 -0.441704 0.802882
    outer loop
      vertex 2.30989 -2.30989 8.79776
      vertex 2.07236 -2.52518 8.79776
      vertex 2.13237 -2.5983 8.72761
    endloop
  endfacet
  facet normal 0.40033 -0.441696 0.802895
    outer loop
      vertex 2.30989 -2.30989 8.79776
      vertex 2.13237 -2.5983 8.72761
      vertex 2.37678 -2.37678 8.72761
    endloop
  endfacet
  facet normal 0.689148 -0.511101 0.513664
    outer loop
      vertex 2.99143 -1.99881 8.46668
      vertex 2.82791 -2.3208 8.36568
      vertex 3.04177 -2.03244 8.36568
    endloop
  endfacet
  facet normal 0.669949 -0.607213 0.427154
    outer loop
      vertex 2.82791 -2.3208 8.36568
      vertex 2.58681 -2.58681 8.36568
      vertex 2.86683 -2.35275 8.25922
    endloop
  endfacet
  facet normal 0.595479 -0.441646 0.671083
    outer loop
      vertex 2.86735 -1.9159 8.64853
      vertex 2.72688 -2.23789 8.56127
      vertex 2.9331 -1.95984 8.56127
    endloop
  endfacet
  facet normal 0.451273 -0.497904 0.74057
    outer loop
      vertex 2.37678 -2.37678 8.72761
      vertex 2.13237 -2.5983 8.72761
      vertex 2.43848 -2.43848 8.64853
    endloop
  endfacet
  facet normal 0.635719 -0.576188 0.513681
    outer loop
      vertex 2.82791 -2.3208 8.36568
      vertex 2.544 -2.544 8.46668
      vertex 2.58681 -2.58681 8.36568
    endloop
  endfacet
  facet normal 0.576188 -0.635719 0.513681
    outer loop
      vertex 2.544 -2.544 8.46668
      vertex 2.3208 -2.82791 8.36568
      vertex 2.58681 -2.58681 8.36568
    endloop
  endfacet
  facet normal 0.807693 -0.484119 0.336542
    outer loop
      vertex 3.27074 -1.74825 8.25922
      vertex 3.08363 -2.06042 8.25922
      vertex 3.11662 -2.08246 8.14834
    endloop
  endfacet
  facet normal 0.775555 -0.464856 0.427112
    outer loop
      vertex 3.22634 -1.72451 8.36568
      vertex 3.08363 -2.06042 8.25922
      vertex 3.27074 -1.74825 8.25922
    endloop
  endfacet
  facet normal -0.270869 0.200889 0.941421
    outer loop
      vertex -2.36481 1.94075 8.90866
      vertex -2.54365 1.69961 8.90866
      vertex -2.45146 1.63801 8.94833
    endloop
  endfacet
  facet normal -0.343827 0.254997 0.903747
    outer loop
      vertex -2.36481 1.94075 8.90866
      vertex -2.63216 1.75875 8.8583
      vertex -2.54365 1.69961 8.90866
    endloop
  endfacet
  facet normal -0.219879 0.103996 0.969968
    outer loop
      vertex -2.6002 1.38984 8.94833
      vertex -2.72391 1.12828 8.94833
      vertex -2.49946 1.33599 8.97694
    endloop
  endfacet
  facet normal -0.208626 0.125048 0.969968
    outer loop
      vertex -2.35647 1.57455 8.97694
      vertex -2.6002 1.38984 8.94833
      vertex -2.49946 1.33599 8.97694
    endloop
  endfacet
  facet normal -0.85692 0.0420876 0.513728
    outer loop
      vertex -3.58044 0.352642 8.46668
      vertex -3.65831 0 8.36568
      vertex -3.59776 0 8.46668
    endloop
  endfacet
  facet normal -0.740494 0.0363645 0.671078
    outer loop
      vertex -3.51063 0.345766 8.56127
      vertex -3.52761 0 8.56127
      vertex -3.44853 0 8.64853
    endloop
  endfacet
  facet normal -0.56129 0.200831 0.802882
    outer loop
      vertex -3.01802 1.25011 8.79776
      vertex -3.21654 0.975725 8.72761
      vertex -3.12602 0.948268 8.79776
    endloop
  endfacet
  facet normal -0.779469 0.195258 0.595233
    outer loop
      vertex -3.44284 1.04438 8.46668
      vertex -3.45983 0.688203 8.56127
      vertex -3.37571 1.02401 8.56127
    endloop
  endfacet
  facet normal -0.578292 0.144856 0.802867
    outer loop
      vertex -3.21654 0.975725 8.72761
      vertex -3.29669 0.655751 8.72761
      vertex -3.20392 0.637298 8.79776
    endloop
  endfacet
  facet normal -0.589675 0.0874541 0.802892
    outer loop
      vertex -3.20392 0.637298 8.79776
      vertex -3.34509 0.329462 8.72761
      vertex -3.25095 0.32019 8.79776
    endloop
  endfacet
  facet normal -0.589706 -0.0874738 0.802867
    outer loop
      vertex -3.20392 -0.637298 8.79776
      vertex -3.34509 -0.329462 8.72761
      vertex -3.29669 -0.655751 8.72761
    endloop
  endfacet
  facet normal -0.578292 -0.144856 0.802867
    outer loop
      vertex -3.20392 -0.637298 8.79776
      vertex -3.29669 -0.655751 8.72761
      vertex -3.21654 -0.975725 8.72761
    endloop
  endfacet
  facet normal -0.423415 -0.062806 0.903756
    outer loop
      vertex -3.04449 -0.299855 8.90866
      vertex -3.10485 -0.617592 8.8583
      vertex -3.00044 -0.596824 8.90866
    endloop
  endfacet
  facet normal -0.423424 -0.0628036 0.903752
    outer loop
      vertex -3.04449 -0.299855 8.90866
      vertex -3.15043 -0.31029 8.8583
      vertex -3.10485 -0.617592 8.8583
    endloop
  endfacet
  facet normal -0.327131 -0.0819456 0.941419
    outer loop
      vertex -2.82139 -0.855858 8.94833
      vertex -3.00044 -0.596824 8.90866
      vertex -2.92749 -0.888044 8.90866
    endloop
  endfacet
  facet normal -0.317523 -0.113618 0.941419
    outer loop
      vertex -2.82139 -0.855858 8.94833
      vertex -2.92749 -0.888044 8.90866
      vertex -2.72391 -1.12828 8.94833
    endloop
  endfacet
  facet normal -0.333564 0.0494781 0.941428
    outer loop
      vertex -3.00044 0.596824 8.90866
      vertex -3.04449 0.299855 8.90866
      vertex -2.93414 0.288987 8.94833
    endloop
  endfacet
  facet normal -0.333573 0.0494756 0.941425
    outer loop
      vertex -2.89169 0.575192 8.94833
      vertex -3.00044 0.596824 8.90866
      vertex -2.93414 0.288987 8.94833
    endloop
  endfacet
  facet normal -0.607482 -0.287311 0.740552
    outer loop
      vertex -2.96438 -1.58449 8.72761
      vertex -3.10541 -1.2863 8.72761
      vertex -3.04133 -1.62562 8.64853
    endloop
  endfacet
  facet normal -0.576394 -0.345474 0.740552
    outer loop
      vertex -2.96438 -1.58449 8.72761
      vertex -3.04133 -1.62562 8.64853
      vertex -2.7948 -1.86742 8.72761
    endloop
  endfacet
  facet normal -0.386943 -0.183007 0.903761
    outer loop
      vertex -2.69799 -1.44211 8.90866
      vertex -2.82635 -1.17071 8.90866
      vertex -2.79188 -1.49229 8.8583
    endloop
  endfacet
  facet normal -0.367165 -0.220071 0.903747
    outer loop
      vertex -2.54365 -1.69961 8.90866
      vertex -2.69799 -1.44211 8.90866
      vertex -2.63216 -1.75875 8.8583
    endloop
  endfacet
  facet normal -0.367136 -0.220067 0.90376
    outer loop
      vertex -2.69799 -1.44211 8.90866
      vertex -2.79188 -1.49229 8.8583
      vertex -2.63216 -1.75875 8.8583
    endloop
  endfacet
  facet normal -0.465156 -0.220002 0.857455
    outer loop
      vertex -2.79188 -1.49229 8.8583
      vertex -3.01802 -1.25011 8.79776
      vertex -2.88096 -1.5399 8.79776
    endloop
  endfacet
  facet normal -0.0490834 -0.00241204 0.998792
    outer loop
      vertex -2.58748 -0.254844 9
      vertex -2.71762 0 8.99422
      vertex -2.70453 -0.266373 8.99422
    endloop
  endfacet
  facet normal -0.0490819 -0.0024113 0.998792
    outer loop
      vertex -2.6 0 9
      vertex -2.71762 0 8.99422
      vertex -2.58748 -0.254844 9
    endloop
  endfacet
  facet normal -0.0210102 -0.0444188 0.998792
    outer loop
      vertex -1.22563 -2.29299 9
      vertex -1.28108 -2.39673 8.99422
      vertex -0.994976 -2.40209 9
    endloop
  endfacet
  facet normal -0.333573 -0.0494756 0.941425
    outer loop
      vertex -2.93414 -0.288987 8.94833
      vertex -3.00044 -0.596824 8.90866
      vertex -2.89169 -0.575192 8.94833
    endloop
  endfacet
  facet normal -0.240598 -0.0356897 0.969968
    outer loop
      vertex -2.82046 -0.277791 8.97694
      vertex -2.93414 -0.288987 8.94833
      vertex -2.77965 -0.552907 8.97694
    endloop
  endfacet
  facet normal 0.0476667 0.0119396 0.998792
    outer loop
      vertex 2.6006 0.788883 8.99422
      vertex 2.48804 0.75474 9
      vertex 2.6654 0.530181 8.99422
    endloop
  endfacet
  facet normal -0.00721097 0.0486107 0.998792
    outer loop
      vertex -0.266373 2.70453 8.99422
      vertex -0.507235 2.55004 9
      vertex -0.254844 2.58748 9
    endloop
  endfacet
  facet normal -0.0024113 0.0490819 0.998792
    outer loop
      vertex 0 2.71762 8.99422
      vertex -0.254844 2.58748 9
      vertex 0 2.6 9
    endloop
  endfacet
  facet normal 0.0394708 -0.0292728 0.998792
    outer loop
      vertex 2.16182 -1.44448 9
      vertex 2.00983 -1.64942 9
      vertex 2.10075 -1.72404 8.99422
    endloop
  endfacet
  facet normal 0.039469 -0.0292724 0.998792
    outer loop
      vertex 2.16182 -1.44448 9
      vertex 2.10075 -1.72404 8.99422
      vertex 2.25962 -1.50983 8.99422
    endloop
  endfacet
  facet normal -0.180233 -0.163345 0.969966
    outer loop
      vertex -2.00402 -2.00402 8.97694
      vertex -2.19079 -1.79794 8.97694
      vertex -2.08479 -2.08479 8.94833
    endloop
  endfacet
  facet normal -0.163345 -0.180233 0.969966
    outer loop
      vertex -2.00402 -2.00402 8.97694
      vertex -2.08479 -2.08479 8.94833
      vertex -1.79794 -2.19079 8.97694
    endloop
  endfacet
  facet normal -0.249866 -0.226474 0.941422
    outer loop
      vertex -2.2791 -1.87041 8.94833
      vertex -2.36481 -1.94075 8.90866
      vertex -2.08479 -2.08479 8.94833
    endloop
  endfacet
  facet normal -0.195353 -0.144884 0.969972
    outer loop
      vertex -2.35647 -1.57455 8.97694
      vertex -2.45146 -1.63801 8.94833
      vertex -2.2791 -1.87041 8.94833
    endloop
  endfacet
  facet normal -0.0819347 -0.327117 0.941425
    outer loop
      vertex -0.575192 -2.89169 8.94833
      vertex -0.855858 -2.82139 8.94833
      vertex -0.596824 -3.00044 8.90866
    endloop
  endfacet
  facet normal -0.0356843 -0.240589 0.969971
    outer loop
      vertex -0.552907 -2.77965 8.97694
      vertex -0.575192 -2.89169 8.94833
      vertex -0.288987 -2.93414 8.94833
    endloop
  endfacet
  facet normal -0.208615 -0.125033 0.969972
    outer loop
      vertex -2.35647 -1.57455 8.97694
      vertex -2.6002 -1.38984 8.94833
      vertex -2.45146 -1.63801 8.94833
    endloop
  endfacet
  facet normal -0.289255 -0.173373 0.941421
    outer loop
      vertex -2.45146 -1.63801 8.94833
      vertex -2.69799 -1.44211 8.90866
      vertex -2.54365 -1.69961 8.90866
    endloop
  endfacet
  facet normal -0.132805 -0.0628104 0.98915
    outer loop
      vertex -2.51075 -1.03999 8.99422
      vertex -2.61837 -1.08457 8.97694
      vertex -2.49946 -1.33599 8.97694
    endloop
  endfacet
  facet normal -0.126011 -0.0755298 0.989149
    outer loop
      vertex -2.25962 -1.50983 8.99422
      vertex -2.49946 -1.33599 8.97694
      vertex -2.35647 -1.57455 8.97694
    endloop
  endfacet
  facet normal -0.118001 -0.0875164 0.989149
    outer loop
      vertex -2.25962 -1.50983 8.99422
      vertex -2.35647 -1.57455 8.97694
      vertex -2.10075 -1.72404 8.99422
    endloop
  endfacet
  facet normal -0.0476683 -0.0119409 0.998792
    outer loop
      vertex -2.55004 -0.507235 9
      vertex -2.6654 -0.530181 8.99422
      vertex -2.48804 -0.75474 9
    endloop
  endfacet
  facet normal 0.00721011 0.0486093 0.998792
    outer loop
      vertex 0.530181 2.6654 8.99422
      vertex 0.266373 2.70453 8.99422
      vertex 0.507235 2.55004 9
    endloop
  endfacet
  facet normal -0.756601 -0.270701 0.59521
    outer loop
      vertex -3.25909 -1.34996 8.56127
      vertex -3.37571 -1.02401 8.56127
      vertex -3.3239 -1.3768 8.46668
    endloop
  endfacet
  facet normal -0.726417 -0.343578 0.595208
    outer loop
      vertex -3.25909 -1.34996 8.56127
      vertex -3.3239 -1.3768 8.46668
      vertex -3.17294 -1.69597 8.46668
    endloop
  endfacet
  facet normal -0.903105 0.0443713 0.427121
    outer loop
      vertex -3.6908 0.363511 8.25922
      vertex -3.70866 0 8.25922
      vertex -3.65831 0 8.36568
    endloop
  endfacet
  facet normal -0.903105 -0.0443713 0.427121
    outer loop
      vertex -3.65831 0 8.36568
      vertex -3.70866 0 8.25922
      vertex -3.6908 -0.363511 8.25922
    endloop
  endfacet
  facet normal -0.848691 0.125902 0.513686
    outer loop
      vertex -3.52863 0.701888 8.46668
      vertex -3.58801 0.713699 8.36568
      vertex -3.58044 0.352642 8.46668
    endloop
  endfacet
  facet normal -0.959608 0.142361 0.242663
    outer loop
      vertex -3.6763 0.731262 8.14834
      vertex -3.75875 0.370205 8.03411
      vertex -3.73028 0.3674 8.14834
    endloop
  endfacet
  facet normal -0.978493 0.14513 0.146587
    outer loop
      vertex -3.70437 0.736844 8.03411
      vertex -3.77595 0.371899 7.91762
      vertex -3.75875 0.370205 8.03411
    endloop
  endfacet
  facet normal -0.988006 0.0485456 0.146587
    outer loop
      vertex -3.77595 0.371899 7.91762
      vertex -3.77694 0 8.03411
      vertex -3.75875 0.370205 8.03411
    endloop
  endfacet
  facet normal -0.88662 -0.31724 0.336547
    outer loop
      vertex -3.54896 -1.07657 8.25922
      vertex -3.58693 -1.08808 8.14834
      vertex -3.42635 -1.41924 8.25922
    endloop
  endfacet
  facet normal -0.85134 -0.304616 0.427118
    outer loop
      vertex -3.50078 -1.06195 8.36568
      vertex -3.54896 -1.07657 8.25922
      vertex -3.42635 -1.41924 8.25922
    endloop
  endfacet
  facet normal -0.95959 -0.142327 0.242757
    outer loop
      vertex -3.6763 -0.731262 8.14834
      vertex -3.75875 -0.370205 8.03411
      vertex -3.70437 -0.736844 8.03411
    endloop
  endfacet
  facet normal -0.941016 -0.235708 0.242756
    outer loop
      vertex -3.6763 -0.731262 8.14834
      vertex -3.70437 -0.736844 8.03411
      vertex -3.61431 -1.09639 8.03411
    endloop
  endfacet
  facet normal -0.913381 -0.326821 0.242742
    outer loop
      vertex -3.463 -1.43442 8.14834
      vertex -3.61431 -1.09639 8.03411
      vertex -3.48944 -1.44537 8.03411
    endloop
  endfacet
  facet normal -0.876957 -0.414757 0.242741
    outer loop
      vertex -3.463 -1.43442 8.14834
      vertex -3.48944 -1.44537 8.03411
      vertex -3.30573 -1.76695 8.14834
    endloop
  endfacet
  facet normal -0.671199 -0.0329629 0.740544
    outer loop
      vertex -3.36127 0 8.72761
      vertex -3.43192 -0.338015 8.64853
      vertex -3.34509 -0.329462 8.72761
    endloop
  endfacet
  facet normal -0.671157 -0.0329805 0.740581
    outer loop
      vertex -3.36127 0 8.72761
      vertex -3.44853 0 8.64853
      vertex -3.43192 -0.338015 8.64853
    endloop
  endfacet
  facet normal 0.0985907 -0.664736 0.740544
    outer loop
      vertex 0.672774 -3.38227 8.64853
      vertex 0.329462 -3.34509 8.72761
      vertex 0.338015 -3.43192 8.64853
    endloop
  endfacet
  facet normal 0.0329629 -0.671199 0.740544
    outer loop
      vertex 0.329462 -3.34509 8.72761
      vertex 0 -3.36127 8.72761
      vertex 0.338015 -3.43192 8.64853
    endloop
  endfacet
  facet normal -0.0292517 -0.595429 0.802875
    outer loop
      vertex 0 -3.26668 8.79776
      vertex -0.32019 -3.25095 8.79776
      vertex 0 -3.36127 8.72761
    endloop
  endfacet
  facet normal -0.0754918 -0.508968 0.857468
    outer loop
      vertex -0.617592 -3.10485 8.8583
      vertex -0.637298 -3.20392 8.79776
      vertex -0.31029 -3.15043 8.8583
    endloop
  endfacet
  facet normal -0.756364 -0.56094 0.33654
    outer loop
      vertex -3.08363 -2.06042 8.25922
      vertex -3.11662 -2.08246 8.14834
      vertex -2.86683 -2.35275 8.25922
    endloop
  endfacet
  facet normal -0.756367 -0.560958 0.336503
    outer loop
      vertex -2.86683 -2.35275 8.25922
      vertex -3.11662 -2.08246 8.14834
      vertex -2.8975 -2.37791 8.14834
    endloop
  endfacet
  facet normal -0.595367 -0.539631 0.595261
    outer loop
      vertex -2.72688 -2.23789 8.56127
      vertex -2.78111 -2.2824 8.46668
      vertex -2.544 -2.544 8.46668
    endloop
  endfacet
  facet normal -0.645399 -0.47867 0.59526
    outer loop
      vertex -2.72688 -2.23789 8.56127
      vertex -2.9331 -1.95984 8.56127
      vertex -2.78111 -2.2824 8.46668
    endloop
  endfacet
  facet normal -0.607213 -0.669949 0.427154
    outer loop
      vertex -2.3208 -2.82791 8.36568
      vertex -2.58681 -2.58681 8.36568
      vertex -2.35275 -2.86683 8.25922
    endloop
  endfacet
  facet normal -0.413104 -0.689242 0.595223
    outer loop
      vertex -1.95984 -2.9331 8.56127
      vertex -1.99881 -2.99143 8.46668
      vertex -1.69597 -3.17294 8.46668
    endloop
  endfacet
  facet normal -0.413126 -0.689255 0.595194
    outer loop
      vertex -1.6629 -3.11108 8.56127
      vertex -1.95984 -2.9331 8.56127
      vertex -1.69597 -3.17294 8.46668
    endloop
  endfacet
  facet normal -0.30462 -0.851325 0.427143
    outer loop
      vertex -1.39997 -3.37983 8.36568
      vertex -1.41924 -3.42635 8.25922
      vertex -1.06195 -3.50078 8.36568
    endloop
  endfacet
  facet normal -0.560958 -0.756367 0.336503
    outer loop
      vertex -2.35275 -2.86683 8.25922
      vertex -2.37791 -2.8975 8.14834
      vertex -2.08246 -3.11662 8.14834
    endloop
  endfacet
  facet normal -0.56094 -0.756364 0.33654
    outer loop
      vertex -2.06042 -3.08363 8.25922
      vertex -2.35275 -2.86683 8.25922
      vertex -2.08246 -3.11662 8.14834
    endloop
  endfacet
  facet normal -0.497873 -0.549332 0.671086
    outer loop
      vertex -2.18772 -2.66575 8.64853
      vertex -2.43848 -2.43848 8.64853
      vertex -2.23789 -2.72688 8.56127
    endloop
  endfacet
  facet normal -0.441646 -0.595477 0.671085
    outer loop
      vertex -2.18772 -2.66575 8.64853
      vertex -2.23789 -2.72688 8.56127
      vertex -1.9159 -2.86735 8.64853
    endloop
  endfacet
  facet normal -0.451273 -0.497904 0.74057
    outer loop
      vertex -2.37678 -2.37678 8.72761
      vertex -2.43848 -2.43848 8.64853
      vertex -2.13237 -2.5983 8.72761
    endloop
  endfacet
  facet normal -0.40033 -0.441696 0.802895
    outer loop
      vertex -2.30989 -2.30989 8.79776
      vertex -2.37678 -2.37678 8.72761
      vertex -2.13237 -2.5983 8.72761
    endloop
  endfacet
  facet normal -0.0819456 -0.327131 0.941419
    outer loop
      vertex -0.855858 -2.82139 8.94833
      vertex -0.888044 -2.92749 8.90866
      vertex -0.596824 -3.00044 8.90866
    endloop
  endfacet
  facet normal -0.14418 -0.304849 0.941424
    outer loop
      vertex -1.12828 -2.72391 8.94833
      vertex -1.44211 -2.69799 8.90866
      vertex -1.17071 -2.82635 8.90866
    endloop
  endfacet
  facet normal -0.035697 -0.142508 0.98915
    outer loop
      vertex -0.788883 -2.6006 8.99422
      vertex -0.822698 -2.71207 8.97694
      vertex -0.552907 -2.77965 8.97694
    endloop
  endfacet
  facet normal -0.0494941 -0.138323 0.98915
    outer loop
      vertex -0.788883 -2.6006 8.99422
      vertex -1.03999 -2.51075 8.99422
      vertex -0.822698 -2.71207 8.97694
    endloop
  endfacet
  facet normal -0.125033 -0.499119 0.857465
    outer loop
      vertex -0.918947 -3.02936 8.8583
      vertex -0.948268 -3.12602 8.79776
      vertex -0.637298 -3.20392 8.79776
    endloop
  endfacet
  facet normal -0.125029 -0.499115 0.857468
    outer loop
      vertex -0.617592 -3.10485 8.8583
      vertex -0.918947 -3.02936 8.8583
      vertex -0.637298 -3.20392 8.79776
    endloop
  endfacet
  facet normal -0.173373 -0.289255 0.941421
    outer loop
      vertex -1.63801 -2.45146 8.94833
      vertex -1.69961 -2.54365 8.90866
      vertex -1.44211 -2.69799 8.90866
    endloop
  endfacet
  facet normal -0.103996 -0.219879 0.969968
    outer loop
      vertex -1.33599 -2.49946 8.97694
      vertex -1.38984 -2.6002 8.94833
      vertex -1.12828 -2.72391 8.94833
    endloop
  endfacet
  facet normal -0.125048 -0.208626 0.969968
    outer loop
      vertex -1.33599 -2.49946 8.97694
      vertex -1.57455 -2.35647 8.97694
      vertex -1.38984 -2.6002 8.94833
    endloop
  endfacet
  facet normal -0.173357 -0.289243 0.941428
    outer loop
      vertex -1.38984 -2.6002 8.94833
      vertex -1.63801 -2.45146 8.94833
      vertex -1.44211 -2.69799 8.90866
    endloop
  endfacet
  facet normal -0.183007 -0.386943 0.903761
    outer loop
      vertex -1.44211 -2.69799 8.90866
      vertex -1.49229 -2.79188 8.8583
      vertex -1.17071 -2.82635 8.90866
    endloop
  endfacet
  facet normal -0.220067 -0.367136 0.90376
    outer loop
      vertex -1.44211 -2.69799 8.90866
      vertex -1.75875 -2.63216 8.8583
      vertex -1.49229 -2.79188 8.8583
    endloop
  endfacet
  facet normal 0.0490081 -0.997595 0.0490231
    outer loop
      vertex 0 -3.79422 7.91762
      vertex 0 -3.8 7.8
      vertex 0.371899 -3.77595 7.91762
    endloop
  endfacet
  facet normal 0.0490141 -0.997595 0.0490041
    outer loop
      vertex 0.371899 -3.77595 7.91762
      vertex 0 -3.8 7.8
      vertex 0.372464 -3.7817 7.8
    endloop
  endfacet
  facet normal -0.219698 -0.877106 0.427105
    outer loop
      vertex -0.713699 -3.58801 8.36568
      vertex -1.06195 -3.50078 8.36568
      vertex -0.723522 -3.63739 8.25922
    endloop
  endfacet
  facet normal -0.142361 -0.959608 0.242663
    outer loop
      vertex -0.3674 -3.73028 8.14834
      vertex -0.731262 -3.6763 8.14834
      vertex -0.370205 -3.75875 8.03411
    endloop
  endfacet
  facet normal -0.125898 -0.848698 0.513675
    outer loop
      vertex -0.352642 -3.58044 8.46668
      vertex -0.713699 -3.58801 8.36568
      vertex -0.358576 -3.64069 8.36568
    endloop
  endfacet
  facet normal 0.0394198 -0.802604 0.595209
    outer loop
      vertex 0.345766 -3.51063 8.56127
      vertex 0 -3.59776 8.46668
      vertex 0.352642 -3.58044 8.46668
    endloop
  endfacet
  facet normal -0.0421096 -0.856951 0.513675
    outer loop
      vertex -0.352642 -3.58044 8.46668
      vertex -0.358576 -3.64069 8.36568
      vertex 0 -3.65831 8.36568
    endloop
  endfacet
  facet normal -0.0420876 -0.85692 0.513728
    outer loop
      vertex 0 -3.59776 8.46668
      vertex -0.352642 -3.58044 8.46668
      vertex 0 -3.65831 8.36568
    endloop
  endfacet
  facet normal 0.326821 -0.913381 0.242742
    outer loop
      vertex 1.43442 -3.463 8.14834
      vertex 1.09639 -3.61431 8.03411
      vertex 1.44537 -3.48944 8.03411
    endloop
  endfacet
  facet normal 0.33326 -0.931377 0.146544
    outer loop
      vertex 1.44537 -3.48944 8.03411
      vertex 1.09639 -3.61431 8.03411
      vertex 1.45199 -3.5054 7.91762
    endloop
  endfacet
  facet normal 0.304616 -0.85134 0.427118
    outer loop
      vertex 1.41924 -3.42635 8.25922
      vertex 1.06195 -3.50078 8.36568
      vertex 1.07657 -3.54896 8.25922
    endloop
  endfacet
  facet normal 0.366813 -0.775592 0.513717
    outer loop
      vertex 1.69597 -3.17294 8.46668
      vertex 1.39997 -3.37983 8.36568
      vertex 1.72451 -3.22634 8.36568
    endloop
  endfacet
  facet normal 0.235695 -0.941033 0.242704
    outer loop
      vertex 1.08808 -3.58693 8.14834
      vertex 0.731262 -3.6763 8.14834
      vertex 1.09639 -3.61431 8.03411
    endloop
  endfacet
  facet normal 0.0462108 -0.940545 0.336512
    outer loop
      vertex 0.363511 -3.6908 8.25922
      vertex 0 -3.70866 8.25922
      vertex 0.3674 -3.73028 8.14834
    endloop
  endfacet
  facet normal 0.117918 -0.794872 0.59521
    outer loop
      vertex 0.688203 -3.45983 8.56127
      vertex 0.345766 -3.51063 8.56127
      vertex 0.701888 -3.52863 8.46668
    endloop
  endfacet
  facet normal 0.125902 -0.848691 0.513686
    outer loop
      vertex 0.701888 -3.52863 8.46668
      vertex 0.352642 -3.58044 8.46668
      vertex 0.713699 -3.58801 8.36568
    endloop
  endfacet
  facet normal -0.0485372 -0.98801 0.14656
    outer loop
      vertex 0 -3.77694 8.03411
      vertex -0.371899 -3.77595 7.91762
      vertex 0 -3.79422 7.91762
    endloop
  endfacet
  facet normal -0.0485456 -0.988006 0.146587
    outer loop
      vertex -0.370205 -3.75875 8.03411
      vertex -0.371899 -3.77595 7.91762
      vertex 0 -3.77694 8.03411
    endloop
  endfacet
  facet normal -0.242709 -0.968863 0.0489504
    outer loop
      vertex -0.740215 -3.72132 7.91762
      vertex -1.1014 -3.63084 7.91762
      vertex -0.741343 -3.72698 7.8
    endloop
  endfacet
  facet normal -0.326821 -0.913381 0.242742
    outer loop
      vertex -1.43442 -3.463 8.14834
      vertex -1.44537 -3.48944 8.03411
      vertex -1.09639 -3.61431 8.03411
    endloop
  endfacet
  facet normal -0.50857 -0.848471 0.146467
    outer loop
      vertex -1.78044 -3.33097 8.03411
      vertex -2.09836 -3.14041 8.03411
      vertex -1.78858 -3.3462 7.91762
    endloop
  endfacet
  facet normal -0.33326 -0.931377 0.146544
    outer loop
      vertex -1.44537 -3.48944 8.03411
      vertex -1.45199 -3.5054 7.91762
      vertex -1.09639 -3.61431 8.03411
    endloop
  endfacet
  facet normal -0.117918 -0.794872 0.595209
    outer loop
      vertex -0.345766 -3.51063 8.56127
      vertex -0.701888 -3.52863 8.46668
      vertex -0.352642 -3.58044 8.46668
    endloop
  endfacet
  facet normal -0.195258 -0.779469 0.595233
    outer loop
      vertex -1.02401 -3.37571 8.56127
      vertex -1.04438 -3.44284 8.46668
      vertex -0.688203 -3.45983 8.56127
    endloop
  endfacet
  facet normal -0.138188 -0.931481 0.336522
    outer loop
      vertex -0.723522 -3.63739 8.25922
      vertex -0.731262 -3.6763 8.14834
      vertex -0.3674 -3.73028 8.14834
    endloop
  endfacet
  facet normal -0.228799 -0.913457 0.336522
    outer loop
      vertex -0.723522 -3.63739 8.25922
      vertex -1.07657 -3.54896 8.25922
      vertex -0.731262 -3.6763 8.14834
    endloop
  endfacet
  facet normal -0.794527 -0.589273 0.146574
    outer loop
      vertex -3.14041 -2.09836 8.03411
      vertex -3.15478 -2.10796 7.91762
      vertex -2.93297 -2.40703 7.91762
    endloop
  endfacet
  facet normal -0.848475 -0.508533 0.146575
    outer loop
      vertex -3.14041 -2.09836 8.03411
      vertex -3.3462 -1.78858 7.91762
      vertex -3.15478 -2.10796 7.91762
    endloop
  endfacet
  facet normal -0.670733 -0.740075 0.049058
    outer loop
      vertex -2.68292 -2.68292 7.91762
      vertex -2.68701 -2.68701 7.8
      vertex -2.41069 -2.93744 7.8
    endloop
  endfacet
  facet normal -0.670749 -0.740064 0.048997
    outer loop
      vertex -2.40703 -2.93297 7.91762
      vertex -2.68292 -2.68292 7.91762
      vertex -2.41069 -2.93744 7.8
    endloop
  endfacet
  facet normal -0.697996 0.249766 0.671132
    outer loop
      vertex -3.25909 1.34996 8.56127
      vertex -3.30004 1.00105 8.64853
      vertex -3.18602 1.31969 8.64853
    endloop
  endfacet
  facet normal -0.67016 0.316963 0.671133
    outer loop
      vertex -3.11108 1.6629 8.56127
      vertex -3.25909 1.34996 8.56127
      vertex -3.18602 1.31969 8.64853
    endloop
  endfacet
  facet normal -0.817388 0.386595 0.427107
    outer loop
      vertex -3.27074 1.74825 8.25922
      vertex -3.42635 1.41924 8.25922
      vertex -3.22634 1.72451 8.36568
    endloop
  endfacet
  facet normal -0.851262 0.402616 0.336531
    outer loop
      vertex -3.30573 1.76695 8.14834
      vertex -3.42635 1.41924 8.25922
      vertex -3.27074 1.74825 8.25922
    endloop
  endfacet
  facet normal -0.856951 0.0421096 0.513675
    outer loop
      vertex -3.64069 0.358576 8.36568
      vertex -3.65831 0 8.36568
      vertex -3.58044 0.352642 8.46668
    endloop
  endfacet
  facet normal -0.794872 0.117918 0.59521
    outer loop
      vertex -3.45983 0.688203 8.56127
      vertex -3.52863 0.701888 8.46668
      vertex -3.51063 0.345766 8.56127
    endloop
  endfacet
  facet normal -0.10399 -0.219873 0.96997
    outer loop
      vertex -1.08457 -2.61837 8.97694
      vertex -1.33599 -2.49946 8.97694
      vertex -1.12828 -2.72391 8.94833
    endloop
  endfacet
  facet normal -0.0590968 -0.235925 0.969973
    outer loop
      vertex -0.822698 -2.71207 8.97694
      vertex -0.855858 -2.82139 8.94833
      vertex -0.552907 -2.77965 8.97694
    endloop
  endfacet
  facet normal 0.0490819 -0.0024113 0.998792
    outer loop
      vertex 2.6 0 9
      vertex 2.58748 -0.254844 9
      vertex 2.71762 0 8.99422
    endloop
  endfacet
  facet normal 0.0330005 0.0364113 0.998792
    outer loop
      vertex 1.72404 2.10075 8.99422
      vertex 1.64942 2.00983 9
      vertex 1.83848 1.83848 9
    endloop
  endfacet
  facet normal 0.0252622 -0.0421486 0.998792
    outer loop
      vertex 1.44448 -2.16182 9
      vertex 1.22563 -2.29299 9
      vertex 1.50983 -2.25962 8.99422
    endloop
  endfacet
  facet normal 0.0356951 -0.142506 0.98915
    outer loop
      vertex 0.788883 -2.6006 8.99422
      vertex 0.530181 -2.6654 8.99422
      vertex 0.552907 -2.77965 8.97694
    endloop
  endfacet
  facet normal 0.0356897 -0.240598 0.969968
    outer loop
      vertex 0.552907 -2.77965 8.97694
      vertex 0.277791 -2.82046 8.97694
      vertex 0.288987 -2.93414 8.94833
    endloop
  endfacet
  facet normal 0.0356843 -0.240589 0.969971
    outer loop
      vertex 0.552907 -2.77965 8.97694
      vertex 0.288987 -2.93414 8.94833
      vertex 0.575192 -2.89169 8.94833
    endloop
  endfacet
  facet normal 0.108859 -0.0986585 0.989149
    outer loop
      vertex 2.10075 -1.72404 8.99422
      vertex 2.00402 -2.00402 8.97694
      vertex 2.19079 -1.79794 8.97694
    endloop
  endfacet
  facet normal 0.208626 -0.125048 0.969968
    outer loop
      vertex 2.49946 -1.33599 8.97694
      vertex 2.35647 -1.57455 8.97694
      vertex 2.6002 -1.38984 8.94833
    endloop
  endfacet
  facet normal 0.132805 -0.0628104 0.98915
    outer loop
      vertex 2.51075 -1.03999 8.99422
      vertex 2.49946 -1.33599 8.97694
      vertex 2.61837 -1.08457 8.97694
    endloop
  endfacet
  facet normal 0.219873 -0.10399 0.96997
    outer loop
      vertex 2.61837 -1.08457 8.97694
      vertex 2.49946 -1.33599 8.97694
      vertex 2.72391 -1.12828 8.94833
    endloop
  endfacet
  facet normal 0.145315 -0.0215543 0.989151
    outer loop
      vertex 2.70453 -0.266373 8.99422
      vertex 2.6654 -0.530181 8.99422
      vertex 2.82046 -0.277791 8.97694
    endloop
  endfacet
  facet normal 0.538925 -0.254886 0.802865
    outer loop
      vertex 3.01802 -1.25011 8.79776
      vertex 2.96438 -1.58449 8.72761
      vertex 3.10541 -1.2863 8.72761
    endloop
  endfacet
  facet normal 0.726431 -0.343577 0.595191
    outer loop
      vertex 3.25909 -1.34996 8.56127
      vertex 3.11108 -1.6629 8.56127
      vertex 3.17294 -1.69597 8.46668
    endloop
  endfacet
  facet normal 0.336807 -0.0165497 0.941428
    outer loop
      vertex 2.94834 0 8.94833
      vertex 2.93414 -0.288987 8.94833
      vertex 3.04449 -0.299855 8.90866
    endloop
  endfacet
  facet normal 0.427541 -0.0210126 0.903752
    outer loop
      vertex 3.16568 0 8.8583
      vertex 3.04449 -0.299855 8.90866
      vertex 3.15043 -0.31029 8.8583
    endloop
  endfacet
  facet normal 0.40303 -0.144207 0.903754
    outer loop
      vertex 2.92749 -0.888044 8.90866
      vertex 2.82635 -1.17071 8.90866
      vertex 3.02936 -0.918947 8.8583
    endloop
  endfacet
  facet normal 0.304849 -0.14418 0.941424
    outer loop
      vertex 2.72391 -1.12828 8.94833
      vertex 2.69799 -1.44211 8.90866
      vertex 2.82635 -1.17071 8.90866
    endloop
  endfacet
  facet normal 0.144208 -0.40303 0.903754
    outer loop
      vertex 1.17071 -2.82635 8.90866
      vertex 0.918947 -3.02936 8.8583
      vertex 1.21145 -2.9247 8.8583
    endloop
  endfacet
  facet normal 0.173343 -0.484459 0.857468
    outer loop
      vertex 1.21145 -2.9247 8.8583
      vertex 0.918947 -3.02936 8.8583
      vertex 1.25011 -3.01802 8.79776
    endloop
  endfacet
  facet normal 0.0754918 -0.508968 0.857468
    outer loop
      vertex 0.617592 -3.10485 8.8583
      vertex 0.31029 -3.15043 8.8583
      vertex 0.637298 -3.20392 8.79776
    endloop
  endfacet
  facet normal 0.0754872 -0.508986 0.857459
    outer loop
      vertex 0.637298 -3.20392 8.79776
      vertex 0.31029 -3.15043 8.8583
      vertex 0.32019 -3.25095 8.79776
    endloop
  endfacet
  facet normal 0.289243 -0.173357 0.941428
    outer loop
      vertex 2.6002 -1.38984 8.94833
      vertex 2.45146 -1.63801 8.94833
      vertex 2.69799 -1.44211 8.90866
    endloop
  endfacet
  facet normal 0.249866 -0.226474 0.941422
    outer loop
      vertex 2.2791 -1.87041 8.94833
      vertex 2.08479 -2.08479 8.94833
      vertex 2.36481 -1.94075 8.90866
    endloop
  endfacet
  facet normal 0.183007 -0.386958 0.903754
    outer loop
      vertex 1.49229 -2.79188 8.8583
      vertex 1.17071 -2.82635 8.90866
      vertex 1.21145 -2.9247 8.8583
    endloop
  endfacet
  facet normal 0.173357 -0.289243 0.941428
    outer loop
      vertex 1.63801 -2.45146 8.94833
      vertex 1.38984 -2.6002 8.94833
      vertex 1.44211 -2.69799 8.90866
    endloop
  endfacet
  facet normal 0.0986585 -0.108859 0.989149
    outer loop
      vertex 2.00402 -2.00402 8.97694
      vertex 1.72404 -2.10075 8.99422
      vertex 1.79794 -2.19079 8.97694
    endloop
  endfacet
  facet normal 0.0628106 -0.13281 0.989149
    outer loop
      vertex 1.28108 -2.39673 8.99422
      vertex 1.03999 -2.51075 8.99422
      vertex 1.33599 -2.49946 8.97694
    endloop
  endfacet
  facet normal 0.0986564 -0.108853 0.98915
    outer loop
      vertex 1.92165 -1.92165 8.99422
      vertex 1.72404 -2.10075 8.99422
      vertex 2.00402 -2.00402 8.97694
    endloop
  endfacet
  facet normal 0.108853 -0.0986564 0.98915
    outer loop
      vertex 2.10075 -1.72404 8.99422
      vertex 1.92165 -1.92165 8.99422
      vertex 2.00402 -2.00402 8.97694
    endloop
  endfacet
  facet normal -0.0476667 -0.0119396 0.998792
    outer loop
      vertex -2.48804 -0.75474 9
      vertex -2.6654 -0.530181 8.99422
      vertex -2.6006 -0.788883 8.99422
    endloop
  endfacet
  facet normal 0.381269 -0.345559 0.857451
    outer loop
      vertex 2.4471 -2.00828 8.8583
      vertex 2.23847 -2.23847 8.8583
      vertex 2.30989 -2.30989 8.79776
    endloop
  endfacet
  facet normal 0.317148 -0.287444 0.903766
    outer loop
      vertex 2.4471 -2.00828 8.8583
      vertex 2.16319 -2.16319 8.90866
      vertex 2.23847 -2.23847 8.8583
    endloop
  endfacet
  facet normal 0.497922 -0.451279 0.740555
    outer loop
      vertex 2.5983 -2.13237 8.72761
      vertex 2.43848 -2.43848 8.64853
      vertex 2.66575 -2.18772 8.64853
    endloop
  endfacet
  facet normal 0.441696 -0.40033 0.802895
    outer loop
      vertex 2.5983 -2.13237 8.72761
      vertex 2.30989 -2.30989 8.79776
      vertex 2.37678 -2.37678 8.72761
    endloop
  endfacet
  facet normal 0.345474 -0.576394 0.740552
    outer loop
      vertex 1.86742 -2.7948 8.72761
      vertex 1.58449 -2.96438 8.72761
      vertex 1.62562 -3.04133 8.64853
    endloop
  endfacet
  facet normal 0.183007 -0.386943 0.903761
    outer loop
      vertex 1.44211 -2.69799 8.90866
      vertex 1.17071 -2.82635 8.90866
      vertex 1.49229 -2.79188 8.8583
    endloop
  endfacet
  facet normal 0.894247 -0.42293 0.146468
    outer loop
      vertex 3.48944 -1.44537 8.03411
      vertex 3.33097 -1.78044 8.03411
      vertex 3.3462 -1.78858 7.91762
    endloop
  endfacet
  facet normal 0.876956 -0.414753 0.242751
    outer loop
      vertex 3.48944 -1.44537 8.03411
      vertex 3.30573 -1.76695 8.14834
      vertex 3.33097 -1.78044 8.03411
    endloop
  endfacet
  facet normal 0.88662 -0.31724 0.336547
    outer loop
      vertex 3.54896 -1.07657 8.25922
      vertex 3.42635 -1.41924 8.25922
      vertex 3.58693 -1.08808 8.14834
    endloop
  endfacet
  facet normal 0.832267 -0.208467 0.513685
    outer loop
      vertex 3.52863 -0.701888 8.46668
      vertex 3.50078 -1.06195 8.36568
      vertex 3.58801 -0.713699 8.36568
    endloop
  endfacet
  facet normal 0.886631 -0.317261 0.336499
    outer loop
      vertex 3.58693 -1.08808 8.14834
      vertex 3.42635 -1.41924 8.25922
      vertex 3.463 -1.43442 8.14834
    endloop
  endfacet
  facet normal 0.913385 -0.326834 0.242708
    outer loop
      vertex 3.58693 -1.08808 8.14834
      vertex 3.463 -1.43442 8.14834
      vertex 3.61431 -1.09639 8.03411
    endloop
  endfacet
  facet normal -0.10877 0.733366 0.671076
    outer loop
      vertex -0.338015 3.43192 8.64853
      vertex -0.688203 3.45983 8.56127
      vertex -0.672774 3.38227 8.64853
    endloop
  endfacet
  facet normal -0.108786 0.733317 0.671127
    outer loop
      vertex -0.345766 3.51063 8.56127
      vertex -0.688203 3.45983 8.56127
      vertex -0.338015 3.43192 8.64853
    endloop
  endfacet
  facet normal -0.125029 0.499115 0.857468
    outer loop
      vertex -0.637298 3.20392 8.79776
      vertex -0.918947 3.02936 8.8583
      vertex -0.617592 3.10485 8.8583
    endloop
  endfacet
  facet normal -0.0754918 0.508968 0.857468
    outer loop
      vertex -0.31029 3.15043 8.8583
      vertex -0.637298 3.20392 8.79776
      vertex -0.617592 3.10485 8.8583
    endloop
  endfacet
  facet normal -0.200847 0.561306 0.802868
    outer loop
      vertex -0.975725 3.21654 8.72761
      vertex -1.2863 3.10541 8.72761
      vertex -1.25011 3.01802 8.79776
    endloop
  endfacet
  facet normal -0.226393 0.6327 0.740565
    outer loop
      vertex -1.00105 3.30004 8.64853
      vertex -1.2863 3.10541 8.72761
      vertex -0.975725 3.21654 8.72761
    endloop
  endfacet
  facet normal -0.0215562 0.145318 0.98915
    outer loop
      vertex -0.277791 2.82046 8.97694
      vertex -0.552907 2.77965 8.97694
      vertex -0.530181 2.6654 8.99422
    endloop
  endfacet
  facet normal 0.0119396 0.0476667 0.998792
    outer loop
      vertex 0.788883 2.6006 8.99422
      vertex 0.530181 2.6654 8.99422
      vertex 0.75474 2.48804 9
    endloop
  endfacet
  facet normal -0.00720994 0.146729 0.98915
    outer loop
      vertex 0 2.83411 8.97694
      vertex -0.277791 2.82046 8.97694
      vertex 0 2.71762 8.99422
    endloop
  endfacet
  facet normal -0.00721011 0.0486093 0.998792
    outer loop
      vertex -0.266373 2.70453 8.99422
      vertex -0.530181 2.6654 8.99422
      vertex -0.507235 2.55004 9
    endloop
  endfacet
  facet normal 0.035697 0.142508 0.98915
    outer loop
      vertex 0.822698 2.71207 8.97694
      vertex 0.552907 2.77965 8.97694
      vertex 0.788883 2.6006 8.99422
    endloop
  endfacet
  facet normal 0.0119374 0.242938 0.969968
    outer loop
      vertex 0 2.94834 8.94833
      vertex 0 2.83411 8.97694
      vertex 0.277791 2.82046 8.97694
    endloop
  endfacet
  facet normal 0.0462712 -0.0165546 0.998792
    outer loop
      vertex 2.48804 -0.75474 9
      vertex 2.40209 -0.994976 9
      vertex 2.51075 -1.03999 8.99422
    endloop
  endfacet
  facet normal 0.0476667 -0.0119396 0.998792
    outer loop
      vertex 2.6654 -0.530181 8.99422
      vertex 2.48804 -0.75474 9
      vertex 2.6006 -0.788883 8.99422
    endloop
  endfacet
  facet normal 0.0628104 0.132805 0.98915
    outer loop
      vertex 1.08457 2.61837 8.97694
      vertex 1.03999 2.51075 8.99422
      vertex 1.33599 2.49946 8.97694
    endloop
  endfacet
  facet normal 0.0494941 0.138323 0.98915
    outer loop
      vertex 0.822698 2.71207 8.97694
      vertex 0.788883 2.6006 8.99422
      vertex 1.03999 2.51075 8.99422
    endloop
  endfacet
  facet normal -0.0462082 0.940548 0.336504
    outer loop
      vertex 0 3.74833 8.14834
      vertex -0.3674 3.73028 8.14834
      vertex 0 3.70866 8.25922
    endloop
  endfacet
  facet normal -0.047603 0.968938 0.24268
    outer loop
      vertex 0 3.77694 8.03411
      vertex -0.3674 3.73028 8.14834
      vertex 0 3.74833 8.14834
    endloop
  endfacet
  facet normal 0.242709 0.968863 0.0489504
    outer loop
      vertex 0.741343 3.72698 7.8
      vertex 0.740215 3.72132 7.91762
      vertex 1.1014 3.63084 7.91762
    endloop
  endfacet
  facet normal 0.146543 0.987993 0.0489486
    outer loop
      vertex 0.741343 3.72698 7.8
      vertex 0.371899 3.77595 7.91762
      vertex 0.740215 3.72132 7.91762
    endloop
  endfacet
  facet normal -0.0292517 0.595429 0.802875
    outer loop
      vertex 0 3.36127 8.72761
      vertex -0.32019 3.25095 8.79776
      vertex 0 3.26668 8.79776
    endloop
  endfacet
  facet normal 0.025248 0.513933 0.857458
    outer loop
      vertex 0.32019 3.25095 8.79776
      vertex 0 3.26668 8.79776
      vertex 0.31029 3.15043 8.8583
    endloop
  endfacet
  facet normal -0.0363645 0.740494 0.671078
    outer loop
      vertex 0 3.52761 8.56127
      vertex -0.345766 3.51063 8.56127
      vertex 0 3.44853 8.64853
    endloop
  endfacet
  facet normal 0.108786 0.733317 0.671127
    outer loop
      vertex 0.345766 3.51063 8.56127
      vertex 0.338015 3.43192 8.64853
      vertex 0.688203 3.45983 8.56127
    endloop
  endfacet
  facet normal 0.0628036 0.423424 0.903752
    outer loop
      vertex 0.31029 3.15043 8.8583
      vertex 0.299855 3.04449 8.90866
      vertex 0.617592 3.10485 8.8583
    endloop
  endfacet
  facet normal 0.113608 0.317512 0.941424
    outer loop
      vertex 1.17071 2.82635 8.90866
      vertex 0.888044 2.92749 8.90866
      vertex 1.12828 2.72391 8.94833
    endloop
  endfacet
  facet normal 0.163279 0.651842 0.740568
    outer loop
      vertex 0.672774 3.38227 8.64853
      vertex 0.655751 3.29669 8.72761
      vertex 0.975725 3.21654 8.72761
    endloop
  endfacet
  facet normal 0.316963 0.67016 0.671133
    outer loop
      vertex 1.34996 3.25909 8.56127
      vertex 1.31969 3.18602 8.64853
      vertex 1.6629 3.11108 8.56127
    endloop
  endfacet
  facet normal 0.104013 0.415219 0.903756
    outer loop
      vertex 0.617592 3.10485 8.8583
      vertex 0.596824 3.00044 8.90866
      vertex 0.918947 3.02936 8.8583
    endloop
  endfacet
  facet normal 0.254886 0.538914 0.802873
    outer loop
      vertex 1.58449 2.96438 8.72761
      vertex 1.25011 3.01802 8.79776
      vertex 1.5399 2.88096 8.79776
    endloop
  endfacet
  facet normal 0.345456 0.576382 0.74057
    outer loop
      vertex 1.9159 2.86735 8.64853
      vertex 1.62562 3.04133 8.64853
      vertex 1.86742 2.7948 8.72761
    endloop
  endfacet
  facet normal 0.226474 0.249866 0.941422
    outer loop
      vertex 1.94075 2.36481 8.90866
      vertex 1.87041 2.2791 8.94833
      vertex 2.08479 2.08479 8.94833
    endloop
  endfacet
  facet normal 0.538914 0.254886 0.802873
    outer loop
      vertex 2.96438 1.58449 8.72761
      vertex 2.88096 1.5399 8.79776
      vertex 3.01802 1.25011 8.79776
    endloop
  endfacet
  facet normal 0.47882 0.355122 0.802882
    outer loop
      vertex 2.5983 2.13237 8.72761
      vertex 2.52518 2.07236 8.79776
      vertex 2.71615 1.81487 8.79776
    endloop
  endfacet
  facet normal 0.366813 0.775592 0.513717
    outer loop
      vertex 1.72451 3.22634 8.36568
      vertex 1.39997 3.37983 8.36568
      vertex 1.69597 3.17294 8.46668
    endloop
  endfacet
  facet normal 0.270701 0.756601 0.59521
    outer loop
      vertex 1.3768 3.3239 8.46668
      vertex 1.02401 3.37571 8.56127
      vertex 1.34996 3.25909 8.56127
    endloop
  endfacet
  facet normal 0.113618 0.317523 0.941419
    outer loop
      vertex 0.888044 2.92749 8.90866
      vertex 0.855858 2.82139 8.94833
      vertex 1.12828 2.72391 8.94833
    endloop
  endfacet
  facet normal 0.144179 0.304839 0.941427
    outer loop
      vertex 1.44211 2.69799 8.90866
      vertex 1.12828 2.72391 8.94833
      vertex 1.38984 2.6002 8.94833
    endloop
  endfacet
  facet normal 0.10399 0.219873 0.96997
    outer loop
      vertex 1.12828 2.72391 8.94833
      vertex 1.08457 2.61837 8.97694
      vertex 1.33599 2.49946 8.97694
    endloop
  endfacet
  facet normal 0.0819401 0.229006 0.96997
    outer loop
      vertex 1.12828 2.72391 8.94833
      vertex 0.822698 2.71207 8.97694
      vertex 1.08457 2.61837 8.97694
    endloop
  endfacet
  facet normal 0.220071 0.367165 0.903747
    outer loop
      vertex 1.75875 2.63216 8.8583
      vertex 1.44211 2.69799 8.90866
      vertex 1.69961 2.54365 8.90866
    endloop
  endfacet
  facet normal 0.144207 0.40303 0.903754
    outer loop
      vertex 0.918947 3.02936 8.8583
      vertex 0.888044 2.92749 8.90866
      vertex 1.17071 2.82635 8.90866
    endloop
  endfacet
  facet normal 0.163281 0.651844 0.740567
    outer loop
      vertex 1.00105 3.30004 8.64853
      vertex 0.672774 3.38227 8.64853
      vertex 0.975725 3.21654 8.72761
    endloop
  endfacet
  facet normal 0.0874738 0.589706 0.802867
    outer loop
      vertex 0.655751 3.29669 8.72761
      vertex 0.329462 3.34509 8.72761
      vertex 0.637298 3.20392 8.79776
    endloop
  endfacet
  facet normal 0.422949 0.894224 0.146551
    outer loop
      vertex 1.45199 3.5054 7.91762
      vertex 1.44537 3.48944 8.03411
      vertex 1.78858 3.3462 7.91762
    endloop
  endfacet
  facet normal 0.427052 0.902898 0.049016
    outer loop
      vertex 1.4542 3.51074 7.8
      vertex 1.45199 3.5054 7.91762
      vertex 1.78858 3.3462 7.91762
    endloop
  endfacet
  facet normal 0.117918 0.794872 0.595209
    outer loop
      vertex 0.352642 3.58044 8.46668
      vertex 0.345766 3.51063 8.56127
      vertex 0.701888 3.52863 8.46668
    endloop
  endfacet
  facet normal 0.117918 0.794872 0.59521
    outer loop
      vertex 0.701888 3.52863 8.46668
      vertex 0.345766 3.51063 8.56127
      vertex 0.688203 3.45983 8.56127
    endloop
  endfacet
  facet normal 0.326834 0.913385 0.242708
    outer loop
      vertex 1.09639 3.61431 8.03411
      vertex 1.08808 3.58693 8.14834
      vertex 1.43442 3.463 8.14834
    endloop
  endfacet
  facet normal 0.317261 0.886631 0.336499
    outer loop
      vertex 1.43442 3.463 8.14834
      vertex 1.08808 3.58693 8.14834
      vertex 1.41924 3.42635 8.25922
    endloop
  endfacet
  facet normal 0.228799 0.913457 0.336522
    outer loop
      vertex 0.731262 3.6763 8.14834
      vertex 0.723522 3.63739 8.25922
      vertex 1.07657 3.54896 8.25922
    endloop
  endfacet
  facet normal 0.304616 0.85134 0.427118
    outer loop
      vertex 1.07657 3.54896 8.25922
      vertex 1.06195 3.50078 8.36568
      vertex 1.41924 3.42635 8.25922
    endloop
  endfacet
  facet normal 0.0292724 0.039469 0.998792
    outer loop
      vertex 1.50983 2.25962 8.99422
      vertex 1.44448 2.16182 9
      vertex 1.72404 2.10075 8.99422
    endloop
  endfacet
  facet normal 0.0875164 0.118001 0.989149
    outer loop
      vertex 1.57455 2.35647 8.97694
      vertex 1.50983 2.25962 8.99422
      vertex 1.72404 2.10075 8.99422
    endloop
  endfacet
  facet normal 0.0119409 0.0476683 0.998792
    outer loop
      vertex 0.530181 2.6654 8.99422
      vertex 0.507235 2.55004 9
      vertex 0.75474 2.48804 9
    endloop
  endfacet
  facet normal 0.0119409 -0.0476683 0.998792
    outer loop
      vertex 0.75474 -2.48804 9
      vertex 0.507235 -2.55004 9
      vertex 0.530181 -2.6654 8.99422
    endloop
  endfacet
  facet normal 0.343824 0.254992 0.90375
    outer loop
      vertex 2.4471 2.00828 8.8583
      vertex 2.36481 1.94075 8.90866
      vertex 2.63216 1.75875 8.8583
    endloop
  endfacet
  facet normal 0.144883 0.195349 0.969973
    outer loop
      vertex 1.87041 2.2791 8.94833
      vertex 1.57455 2.35647 8.97694
      vertex 1.79794 2.19079 8.97694
    endloop
  endfacet
  facet normal -0.219873 0.10399 0.96997
    outer loop
      vertex -2.49946 1.33599 8.97694
      vertex -2.72391 1.12828 8.94833
      vertex -2.61837 1.08457 8.97694
    endloop
  endfacet
  facet normal -0.229006 0.0819401 0.96997
    outer loop
      vertex -2.61837 1.08457 8.97694
      vertex -2.72391 1.12828 8.94833
      vertex -2.71207 0.822698 8.97694
    endloop
  endfacet
  facet normal -0.0755298 0.126011 0.989149
    outer loop
      vertex -1.33599 2.49946 8.97694
      vertex -1.57455 2.35647 8.97694
      vertex -1.50983 2.25962 8.99422
    endloop
  endfacet
  facet normal -0.0755298 0.126011 0.989149
    outer loop
      vertex -1.33599 2.49946 8.97694
      vertex -1.50983 2.25962 8.99422
      vertex -1.28108 2.39673 8.99422
    endloop
  endfacet
  facet normal -0.039469 0.0292724 0.998792
    outer loop
      vertex -2.10075 1.72404 8.99422
      vertex -2.25962 1.50983 8.99422
      vertex -2.16182 1.44448 9
    endloop
  endfacet
  facet normal -0.118001 0.0875164 0.989149
    outer loop
      vertex -2.10075 1.72404 8.99422
      vertex -2.35647 1.57455 8.97694
      vertex -2.25962 1.50983 8.99422
    endloop
  endfacet
  facet normal 0.0421486 -0.0252622 0.998792
    outer loop
      vertex 2.29299 -1.22563 9
      vertex 2.16182 -1.44448 9
      vertex 2.25962 -1.50983 8.99422
    endloop
  endfacet
  facet normal -0.0119409 -0.0476683 0.998792
    outer loop
      vertex -0.507235 -2.55004 9
      vertex -0.75474 -2.48804 9
      vertex -0.530181 -2.6654 8.99422
    endloop
  endfacet
  facet normal -0.226474 0.249866 0.941422
    outer loop
      vertex -1.94075 2.36481 8.90866
      vertex -2.08479 2.08479 8.94833
      vertex -1.87041 2.2791 8.94833
    endloop
  endfacet
  facet normal -0.108859 0.0986585 0.989149
    outer loop
      vertex -2.00402 2.00402 8.97694
      vertex -2.19079 1.79794 8.97694
      vertex -2.10075 1.72404 8.99422
    endloop
  endfacet
  facet normal -0.0394708 -0.0292728 0.998792
    outer loop
      vertex -2.00983 -1.64942 9
      vertex -2.16182 -1.44448 9
      vertex -2.10075 -1.72404 8.99422
    endloop
  endfacet
  facet normal -0.0252619 -0.0421462 0.998792
    outer loop
      vertex -1.22563 -2.29299 9
      vertex -1.50983 -2.25962 8.99422
      vertex -1.28108 -2.39673 8.99422
    endloop
  endfacet
  facet normal -0.220067 0.367136 0.90376
    outer loop
      vertex -1.49229 2.79188 8.8583
      vertex -1.75875 2.63216 8.8583
      vertex -1.44211 2.69799 8.90866
    endloop
  endfacet
  facet normal -0.441646 0.595477 0.671085
    outer loop
      vertex -1.9159 2.86735 8.64853
      vertex -2.23789 2.72688 8.56127
      vertex -2.18772 2.66575 8.64853
    endloop
  endfacet
  facet normal -0.0485372 0.98801 0.14656
    outer loop
      vertex 0 3.79422 7.91762
      vertex -0.371899 3.77595 7.91762
      vertex 0 3.77694 8.03411
    endloop
  endfacet
  facet normal -0.0485456 0.988006 0.146587
    outer loop
      vertex 0 3.77694 8.03411
      vertex -0.371899 3.77595 7.91762
      vertex -0.370205 3.75875 8.03411
    endloop
  endfacet
  facet normal -0.132678 0.894399 0.427138
    outer loop
      vertex -0.363511 3.6908 8.25922
      vertex -0.713699 3.58801 8.36568
      vertex -0.358576 3.64069 8.36568
    endloop
  endfacet
  facet normal -0.125898 0.848698 0.513675
    outer loop
      vertex -0.358576 3.64069 8.36568
      vertex -0.713699 3.58801 8.36568
      vertex -0.352642 3.58044 8.46668
    endloop
  endfacet
  facet normal -0.235708 0.941016 0.242756
    outer loop
      vertex -0.736844 3.70437 8.03411
      vertex -1.09639 3.61431 8.03411
      vertex -0.731262 3.6763 8.14834
    endloop
  endfacet
  facet normal -0.142327 0.95959 0.242757
    outer loop
      vertex -0.370205 3.75875 8.03411
      vertex -0.736844 3.70437 8.03411
      vertex -0.731262 3.6763 8.14834
    endloop
  endfacet
  facet normal -0.427052 0.902898 0.049016
    outer loop
      vertex -1.4542 3.51074 7.8
      vertex -1.78858 3.3462 7.91762
      vertex -1.45199 3.5054 7.91762
    endloop
  endfacet
  facet normal -0.326821 0.913381 0.242742
    outer loop
      vertex -1.09639 3.61431 8.03411
      vertex -1.44537 3.48944 8.03411
      vertex -1.43442 3.463 8.14834
    endloop
  endfacet
  facet normal -0.47867 0.645399 0.59526
    outer loop
      vertex -1.95984 2.9331 8.56127
      vertex -2.2824 2.78111 8.46668
      vertex -2.23789 2.72688 8.56127
    endloop
  endfacet
  facet normal -0.538616 0.726248 0.42715
    outer loop
      vertex -2.03244 3.04177 8.36568
      vertex -2.35275 2.86683 8.25922
      vertex -2.3208 2.82791 8.36568
    endloop
  endfacet
  facet normal -0.355122 0.47882 0.802882
    outer loop
      vertex -1.81487 2.71615 8.79776
      vertex -2.13237 2.5983 8.72761
      vertex -2.07236 2.52518 8.79776
    endloop
  endfacet
  facet normal -0.306517 0.413285 0.857463
    outer loop
      vertex -1.81487 2.71615 8.79776
      vertex -2.07236 2.52518 8.79776
      vertex -2.00828 2.4471 8.8583
    endloop
  endfacet
  facet normal -0.345456 0.576382 0.74057
    outer loop
      vertex -1.62562 3.04133 8.64853
      vertex -1.9159 2.86735 8.64853
      vertex -1.86742 2.7948 8.72761
    endloop
  endfacet
  facet normal -0.381121 0.635888 0.671114
    outer loop
      vertex -1.6629 3.11108 8.56127
      vertex -1.9159 2.86735 8.64853
      vertex -1.62562 3.04133 8.64853
    endloop
  endfacet
  facet normal -0.40033 0.441696 0.802895
    outer loop
      vertex -2.13237 2.5983 8.72761
      vertex -2.37678 2.37678 8.72761
      vertex -2.30989 2.30989 8.79776
    endloop
  endfacet
  facet normal -0.451273 0.497904 0.74057
    outer loop
      vertex -2.13237 2.5983 8.72761
      vertex -2.43848 2.43848 8.64853
      vertex -2.37678 2.37678 8.72761
    endloop
  endfacet
  facet normal -0.635725 0.576211 0.513648
    outer loop
      vertex -2.544 2.544 8.46668
      vertex -2.82791 2.3208 8.36568
      vertex -2.78111 2.2824 8.46668
    endloop
  endfacet
  facet normal -0.726248 0.538616 0.42715
    outer loop
      vertex -2.86683 2.35275 8.25922
      vertex -3.04177 2.03244 8.36568
      vertex -2.82791 2.3208 8.36568
    endloop
  endfacet
  facet normal -0.635888 0.381121 0.671114
    outer loop
      vertex -2.86735 1.9159 8.64853
      vertex -3.11108 1.6629 8.56127
      vertex -3.04133 1.62562 8.64853
    endloop
  endfacet
  facet normal -0.576382 0.345456 0.74057
    outer loop
      vertex -2.86735 1.9159 8.64853
      vertex -3.04133 1.62562 8.64853
      vertex -2.7948 1.86742 8.72761
    endloop
  endfacet
  facet normal 0.83208 0.498731 0.242712
    outer loop
      vertex 3.14041 2.09836 8.03411
      vertex 3.11662 2.08246 8.14834
      vertex 3.30573 1.76695 8.14834
    endloop
  endfacet
  facet normal 0.484465 0.173343 0.857465
    outer loop
      vertex 3.12602 0.948268 8.79776
      vertex 3.01802 1.25011 8.79776
      vertex 3.02936 0.918947 8.8583
    endloop
  endfacet
  facet normal 0.180233 0.163345 0.969966
    outer loop
      vertex 2.08479 2.08479 8.94833
      vertex 2.00402 2.00402 8.97694
      vertex 2.19079 1.79794 8.97694
    endloop
  endfacet
  facet normal 0.0462667 0.016555 0.998792
    outer loop
      vertex 2.51075 1.03999 8.99422
      vertex 2.48804 0.75474 9
      vertex 2.6006 0.788883 8.99422
    endloop
  endfacet
  facet normal 0.441353 0.264536 0.857454
    outer loop
      vertex 2.88096 1.5399 8.79776
      vertex 2.71615 1.81487 8.79776
      vertex 2.79188 1.49229 8.8583
    endloop
  endfacet
  facet normal 0.142508 0.035697 0.98915
    outer loop
      vertex 2.71207 0.822698 8.97694
      vertex 2.6006 0.788883 8.99422
      vertex 2.77965 0.552907 8.97694
    endloop
  endfacet
  facet normal -0.00241204 0.0490834 0.998792
    outer loop
      vertex 0 2.71762 8.99422
      vertex -0.266373 2.70453 8.99422
      vertex -0.254844 2.58748 9
    endloop
  endfacet
  facet normal -0.0119409 0.0476683 0.998792
    outer loop
      vertex -0.530181 2.6654 8.99422
      vertex -0.75474 2.48804 9
      vertex -0.507235 2.55004 9
    endloop
  endfacet
  facet normal 0.0486107 0.00721097 0.998792
    outer loop
      vertex 2.70453 0.266373 8.99422
      vertex 2.55004 0.507235 9
      vertex 2.58748 0.254844 9
    endloop
  endfacet
  facet normal -0.0330005 -0.0364113 0.998792
    outer loop
      vertex -1.64942 -2.00983 9
      vertex -1.83848 -1.83848 9
      vertex -1.72404 -2.10075 8.99422
    endloop
  endfacet
  facet normal -0.0364113 -0.0330005 0.998792
    outer loop
      vertex -2.00983 -1.64942 9
      vertex -2.10075 -1.72404 8.99422
      vertex -1.83848 -1.83848 9
    endloop
  endfacet
  facet normal 0.732935 -0.66432 0.146575
    outer loop
      vertex 2.91962 -2.39607 8.03411
      vertex 2.6707 -2.6707 8.03411
      vertex 2.68292 -2.68292 7.91762
    endloop
  endfacet
  facet normal 0.670733 -0.740075 0.049058
    outer loop
      vertex 2.68292 -2.68292 7.91762
      vertex 2.41069 -2.93744 7.8
      vertex 2.68701 -2.68701 7.8
    endloop
  endfacet
  facet normal 0.756367 -0.560958 0.336503
    outer loop
      vertex 3.11662 -2.08246 8.14834
      vertex 2.86683 -2.35275 8.25922
      vertex 2.8975 -2.37791 8.14834
    endloop
  endfacet
  facet normal 0.697747 -0.632391 0.336498
    outer loop
      vertex 2.86683 -2.35275 8.25922
      vertex 2.65047 -2.65047 8.14834
      vertex 2.8975 -2.37791 8.14834
    endloop
  endfacet
  facet normal 0.794527 -0.589273 0.146574
    outer loop
      vertex 3.14041 -2.09836 8.03411
      vertex 2.93297 -2.40703 7.91762
      vertex 3.15478 -2.10796 7.91762
    endloop
  endfacet
  facet normal 0.803206 -0.595701 0
    outer loop
      vertex 2.93744 -2.41069 7.8
      vertex 3.15958 -2.11117 4
      vertex 3.15958 -2.11117 7.8
    endloop
  endfacet
  facet normal 0.803206 -0.595701 0
    outer loop
      vertex 3.15958 -2.11117 4
      vertex 2.93744 -2.41069 7.8
      vertex 2.93744 -2.41069 4
    endloop
  endfacet
  facet normal 0.56094 0.756364 0.33654
    outer loop
      vertex 2.08246 3.11662 8.14834
      vertex 2.06042 3.08363 8.25922
      vertex 2.35275 2.86683 8.25922
    endloop
  endfacet
  facet normal 0.560958 0.756367 0.336503
    outer loop
      vertex 2.37791 2.8975 8.14834
      vertex 2.08246 3.11662 8.14834
      vertex 2.35275 2.86683 8.25922
    endloop
  endfacet
  facet normal 0.589273 0.794527 0.146574
    outer loop
      vertex 2.10796 3.15478 7.91762
      vertex 2.09836 3.14041 8.03411
      vertex 2.40703 2.93297 7.91762
    endloop
  endfacet
  facet normal 0.594992 0.802238 0.0489769
    outer loop
      vertex 2.11117 3.15958 7.8
      vertex 2.10796 3.15478 7.91762
      vertex 2.40703 2.93297 7.91762
    endloop
  endfacet
  facet normal 0.464856 0.775555 0.427112
    outer loop
      vertex 1.74825 3.27074 8.25922
      vertex 1.72451 3.22634 8.36568
      vertex 2.06042 3.08363 8.25922
    endloop
  endfacet
  facet normal 0.386595 0.817388 0.427107
    outer loop
      vertex 1.74825 3.27074 8.25922
      vertex 1.41924 3.42635 8.25922
      vertex 1.72451 3.22634 8.36568
    endloop
  endfacet
  facet normal 0.98801 0.0485372 0.14656
    outer loop
      vertex 3.79422 0 7.91762
      vertex 3.77595 0.371899 7.91762
      vertex 3.77694 0 8.03411
    endloop
  endfacet
  facet normal 0.856951 -0.0421096 0.513675
    outer loop
      vertex 3.65831 0 8.36568
      vertex 3.58044 -0.352642 8.46668
      vertex 3.64069 -0.358576 8.36568
    endloop
  endfacet
  facet normal 0.940415 0.336477 0.0490174
    outer loop
      vertex 3.51074 1.4542 7.8
      vertex 3.5054 1.45199 7.91762
      vertex 3.63084 1.1014 7.91762
    endloop
  endfacet
  facet normal 0.913457 0.228799 0.336522
    outer loop
      vertex 3.6763 0.731262 8.14834
      vertex 3.54896 1.07657 8.25922
      vertex 3.63739 0.723522 8.25922
    endloop
  endfacet
  facet normal 0.931484 0.138192 0.336512
    outer loop
      vertex 3.73028 0.3674 8.14834
      vertex 3.63739 0.723522 8.25922
      vertex 3.6908 0.363511 8.25922
    endloop
  endfacet
  facet normal 0.848471 0.50857 0.146467
    outer loop
      vertex 3.3462 1.78858 7.91762
      vertex 3.14041 2.09836 8.03411
      vertex 3.33097 1.78044 8.03411
    endloop
  endfacet
  facet normal 0.913449 0.228786 0.336553
    outer loop
      vertex 3.58693 1.08808 8.14834
      vertex 3.54896 1.07657 8.25922
      vertex 3.6763 0.731262 8.14834
    endloop
  endfacet
  facet normal 0.85134 0.304616 0.427118
    outer loop
      vertex 3.54896 1.07657 8.25922
      vertex 3.42635 1.41924 8.25922
      vertex 3.50078 1.06195 8.36568
    endloop
  endfacet
  facet normal 0.931388 0.333248 0.146497
    outer loop
      vertex 3.63084 1.1014 7.91762
      vertex 3.5054 1.45199 7.91762
      vertex 3.61431 1.09639 8.03411
    endloop
  endfacet
  facet normal 0.902898 0.427052 0.049016
    outer loop
      vertex 3.51074 1.4542 7.8
      vertex 3.3462 1.78858 7.91762
      vertex 3.5054 1.45199 7.91762
    endloop
  endfacet
  facet normal 0.664736 0.0985907 0.740544
    outer loop
      vertex 3.38227 0.672774 8.64853
      vertex 3.34509 0.329462 8.72761
      vertex 3.43192 0.338015 8.64853
    endloop
  endfacet
  facet normal 0.931481 -0.138188 0.336522
    outer loop
      vertex 3.73028 -0.3674 8.14834
      vertex 3.63739 -0.723522 8.25922
      vertex 3.6763 -0.731262 8.14834
    endloop
  endfacet
  facet normal 0.848698 -0.125898 0.513675
    outer loop
      vertex 3.64069 -0.358576 8.36568
      vertex 3.58044 -0.352642 8.46668
      vertex 3.58801 -0.713699 8.36568
    endloop
  endfacet
  facet normal 0.6327 -0.226393 0.740565
    outer loop
      vertex 3.21654 -0.975725 8.72761
      vertex 3.10541 -1.2863 8.72761
      vertex 3.30004 -1.00105 8.64853
    endloop
  endfacet
  facet normal 0.756601 -0.270701 0.59521
    outer loop
      vertex 3.37571 -1.02401 8.56127
      vertex 3.25909 -1.34996 8.56127
      vertex 3.3239 -1.3768 8.46668
    endloop
  endfacet
  facet normal 0.832257 -0.20847 0.513701
    outer loop
      vertex 3.52863 -0.701888 8.46668
      vertex 3.44284 -1.04438 8.46668
      vertex 3.50078 -1.06195 8.36568
    endloop
  endfacet
  facet normal 0.595429 -0.0292517 0.802875
    outer loop
      vertex 3.26668 0 8.79776
      vertex 3.25095 -0.32019 8.79776
      vertex 3.36127 0 8.72761
    endloop
  endfacet
  facet normal 0.595429 0.0292517 0.802875
    outer loop
      vertex 3.36127 0 8.72761
      vertex 3.25095 0.32019 8.79776
      vertex 3.26668 0 8.79776
    endloop
  endfacet
  facet normal 0.427517 0.0210013 0.903763
    outer loop
      vertex 3.16568 0 8.8583
      vertex 3.04449 0.299855 8.90866
      vertex 3.05922 0 8.90866
    endloop
  endfacet
  facet normal 0.903105 0.0443713 0.427121
    outer loop
      vertex 3.6908 0.363511 8.25922
      vertex 3.65831 0 8.36568
      vertex 3.70866 0 8.25922
    endloop
  endfacet
  facet normal 0.970032 -0.242979 0
    outer loop
      vertex 3.63637 -1.10308 7.8
      vertex 3.72698 -0.741343 4
      vertex 3.72698 -0.741343 7.8
    endloop
  endfacet
  facet normal 0.970032 -0.242979 0
    outer loop
      vertex 3.72698 -0.741343 4
      vertex 3.63637 -1.10308 7.8
      vertex 3.63637 -1.10308 4
    endloop
  endfacet
  facet normal 0.670749 -0.740064 0.048997
    outer loop
      vertex 2.68292 -2.68292 7.91762
      vertex 2.40703 -2.93297 7.91762
      vertex 2.41069 -2.93744 7.8
    endloop
  endfacet
  facet normal 0.478674 -0.645432 0.595221
    outer loop
      vertex 2.2824 -2.78111 8.46668
      vertex 1.95984 -2.9331 8.56127
      vertex 1.99881 -2.99143 8.46668
    endloop
  endfacet
  facet normal 0.607213 -0.669949 0.427154
    outer loop
      vertex 2.58681 -2.58681 8.36568
      vertex 2.3208 -2.82791 8.36568
      vertex 2.35275 -2.86683 8.25922
    endloop
  endfacet
  facet normal 0.56094 -0.756364 0.33654
    outer loop
      vertex 2.35275 -2.86683 8.25922
      vertex 2.06042 -3.08363 8.25922
      vertex 2.08246 -3.11662 8.14834
    endloop
  endfacet
  facet normal 0.400312 -0.539747 0.740556
    outer loop
      vertex 2.13237 -2.5983 8.72761
      vertex 1.9159 -2.86735 8.64853
      vertex 2.18772 -2.66575 8.64853
    endloop
  endfacet
  facet normal 0.400296 -0.539738 0.740571
    outer loop
      vertex 2.13237 -2.5983 8.72761
      vertex 1.86742 -2.7948 8.72761
      vertex 1.9159 -2.86735 8.64853
    endloop
  endfacet
  facet normal 0.689255 -0.413126 0.595194
    outer loop
      vertex 3.11108 -1.6629 8.56127
      vertex 2.9331 -1.95984 8.56127
      vertex 3.17294 -1.69597 8.46668
    endloop
  endfacet
  facet normal 0.595424 -0.539644 0.595193
    outer loop
      vertex 2.72688 -2.23789 8.56127
      vertex 2.4944 -2.4944 8.56127
      vertex 2.544 -2.544 8.46668
    endloop
  endfacet
  facet normal 0.538616 -0.726248 0.42715
    outer loop
      vertex 2.3208 -2.82791 8.36568
      vertex 2.03244 -3.04177 8.36568
      vertex 2.35275 -2.86683 8.25922
    endloop
  endfacet
  facet normal 0.538616 -0.726262 0.427126
    outer loop
      vertex 2.35275 -2.86683 8.25922
      vertex 2.03244 -3.04177 8.36568
      vertex 2.06042 -3.08363 8.25922
    endloop
  endfacet
  facet normal 0.726262 -0.538616 0.427126
    outer loop
      vertex 3.04177 -2.03244 8.36568
      vertex 2.86683 -2.35275 8.25922
      vertex 3.08363 -2.06042 8.25922
    endloop
  endfacet
  facet normal 0.756364 -0.56094 0.33654
    outer loop
      vertex 3.08363 -2.06042 8.25922
      vertex 2.86683 -2.35275 8.25922
      vertex 3.11662 -2.08246 8.14834
    endloop
  endfacet
  facet normal -0.733317 0.108786 0.671127
    outer loop
      vertex -3.45983 0.688203 8.56127
      vertex -3.51063 0.345766 8.56127
      vertex -3.43192 0.338015 8.64853
    endloop
  endfacet
  facet normal -0.740448 0.0363855 0.671128
    outer loop
      vertex -3.43192 0.338015 8.64853
      vertex -3.51063 0.345766 8.56127
      vertex -3.44853 0 8.64853
    endloop
  endfacet
  facet normal -0.802594 -0.0394141 0.595222
    outer loop
      vertex -3.52761 0 8.56127
      vertex -3.59776 0 8.46668
      vertex -3.51063 -0.345766 8.56127
    endloop
  endfacet
  facet normal -0.740494 -0.0363645 0.671078
    outer loop
      vertex -3.44853 0 8.64853
      vertex -3.52761 0 8.56127
      vertex -3.51063 -0.345766 8.56127
    endloop
  endfacet
  facet normal -0.499119 0.125033 0.857465
    outer loop
      vertex -3.12602 0.948268 8.79776
      vertex -3.20392 0.637298 8.79776
      vertex -3.02936 0.918947 8.8583
    endloop
  endfacet
  facet normal -0.484465 0.173343 0.857465
    outer loop
      vertex -3.01802 1.25011 8.79776
      vertex -3.12602 0.948268 8.79776
      vertex -3.02936 0.918947 8.8583
    endloop
  endfacet
  facet normal -0.651842 0.163279 0.740568
    outer loop
      vertex -3.21654 0.975725 8.72761
      vertex -3.38227 0.672774 8.64853
      vertex -3.29669 0.655751 8.72761
    endloop
  endfacet
  facet normal -0.664708 0.0985993 0.740568
    outer loop
      vertex -3.29669 0.655751 8.72761
      vertex -3.38227 0.672774 8.64853
      vertex -3.34509 0.329462 8.72761
    endloop
  endfacet
  facet normal -0.508968 -0.0754918 0.857468
    outer loop
      vertex -3.15043 -0.31029 8.8583
      vertex -3.20392 -0.637298 8.79776
      vertex -3.10485 -0.617592 8.8583
    endloop
  endfacet
  facet normal -0.499115 -0.125029 0.857468
    outer loop
      vertex -3.10485 -0.617592 8.8583
      vertex -3.20392 -0.637298 8.79776
      vertex -3.02936 -0.918947 8.8583
    endloop
  endfacet
  facet normal -0.508968 0.0754918 0.857468
    outer loop
      vertex -3.10485 0.617592 8.8583
      vertex -3.20392 0.637298 8.79776
      vertex -3.15043 0.31029 8.8583
    endloop
  endfacet
  facet normal -0.423424 0.0628036 0.903752
    outer loop
      vertex -3.10485 0.617592 8.8583
      vertex -3.15043 0.31029 8.8583
      vertex -3.04449 0.299855 8.90866
    endloop
  endfacet
  facet normal -0.538914 -0.254886 0.802873
    outer loop
      vertex -2.88096 -1.5399 8.79776
      vertex -3.01802 -1.25011 8.79776
      vertex -2.96438 -1.58449 8.72761
    endloop
  endfacet
  facet normal -0.511336 -0.30648 0.802873
    outer loop
      vertex -2.88096 -1.5399 8.79776
      vertex -2.96438 -1.58449 8.72761
      vertex -2.7948 -1.86742 8.72761
    endloop
  endfacet
  facet normal -0.386958 -0.183007 0.903754
    outer loop
      vertex -2.82635 -1.17071 8.90866
      vertex -2.9247 -1.21145 8.8583
      vertex -2.79188 -1.49229 8.8583
    endloop
  endfacet
  facet normal -0.40303 -0.144208 0.903754
    outer loop
      vertex -2.82635 -1.17071 8.90866
      vertex -3.02936 -0.918947 8.8583
      vertex -2.9247 -1.21145 8.8583
    endloop
  endfacet
  facet normal -0.289243 -0.173357 0.941428
    outer loop
      vertex -2.6002 -1.38984 8.94833
      vertex -2.69799 -1.44211 8.90866
      vertex -2.45146 -1.63801 8.94833
    endloop
  endfacet
  facet normal -0.304839 -0.144179 0.941427
    outer loop
      vertex -2.6002 -1.38984 8.94833
      vertex -2.72391 -1.12828 8.94833
      vertex -2.69799 -1.44211 8.90866
    endloop
  endfacet
  facet normal -0.0486107 0.00721097 0.998792
    outer loop
      vertex -2.55004 0.507235 9
      vertex -2.70453 0.266373 8.99422
      vertex -2.58748 0.254844 9
    endloop
  endfacet
  facet normal -0.0486093 0.00721011 0.998792
    outer loop
      vertex -2.6654 0.530181 8.99422
      vertex -2.70453 0.266373 8.99422
      vertex -2.55004 0.507235 9
    endloop
  endfacet
  facet normal 0.0476683 -0.0119409 0.998792
    outer loop
      vertex 2.55004 -0.507235 9
      vertex 2.48804 -0.75474 9
      vertex 2.6654 -0.530181 8.99422
    endloop
  endfacet
  facet normal 0.0330005 -0.0364113 0.998792
    outer loop
      vertex 1.83848 -1.83848 9
      vertex 1.64942 -2.00983 9
      vertex 1.72404 -2.10075 8.99422
    endloop
  endfacet
  facet normal -0.336807 -0.0165497 0.941428
    outer loop
      vertex -2.94834 0 8.94833
      vertex -3.04449 -0.299855 8.90866
      vertex -2.93414 -0.288987 8.94833
    endloop
  endfacet
  facet normal -0.242938 -0.0119373 0.969968
    outer loop
      vertex -2.82046 -0.277791 8.97694
      vertex -2.94834 0 8.94833
      vertex -2.93414 -0.288987 8.94833
    endloop
  endfacet
  facet normal -0.327117 -0.0819347 0.941425
    outer loop
      vertex -2.89169 -0.575192 8.94833
      vertex -3.00044 -0.596824 8.90866
      vertex -2.82139 -0.855858 8.94833
    endloop
  endfacet
  facet normal -0.235933 -0.0590954 0.969971
    outer loop
      vertex -2.77965 -0.552907 8.97694
      vertex -2.89169 -0.575192 8.94833
      vertex -2.82139 -0.855858 8.94833
    endloop
  endfacet
  facet normal -0.0755298 -0.126011 0.989149
    outer loop
      vertex -1.50983 -2.25962 8.99422
      vertex -1.57455 -2.35647 8.97694
      vertex -1.33599 -2.49946 8.97694
    endloop
  endfacet
  facet normal -0.0755298 -0.126011 0.989149
    outer loop
      vertex -1.28108 -2.39673 8.99422
      vertex -1.50983 -2.25962 8.99422
      vertex -1.33599 -2.49946 8.97694
    endloop
  endfacet
  facet normal -0.00721097 -0.0486107 0.998792
    outer loop
      vertex -0.254844 -2.58748 9
      vertex -0.507235 -2.55004 9
      vertex -0.266373 -2.70453 8.99422
    endloop
  endfacet
  facet normal 0.0819401 -0.229006 0.96997
    outer loop
      vertex 1.08457 -2.61837 8.97694
      vertex 0.822698 -2.71207 8.97694
      vertex 1.12828 -2.72391 8.94833
    endloop
  endfacet
  facet normal -0.0119396 -0.0476667 0.998792
    outer loop
      vertex -0.75474 -2.48804 9
      vertex -0.788883 -2.6006 8.99422
      vertex -0.530181 -2.6654 8.99422
    endloop
  endfacet
  facet normal 0.0024113 -0.0490819 0.998792
    outer loop
      vertex 0 -2.6 9
      vertex 0 -2.71762 8.99422
      vertex 0.254844 -2.58748 9
    endloop
  endfacet
  facet normal -0.0210102 0.0444188 0.998792
    outer loop
      vertex -0.994976 2.40209 9
      vertex -1.28108 2.39673 8.99422
      vertex -1.22563 2.29299 9
    endloop
  endfacet
  facet normal -0.0986585 -0.108859 0.989149
    outer loop
      vertex -1.72404 -2.10075 8.99422
      vertex -2.00402 -2.00402 8.97694
      vertex -1.79794 -2.19079 8.97694
    endloop
  endfacet
  facet normal -0.108853 -0.0986564 0.98915
    outer loop
      vertex -1.92165 -1.92165 8.99422
      vertex -2.10075 -1.72404 8.99422
      vertex -2.00402 -2.00402 8.97694
    endloop
  endfacet
  facet normal -0.317148 -0.287444 0.903766
    outer loop
      vertex -2.16319 -2.16319 8.90866
      vertex -2.4471 -2.00828 8.8583
      vertex -2.23847 -2.23847 8.8583
    endloop
  endfacet
  facet normal -0.381269 -0.345559 0.857451
    outer loop
      vertex -2.23847 -2.23847 8.8583
      vertex -2.4471 -2.00828 8.8583
      vertex -2.30989 -2.30989 8.79776
    endloop
  endfacet
  facet normal -0.0210103 0.0444253 0.998792
    outer loop
      vertex -1.03999 2.51075 8.99422
      vertex -1.28108 2.39673 8.99422
      vertex -0.994976 2.40209 9
    endloop
  endfacet
  facet normal 0.0210102 -0.0444188 0.998792
    outer loop
      vertex 1.22563 -2.29299 9
      vertex 0.994976 -2.40209 9
      vertex 1.28108 -2.39673 8.99422
    endloop
  endfacet
  facet normal -0.138321 -0.0494925 0.98915
    outer loop
      vertex -2.51075 -1.03999 8.99422
      vertex -2.71207 -0.822698 8.97694
      vertex -2.61837 -1.08457 8.97694
    endloop
  endfacet
  facet normal -0.229006 -0.0819401 0.96997
    outer loop
      vertex -2.71207 -0.822698 8.97694
      vertex -2.72391 -1.12828 8.94833
      vertex -2.61837 -1.08457 8.97694
    endloop
  endfacet
  facet normal 0.0421462 -0.0252619 0.998792
    outer loop
      vertex 2.29299 -1.22563 9
      vertex 2.25962 -1.50983 8.99422
      vertex 2.39673 -1.28108 8.99422
    endloop
  endfacet
  facet normal 0.0444188 -0.0210102 0.998792
    outer loop
      vertex 2.40209 -0.994976 9
      vertex 2.29299 -1.22563 9
      vertex 2.39673 -1.28108 8.99422
    endloop
  endfacet
  facet normal -0.856951 -0.0421096 0.513675
    outer loop
      vertex -3.58044 -0.352642 8.46668
      vertex -3.65831 0 8.36568
      vertex -3.64069 -0.358576 8.36568
    endloop
  endfacet
  facet normal -0.903097 -0.0443771 0.427139
    outer loop
      vertex -3.65831 0 8.36568
      vertex -3.6908 -0.363511 8.25922
      vertex -3.64069 -0.358576 8.36568
    endloop
  endfacet
  facet normal -0.941033 0.235695 0.242704
    outer loop
      vertex -3.61431 1.09639 8.03411
      vertex -3.6763 0.731262 8.14834
      vertex -3.58693 1.08808 8.14834
    endloop
  endfacet
  facet normal -0.941016 0.235708 0.242756
    outer loop
      vertex -3.61431 1.09639 8.03411
      vertex -3.70437 0.736844 8.03411
      vertex -3.6763 0.731262 8.14834
    endloop
  endfacet
  facet normal -0.719169 -0.180145 0.671077
    outer loop
      vertex -3.38227 -0.672774 8.64853
      vertex -3.45983 -0.688203 8.56127
      vertex -3.30004 -1.00105 8.64853
    endloop
  endfacet
  facet normal -0.651844 -0.163281 0.740567
    outer loop
      vertex -3.21654 -0.975725 8.72761
      vertex -3.38227 -0.672774 8.64853
      vertex -3.30004 -1.00105 8.64853
    endloop
  endfacet
  facet normal 0.0874738 -0.589706 0.802867
    outer loop
      vertex 0.637298 -3.20392 8.79776
      vertex 0.329462 -3.34509 8.72761
      vertex 0.655751 -3.29669 8.72761
    endloop
  endfacet
  facet normal 0.0874541 -0.589675 0.802892
    outer loop
      vertex 0.637298 -3.20392 8.79776
      vertex 0.32019 -3.25095 8.79776
      vertex 0.329462 -3.34509 8.72761
    endloop
  endfacet
  facet normal -0.0874738 -0.589706 0.802867
    outer loop
      vertex -0.637298 -3.20392 8.79776
      vertex -0.655751 -3.29669 8.72761
      vertex -0.329462 -3.34509 8.72761
    endloop
  endfacet
  facet normal -0.144856 -0.578292 0.802867
    outer loop
      vertex -0.637298 -3.20392 8.79776
      vertex -0.975725 -3.21654 8.72761
      vertex -0.655751 -3.29669 8.72761
    endloop
  endfacet
  facet normal -0.0874541 -0.589675 0.802892
    outer loop
      vertex -0.32019 -3.25095 8.79776
      vertex -0.637298 -3.20392 8.79776
      vertex -0.329462 -3.34509 8.72761
    endloop
  endfacet
  facet normal -0.0292407 -0.595408 0.802891
    outer loop
      vertex -0.32019 -3.25095 8.79776
      vertex -0.329462 -3.34509 8.72761
      vertex 0 -3.36127 8.72761
    endloop
  endfacet
  facet normal -0.366813 -0.775592 0.513717
    outer loop
      vertex -1.69597 -3.17294 8.46668
      vertex -1.72451 -3.22634 8.36568
      vertex -1.39997 -3.37983 8.36568
    endloop
  endfacet
  facet normal -0.464856 -0.77555 0.42712
    outer loop
      vertex -2.03244 -3.04177 8.36568
      vertex -2.06042 -3.08363 8.25922
      vertex -1.72451 -3.22634 8.36568
    endloop
  endfacet
  facet normal -0.478674 -0.645432 0.595221
    outer loop
      vertex -1.95984 -2.9331 8.56127
      vertex -2.2824 -2.78111 8.46668
      vertex -1.99881 -2.99143 8.46668
    endloop
  endfacet
  facet normal -0.47867 -0.645399 0.59526
    outer loop
      vertex -2.23789 -2.72688 8.56127
      vertex -2.2824 -2.78111 8.46668
      vertex -1.95984 -2.9331 8.56127
    endloop
  endfacet
  facet normal -0.441704 -0.400347 0.802882
    outer loop
      vertex -2.52518 -2.07236 8.79776
      vertex -2.5983 -2.13237 8.72761
      vertex -2.30989 -2.30989 8.79776
    endloop
  endfacet
  facet normal -0.441315 -0.264531 0.857475
    outer loop
      vertex -2.63216 -1.75875 8.8583
      vertex -2.79188 -1.49229 8.8583
      vertex -2.71615 -1.81487 8.79776
    endloop
  endfacet
  facet normal -0.254997 -0.343827 0.903747
    outer loop
      vertex -1.69961 -2.54365 8.90866
      vertex -1.94075 -2.36481 8.90866
      vertex -1.75875 -2.63216 8.8583
    endloop
  endfacet
  facet normal -0.306498 -0.413274 0.857475
    outer loop
      vertex -1.75875 -2.63216 8.8583
      vertex -2.00828 -2.4471 8.8583
      vertex -1.81487 -2.71615 8.79776
    endloop
  endfacet
  facet normal -0.125033 -0.208615 0.969972
    outer loop
      vertex -1.57455 -2.35647 8.97694
      vertex -1.63801 -2.45146 8.94833
      vertex -1.38984 -2.6002 8.94833
    endloop
  endfacet
  facet normal -0.144884 -0.195353 0.969972
    outer loop
      vertex -1.57455 -2.35647 8.97694
      vertex -1.87041 -2.2791 8.94833
      vertex -1.63801 -2.45146 8.94833
    endloop
  endfacet
  facet normal -0.144207 -0.40303 0.903754
    outer loop
      vertex -0.888044 -2.92749 8.90866
      vertex -1.17071 -2.82635 8.90866
      vertex -0.918947 -3.02936 8.8583
    endloop
  endfacet
  facet normal -0.113608 -0.317512 0.941424
    outer loop
      vertex -1.12828 -2.72391 8.94833
      vertex -1.17071 -2.82635 8.90866
      vertex -0.888044 -2.92749 8.90866
    endloop
  endfacet
  facet normal 0.0462082 -0.940548 0.336504
    outer loop
      vertex 0 -3.70866 8.25922
      vertex 0 -3.74833 8.14834
      vertex 0.3674 -3.73028 8.14834
    endloop
  endfacet
  facet normal 0.0443713 -0.903105 0.427121
    outer loop
      vertex 0 -3.65831 8.36568
      vertex 0 -3.70866 8.25922
      vertex 0.363511 -3.6908 8.25922
    endloop
  endfacet
  facet normal -0.0462108 -0.940545 0.336512
    outer loop
      vertex -0.363511 -3.6908 8.25922
      vertex -0.3674 -3.73028 8.14834
      vertex 0 -3.70866 8.25922
    endloop
  endfacet
  facet normal -0.0443713 -0.903105 0.427121
    outer loop
      vertex 0 -3.65831 8.36568
      vertex -0.363511 -3.6908 8.25922
      vertex 0 -3.70866 8.25922
    endloop
  endfacet
  facet normal 0.0363645 -0.740494 0.671078
    outer loop
      vertex 0 -3.44853 8.64853
      vertex 0 -3.52761 8.56127
      vertex 0.345766 -3.51063 8.56127
    endloop
  endfacet
  facet normal -0.0363645 -0.740494 0.671078
    outer loop
      vertex 0 -3.44853 8.64853
      vertex -0.345766 -3.51063 8.56127
      vertex 0 -3.52761 8.56127
    endloop
  endfacet
  facet normal -0.195252 -0.779489 0.595209
    outer loop
      vertex -0.688203 -3.45983 8.56127
      vertex -1.04438 -3.44284 8.46668
      vertex -0.701888 -3.52863 8.46668
    endloop
  endfacet
  facet normal -0.117918 -0.794872 0.59521
    outer loop
      vertex -0.688203 -3.45983 8.56127
      vertex -0.701888 -3.52863 8.46668
      vertex -0.345766 -3.51063 8.56127
    endloop
  endfacet
  facet normal 0.326834 -0.913385 0.242708
    outer loop
      vertex 1.43442 -3.463 8.14834
      vertex 1.08808 -3.58693 8.14834
      vertex 1.09639 -3.61431 8.03411
    endloop
  endfacet
  facet normal 0.402611 -0.851277 0.336498
    outer loop
      vertex 1.76695 -3.30573 8.14834
      vertex 1.41924 -3.42635 8.25922
      vertex 1.43442 -3.463 8.14834
    endloop
  endfacet
  facet normal 0.31724 -0.88662 0.336547
    outer loop
      vertex 1.41924 -3.42635 8.25922
      vertex 1.07657 -3.54896 8.25922
      vertex 1.08808 -3.58693 8.14834
    endloop
  endfacet
  facet normal 0.219693 -0.877102 0.427115
    outer loop
      vertex 1.06195 -3.50078 8.36568
      vertex 0.723522 -3.63739 8.25922
      vertex 1.07657 -3.54896 8.25922
    endloop
  endfacet
  facet normal 0.42293 -0.894247 0.146468
    outer loop
      vertex 1.78044 -3.33097 8.03411
      vertex 1.44537 -3.48944 8.03411
      vertex 1.78858 -3.3462 7.91762
    endloop
  endfacet
  facet normal 0.414753 -0.876956 0.242751
    outer loop
      vertex 1.76695 -3.30573 8.14834
      vertex 1.44537 -3.48944 8.03411
      vertex 1.78044 -3.33097 8.03411
    endloop
  endfacet
  facet normal 0.366847 -0.775613 0.513662
    outer loop
      vertex 1.69597 -3.17294 8.46668
      vertex 1.3768 -3.3239 8.46668
      vertex 1.39997 -3.37983 8.36568
    endloop
  endfacet
  facet normal 0.316963 -0.67016 0.671133
    outer loop
      vertex 1.6629 -3.11108 8.56127
      vertex 1.31969 -3.18602 8.64853
      vertex 1.34996 -3.25909 8.56127
    endloop
  endfacet
  facet normal 0.249757 -0.698065 0.671064
    outer loop
      vertex 1.34996 -3.25909 8.56127
      vertex 1.00105 -3.30004 8.64853
      vertex 1.02401 -3.37571 8.56127
    endloop
  endfacet
  facet normal 0.249766 -0.697996 0.671132
    outer loop
      vertex 1.31969 -3.18602 8.64853
      vertex 1.00105 -3.30004 8.64853
      vertex 1.34996 -3.25909 8.56127
    endloop
  endfacet
  facet normal 0.142361 -0.959608 0.242663
    outer loop
      vertex 0.731262 -3.6763 8.14834
      vertex 0.3674 -3.73028 8.14834
      vertex 0.370205 -3.75875 8.03411
    endloop
  endfacet
  facet normal 0.142327 -0.95959 0.242757
    outer loop
      vertex 0.731262 -3.6763 8.14834
      vertex 0.370205 -3.75875 8.03411
      vertex 0.736844 -3.70437 8.03411
    endloop
  endfacet
  facet normal 0.0420876 -0.85692 0.513728
    outer loop
      vertex 0 -3.59776 8.46668
      vertex 0 -3.65831 8.36568
      vertex 0.352642 -3.58044 8.46668
    endloop
  endfacet
  facet normal 0.0421096 -0.856951 0.513675
    outer loop
      vertex 0.352642 -3.58044 8.46668
      vertex 0 -3.65831 8.36568
      vertex 0.358576 -3.64069 8.36568
    endloop
  endfacet
  facet normal 0.208467 -0.832267 0.513685
    outer loop
      vertex 1.06195 -3.50078 8.36568
      vertex 0.701888 -3.52863 8.46668
      vertex 0.713699 -3.58801 8.36568
    endloop
  endfacet
  facet normal 0.132692 -0.894413 0.427105
    outer loop
      vertex 0.713699 -3.58801 8.36568
      vertex 0.363511 -3.6908 8.25922
      vertex 0.723522 -3.63739 8.25922
    endloop
  endfacet
  facet normal -0.146559 -0.987987 0.049003
    outer loop
      vertex -0.371899 -3.77595 7.91762
      vertex -0.741343 -3.72698 7.8
      vertex -0.372464 -3.7817 7.8
    endloop
  endfacet
  facet normal -0.240378 -0.95956 0.1465
    outer loop
      vertex -1.09639 -3.61431 8.03411
      vertex -1.1014 -3.63084 7.91762
      vertex -0.740215 -3.72132 7.91762
    endloop
  endfacet
  facet normal -0.422949 -0.894224 0.146551
    outer loop
      vertex -1.44537 -3.48944 8.03411
      vertex -1.78858 -3.3462 7.91762
      vertex -1.45199 -3.5054 7.91762
    endloop
  endfacet
  facet normal -0.427052 -0.902898 0.049016
    outer loop
      vertex -1.45199 -3.5054 7.91762
      vertex -1.78858 -3.3462 7.91762
      vertex -1.4542 -3.51074 7.8
    endloop
  endfacet
  facet normal -0.414753 -0.876956 0.242751
    outer loop
      vertex -1.76695 -3.30573 8.14834
      vertex -1.78044 -3.33097 8.03411
      vertex -1.44537 -3.48944 8.03411
    endloop
  endfacet
  facet normal -0.498737 -0.832066 0.24275
    outer loop
      vertex -1.76695 -3.30573 8.14834
      vertex -2.09836 -3.14041 8.03411
      vertex -1.78044 -3.33097 8.03411
    endloop
  endfacet
  facet normal -0.20847 -0.832257 0.513701
    outer loop
      vertex -1.04438 -3.44284 8.46668
      vertex -1.06195 -3.50078 8.36568
      vertex -0.701888 -3.52863 8.46668
    endloop
  endfacet
  facet normal -0.208467 -0.832267 0.513685
    outer loop
      vertex -0.701888 -3.52863 8.46668
      vertex -1.06195 -3.50078 8.36568
      vertex -0.713699 -3.58801 8.36568
    endloop
  endfacet
  facet normal -0.326834 -0.913385 0.242708
    outer loop
      vertex -1.08808 -3.58693 8.14834
      vertex -1.43442 -3.463 8.14834
      vertex -1.09639 -3.61431 8.03411
    endloop
  endfacet
  facet normal -0.317261 -0.886631 0.336499
    outer loop
      vertex -1.41924 -3.42635 8.25922
      vertex -1.43442 -3.463 8.14834
      vertex -1.08808 -3.58693 8.14834
    endloop
  endfacet
  facet normal -0.756601 0.270701 0.59521
    outer loop
      vertex -3.3239 1.3768 8.46668
      vertex -3.37571 1.02401 8.56127
      vertex -3.25909 1.34996 8.56127
    endloop
  endfacet
  facet normal -0.719169 0.180145 0.671077
    outer loop
      vertex -3.30004 1.00105 8.64853
      vertex -3.45983 0.688203 8.56127
      vertex -3.38227 0.672774 8.64853
    endloop
  endfacet
  facet normal -0.726431 0.343577 0.595191
    outer loop
      vertex -3.17294 1.69597 8.46668
      vertex -3.25909 1.34996 8.56127
      vertex -3.11108 1.6629 8.56127
    endloop
  endfacet
  facet normal -0.726417 0.343578 0.595208
    outer loop
      vertex -3.17294 1.69597 8.46668
      vertex -3.3239 1.3768 8.46668
      vertex -3.25909 1.34996 8.56127
    endloop
  endfacet
  facet normal -0.756579 0.270704 0.595237
    outer loop
      vertex -3.3239 1.3768 8.46668
      vertex -3.44284 1.04438 8.46668
      vertex -3.37571 1.02401 8.56127
    endloop
  endfacet
  facet normal -0.807819 0.289038 0.513697
    outer loop
      vertex -3.3239 1.3768 8.46668
      vertex -3.50078 1.06195 8.36568
      vertex -3.44284 1.04438 8.46668
    endloop
  endfacet
  facet normal -0.886631 0.317261 0.336499
    outer loop
      vertex -3.463 1.43442 8.14834
      vertex -3.58693 1.08808 8.14834
      vertex -3.42635 1.41924 8.25922
    endloop
  endfacet
  facet normal -0.851277 0.402611 0.336498
    outer loop
      vertex -3.30573 1.76695 8.14834
      vertex -3.463 1.43442 8.14834
      vertex -3.42635 1.41924 8.25922
    endloop
  endfacet
  facet normal -0.85134 0.304616 0.427118
    outer loop
      vertex -3.42635 1.41924 8.25922
      vertex -3.54896 1.07657 8.25922
      vertex -3.50078 1.06195 8.36568
    endloop
  endfacet
  facet normal -0.88662 0.31724 0.336547
    outer loop
      vertex -3.42635 1.41924 8.25922
      vertex -3.58693 1.08808 8.14834
      vertex -3.54896 1.07657 8.25922
    endloop
  endfacet
  facet normal -0.794872 0.117918 0.595209
    outer loop
      vertex -3.52863 0.701888 8.46668
      vertex -3.58044 0.352642 8.46668
      vertex -3.51063 0.345766 8.56127
    endloop
  endfacet
  facet normal -0.877106 0.219698 0.427105
    outer loop
      vertex -3.50078 1.06195 8.36568
      vertex -3.63739 0.723522 8.25922
      vertex -3.58801 0.713699 8.36568
    endloop
  endfacet
  facet normal 0.0364113 -0.0330005 0.998792
    outer loop
      vertex 2.00983 -1.64942 9
      vertex 1.83848 -1.83848 9
      vertex 2.10075 -1.72404 8.99422
    endloop
  endfacet
  facet normal 0.113618 -0.317523 0.941419
    outer loop
      vertex 1.12828 -2.72391 8.94833
      vertex 0.855858 -2.82139 8.94833
      vertex 0.888044 -2.92749 8.90866
    endloop
  endfacet
  facet normal 0.113608 -0.317512 0.941424
    outer loop
      vertex 1.12828 -2.72391 8.94833
      vertex 0.888044 -2.92749 8.90866
      vertex 1.17071 -2.82635 8.90866
    endloop
  endfacet
  facet normal 0.180233 -0.163345 0.969966
    outer loop
      vertex 2.19079 -1.79794 8.97694
      vertex 2.00402 -2.00402 8.97694
      vertex 2.08479 -2.08479 8.94833
    endloop
  endfacet
  facet normal 0.413274 -0.306498 0.857475
    outer loop
      vertex 2.63216 -1.75875 8.8583
      vertex 2.4471 -2.00828 8.8583
      vertex 2.71615 -1.81487 8.79776
    endloop
  endfacet
  facet normal 0.229006 -0.0819401 0.96997
    outer loop
      vertex 2.71207 -0.822698 8.97694
      vertex 2.61837 -1.08457 8.97694
      vertex 2.72391 -1.12828 8.94833
    endloop
  endfacet
  facet normal 0.138321 -0.0494925 0.98915
    outer loop
      vertex 2.71207 -0.822698 8.97694
      vertex 2.51075 -1.03999 8.99422
      vertex 2.61837 -1.08457 8.97694
    endloop
  endfacet
  facet normal 0.511332 -0.306479 0.802876
    outer loop
      vertex 2.88096 -1.5399 8.79776
      vertex 2.71615 -1.81487 8.79776
      vertex 2.7948 -1.86742 8.72761
    endloop
  endfacet
  facet normal 0.386943 -0.183007 0.903761
    outer loop
      vertex 2.82635 -1.17071 8.90866
      vertex 2.69799 -1.44211 8.90866
      vertex 2.79188 -1.49229 8.8583
    endloop
  endfacet
  facet normal 0.735893 -0.441087 0.513716
    outer loop
      vertex 3.17294 -1.69597 8.46668
      vertex 3.04177 -2.03244 8.36568
      vertex 3.22634 -1.72451 8.36568
    endloop
  endfacet
  facet normal 0.775592 -0.366813 0.513717
    outer loop
      vertex 3.37983 -1.39997 8.36568
      vertex 3.17294 -1.69597 8.46668
      vertex 3.22634 -1.72451 8.36568
    endloop
  endfacet
  facet normal 0.651842 -0.163279 0.740568
    outer loop
      vertex 3.29669 -0.655751 8.72761
      vertex 3.21654 -0.975725 8.72761
      vertex 3.38227 -0.672774 8.64853
    endloop
  endfacet
  facet normal 0.651844 -0.163281 0.740567
    outer loop
      vertex 3.38227 -0.672774 8.64853
      vertex 3.21654 -0.975725 8.72761
      vertex 3.30004 -1.00105 8.64853
    endloop
  endfacet
  facet normal 0.508986 -0.0754872 0.857459
    outer loop
      vertex 3.25095 -0.32019 8.79776
      vertex 3.15043 -0.31029 8.8583
      vertex 3.20392 -0.637298 8.79776
    endloop
  endfacet
  facet normal 0.423424 -0.0628036 0.903752
    outer loop
      vertex 3.15043 -0.31029 8.8583
      vertex 3.04449 -0.299855 8.90866
      vertex 3.10485 -0.617592 8.8583
    endloop
  endfacet
  facet normal 0.499119 0.125033 0.857465
    outer loop
      vertex 3.12602 0.948268 8.79776
      vertex 3.02936 0.918947 8.8583
      vertex 3.20392 0.637298 8.79776
    endloop
  endfacet
  facet normal 0.145318 0.0215562 0.98915
    outer loop
      vertex 2.77965 0.552907 8.97694
      vertex 2.6654 0.530181 8.99422
      vertex 2.82046 0.277791 8.97694
    endloop
  endfacet
  facet normal 0.142508 -0.035697 0.98915
    outer loop
      vertex 2.77965 -0.552907 8.97694
      vertex 2.6006 -0.788883 8.99422
      vertex 2.71207 -0.822698 8.97694
    endloop
  endfacet
  facet normal 0.228995 -0.0819407 0.969973
    outer loop
      vertex 2.82139 -0.855858 8.94833
      vertex 2.71207 -0.822698 8.97694
      vertex 2.72391 -1.12828 8.94833
    endloop
  endfacet
  facet normal 0.270865 -0.200887 0.941423
    outer loop
      vertex 2.45146 -1.63801 8.94833
      vertex 2.2791 -1.87041 8.94833
      vertex 2.36481 -1.94075 8.90866
    endloop
  endfacet
  facet normal 0.465156 -0.220002 0.857455
    outer loop
      vertex 3.01802 -1.25011 8.79776
      vertex 2.79188 -1.49229 8.8583
      vertex 2.88096 -1.5399 8.79776
    endloop
  endfacet
  facet normal 0.220067 -0.367136 0.90376
    outer loop
      vertex 1.75875 -2.63216 8.8583
      vertex 1.44211 -2.69799 8.90866
      vertex 1.49229 -2.79188 8.8583
    endloop
  endfacet
  facet normal 0.219982 -0.465138 0.85747
    outer loop
      vertex 1.49229 -2.79188 8.8583
      vertex 1.21145 -2.9247 8.8583
      vertex 1.25011 -3.01802 8.79776
    endloop
  endfacet
  facet normal 0.14486 -0.578268 0.802883
    outer loop
      vertex 0.948268 -3.12602 8.79776
      vertex 0.637298 -3.20392 8.79776
      vertex 0.975725 -3.21654 8.72761
    endloop
  endfacet
  facet normal 0.200831 -0.56129 0.802882
    outer loop
      vertex 1.25011 -3.01802 8.79776
      vertex 0.948268 -3.12602 8.79776
      vertex 0.975725 -3.21654 8.72761
    endloop
  endfacet
  facet normal 0.367165 -0.220071 0.903747
    outer loop
      vertex 2.69799 -1.44211 8.90866
      vertex 2.54365 -1.69961 8.90866
      vertex 2.63216 -1.75875 8.8583
    endloop
  endfacet
  facet normal 0.343824 -0.254992 0.90375
    outer loop
      vertex 2.63216 -1.75875 8.8583
      vertex 2.36481 -1.94075 8.90866
      vertex 2.4471 -2.00828 8.8583
    endloop
  endfacet
  facet normal 0.0755298 -0.126011 0.989149
    outer loop
      vertex 1.50983 -2.25962 8.99422
      vertex 1.28108 -2.39673 8.99422
      vertex 1.33599 -2.49946 8.97694
    endloop
  endfacet
  facet normal 0.173373 -0.289255 0.941421
    outer loop
      vertex 1.63801 -2.45146 8.94833
      vertex 1.44211 -2.69799 8.90866
      vertex 1.69961 -2.54365 8.90866
    endloop
  endfacet
  facet normal -0.0394708 0.0292728 0.998792
    outer loop
      vertex -2.10075 1.72404 8.99422
      vertex -2.16182 1.44448 9
      vertex -2.00983 1.64942 9
    endloop
  endfacet
  facet normal 0.0165546 -0.0462712 0.998792
    outer loop
      vertex 0.994976 -2.40209 9
      vertex 0.75474 -2.48804 9
      vertex 1.03999 -2.51075 8.99422
    endloop
  endfacet
  facet normal 0.016555 -0.0462667 0.998792
    outer loop
      vertex 1.03999 -2.51075 8.99422
      vertex 0.75474 -2.48804 9
      vertex 0.788883 -2.6006 8.99422
    endloop
  endfacet
  facet normal -0.0364113 0.0330005 0.998792
    outer loop
      vertex -1.83848 1.83848 9
      vertex -2.10075 1.72404 8.99422
      vertex -2.00983 1.64942 9
    endloop
  endfacet
  facet normal 0.345559 -0.381269 0.857451
    outer loop
      vertex 2.23847 -2.23847 8.8583
      vertex 2.00828 -2.4471 8.8583
      vertex 2.30989 -2.30989 8.79776
    endloop
  endfacet
  facet normal 0.287444 -0.317148 0.903766
    outer loop
      vertex 2.16319 -2.16319 8.90866
      vertex 2.00828 -2.4471 8.8583
      vertex 2.23847 -2.23847 8.8583
    endloop
  endfacet
  facet normal 0.607482 -0.287311 0.740552
    outer loop
      vertex 3.10541 -1.2863 8.72761
      vertex 2.96438 -1.58449 8.72761
      vertex 3.04133 -1.62562 8.64853
    endloop
  endfacet
  facet normal 0.441353 -0.264536 0.857454
    outer loop
      vertex 2.79188 -1.49229 8.8583
      vertex 2.71615 -1.81487 8.79776
      vertex 2.88096 -1.5399 8.79776
    endloop
  endfacet
  facet normal 0.539644 -0.595424 0.595193
    outer loop
      vertex 2.4944 -2.4944 8.56127
      vertex 2.23789 -2.72688 8.56127
      vertex 2.544 -2.544 8.46668
    endloop
  endfacet
  facet normal 0.549332 -0.497873 0.671086
    outer loop
      vertex 2.66575 -2.18772 8.64853
      vertex 2.43848 -2.43848 8.64853
      vertex 2.72688 -2.23789 8.56127
    endloop
  endfacet
  facet normal 0.913449 -0.228786 0.336553
    outer loop
      vertex 3.6763 -0.731262 8.14834
      vertex 3.54896 -1.07657 8.25922
      vertex 3.58693 -1.08808 8.14834
    endloop
  endfacet
  facet normal 0.941033 -0.235695 0.242704
    outer loop
      vertex 3.6763 -0.731262 8.14834
      vertex 3.58693 -1.08808 8.14834
      vertex 3.61431 -1.09639 8.03411
    endloop
  endfacet
  facet normal -0.220002 0.465156 0.857455
    outer loop
      vertex -1.25011 3.01802 8.79776
      vertex -1.5399 2.88096 8.79776
      vertex -1.49229 2.79188 8.8583
    endloop
  endfacet
  facet normal -0.173343 0.484459 0.857468
    outer loop
      vertex -0.918947 3.02936 8.8583
      vertex -1.25011 3.01802 8.79776
      vertex -1.21145 2.9247 8.8583
    endloop
  endfacet
  facet normal 0.00720994 0.146729 0.98915
    outer loop
      vertex 0 2.83411 8.97694
      vertex 0 2.71762 8.99422
      vertex 0.277791 2.82046 8.97694
    endloop
  endfacet
  facet normal 0.00241204 0.0490834 0.998792
    outer loop
      vertex 0.266373 2.70453 8.99422
      vertex 0 2.71762 8.99422
      vertex 0.254844 2.58748 9
    endloop
  endfacet
  facet normal -0.0165457 0.336817 0.941425
    outer loop
      vertex 0 3.05922 8.90866
      vertex -0.299855 3.04449 8.90866
      vertex 0 2.94834 8.94833
    endloop
  endfacet
  facet normal 0.0165457 0.336817 0.941425
    outer loop
      vertex 0 3.05922 8.90866
      vertex 0 2.94834 8.94833
      vertex 0.299855 3.04449 8.90866
    endloop
  endfacet
  facet normal -0.0165497 0.336807 0.941428
    outer loop
      vertex 0 2.94834 8.94833
      vertex -0.299855 3.04449 8.90866
      vertex -0.288987 2.93414 8.94833
    endloop
  endfacet
  facet normal -0.0494781 0.333564 0.941428
    outer loop
      vertex -0.299855 3.04449 8.90866
      vertex -0.596824 3.00044 8.90866
      vertex -0.288987 2.93414 8.94833
    endloop
  endfacet
  facet normal -0.0119374 0.242938 0.969968
    outer loop
      vertex 0 2.94834 8.94833
      vertex -0.277791 2.82046 8.97694
      vertex 0 2.83411 8.97694
    endloop
  endfacet
  facet normal -0.00721046 0.146728 0.989151
    outer loop
      vertex 0 2.71762 8.99422
      vertex -0.277791 2.82046 8.97694
      vertex -0.266373 2.70453 8.99422
    endloop
  endfacet
  facet normal 0.0462667 -0.016555 0.998792
    outer loop
      vertex 2.6006 -0.788883 8.99422
      vertex 2.48804 -0.75474 9
      vertex 2.51075 -1.03999 8.99422
    endloop
  endfacet
  facet normal 0.0421486 0.0252622 0.998792
    outer loop
      vertex 2.25962 1.50983 8.99422
      vertex 2.16182 1.44448 9
      vertex 2.29299 1.22563 9
    endloop
  endfacet
  facet normal -0.0494941 0.138323 0.98915
    outer loop
      vertex -0.822698 2.71207 8.97694
      vertex -1.03999 2.51075 8.99422
      vertex -0.788883 2.6006 8.99422
    endloop
  endfacet
  facet normal 0.118002 0.0875179 0.989149
    outer loop
      vertex 2.19079 1.79794 8.97694
      vertex 2.10075 1.72404 8.99422
      vertex 2.35647 1.57455 8.97694
    endloop
  endfacet
  facet normal 0.0462712 0.0165546 0.998792
    outer loop
      vertex 2.51075 1.03999 8.99422
      vertex 2.40209 0.994976 9
      vertex 2.48804 0.75474 9
    endloop
  endfacet
  facet normal 0.0210102 0.0444188 0.998792
    outer loop
      vertex 1.28108 2.39673 8.99422
      vertex 0.994976 2.40209 9
      vertex 1.22563 2.29299 9
    endloop
  endfacet
  facet normal -0.142361 0.959608 0.242663
    outer loop
      vertex -0.370205 3.75875 8.03411
      vertex -0.731262 3.6763 8.14834
      vertex -0.3674 3.73028 8.14834
    endloop
  endfacet
  facet normal -0.138188 0.931481 0.336522
    outer loop
      vertex -0.3674 3.73028 8.14834
      vertex -0.731262 3.6763 8.14834
      vertex -0.723522 3.63739 8.25922
    endloop
  endfacet
  facet normal -0.0462108 0.940545 0.336512
    outer loop
      vertex 0 3.70866 8.25922
      vertex -0.3674 3.73028 8.14834
      vertex -0.363511 3.6908 8.25922
    endloop
  endfacet
  facet normal -0.0443713 0.903105 0.427121
    outer loop
      vertex 0 3.70866 8.25922
      vertex -0.363511 3.6908 8.25922
      vertex 0 3.65831 8.36568
    endloop
  endfacet
  facet normal 0.240352 0.959555 0.146576
    outer loop
      vertex 0.740215 3.72132 7.91762
      vertex 0.736844 3.70437 8.03411
      vertex 1.09639 3.61431 8.03411
    endloop
  endfacet
  facet normal 0.145134 0.978494 0.146577
    outer loop
      vertex 0.740215 3.72132 7.91762
      vertex 0.371899 3.77595 7.91762
      vertex 0.736844 3.70437 8.03411
    endloop
  endfacet
  facet normal 0.0329805 0.671157 0.740581
    outer loop
      vertex 0 3.44853 8.64853
      vertex 0 3.36127 8.72761
      vertex 0.338015 3.43192 8.64853
    endloop
  endfacet
  facet normal 0.0329629 0.671199 0.740544
    outer loop
      vertex 0.338015 3.43192 8.64853
      vertex 0 3.36127 8.72761
      vertex 0.329462 3.34509 8.72761
    endloop
  endfacet
  facet normal 0.0394141 0.802594 0.595222
    outer loop
      vertex 0 3.59776 8.46668
      vertex 0 3.52761 8.56127
      vertex 0.345766 3.51063 8.56127
    endloop
  endfacet
  facet normal -0.0394141 0.802594 0.595222
    outer loop
      vertex 0 3.59776 8.46668
      vertex -0.345766 3.51063 8.56127
      vertex 0 3.52761 8.56127
    endloop
  endfacet
  facet normal 0.144856 0.578292 0.802867
    outer loop
      vertex 0.655751 3.29669 8.72761
      vertex 0.637298 3.20392 8.79776
      vertex 0.975725 3.21654 8.72761
    endloop
  endfacet
  facet normal 0.14486 0.578268 0.802883
    outer loop
      vertex 0.975725 3.21654 8.72761
      vertex 0.637298 3.20392 8.79776
      vertex 0.948268 3.12602 8.79776
    endloop
  endfacet
  facet normal 0.226406 0.632713 0.74055
    outer loop
      vertex 1.31969 3.18602 8.64853
      vertex 1.00105 3.30004 8.64853
      vertex 1.2863 3.10541 8.72761
    endloop
  endfacet
  facet normal 0.345552 0.381248 0.857463
    outer loop
      vertex 2.07236 2.52518 8.79776
      vertex 2.00828 2.4471 8.8583
      vertex 2.30989 2.30989 8.79776
    endloop
  endfacet
  facet normal 0.539631 0.595367 0.595261
    outer loop
      vertex 2.2824 2.78111 8.46668
      vertex 2.23789 2.72688 8.56127
      vertex 2.544 2.544 8.46668
    endloop
  endfacet
  facet normal 0.381248 0.345552 0.857463
    outer loop
      vertex 2.52518 2.07236 8.79776
      vertex 2.30989 2.30989 8.79776
      vertex 2.4471 2.00828 8.8583
    endloop
  endfacet
  facet normal 0.595477 0.441646 0.671085
    outer loop
      vertex 2.72688 2.23789 8.56127
      vertex 2.66575 2.18772 8.64853
      vertex 2.86735 1.9159 8.64853
    endloop
  endfacet
  facet normal 0.779183 0.57788 0.242754
    outer loop
      vertex 2.91962 2.39607 8.03411
      vertex 2.8975 2.37791 8.14834
      vertex 3.11662 2.08246 8.14834
    endloop
  endfacet
  facet normal 0.104012 0.415223 0.903754
    outer loop
      vertex 0.918947 3.02936 8.8583
      vertex 0.596824 3.00044 8.90866
      vertex 0.888044 2.92749 8.90866
    endloop
  endfacet
  facet normal 0.0819456 0.327131 0.941419
    outer loop
      vertex 0.888044 2.92749 8.90866
      vertex 0.596824 3.00044 8.90866
      vertex 0.855858 2.82139 8.94833
    endloop
  endfacet
  facet normal 0.173357 0.289243 0.941428
    outer loop
      vertex 1.44211 2.69799 8.90866
      vertex 1.38984 2.6002 8.94833
      vertex 1.63801 2.45146 8.94833
    endloop
  endfacet
  facet normal 0.125033 0.208615 0.969972
    outer loop
      vertex 1.63801 2.45146 8.94833
      vertex 1.38984 2.6002 8.94833
      vertex 1.57455 2.35647 8.97694
    endloop
  endfacet
  facet normal 0.254997 0.343827 0.903747
    outer loop
      vertex 1.75875 2.63216 8.8583
      vertex 1.69961 2.54365 8.90866
      vertex 1.94075 2.36481 8.90866
    endloop
  endfacet
  facet normal 0.173373 0.289255 0.941421
    outer loop
      vertex 1.69961 2.54365 8.90866
      vertex 1.44211 2.69799 8.90866
      vertex 1.63801 2.45146 8.94833
    endloop
  endfacet
  facet normal 0.0754872 0.508986 0.857459
    outer loop
      vertex 0.32019 3.25095 8.79776
      vertex 0.31029 3.15043 8.8583
      vertex 0.637298 3.20392 8.79776
    endloop
  endfacet
  facet normal 0.0874541 0.589675 0.802892
    outer loop
      vertex 0.329462 3.34509 8.72761
      vertex 0.32019 3.25095 8.79776
      vertex 0.637298 3.20392 8.79776
    endloop
  endfacet
  facet normal 0.0210103 0.0444253 0.998792
    outer loop
      vertex 1.03999 2.51075 8.99422
      vertex 0.994976 2.40209 9
      vertex 1.28108 2.39673 8.99422
    endloop
  endfacet
  facet normal 0.163335 0.180206 0.969973
    outer loop
      vertex 1.87041 2.2791 8.94833
      vertex 1.79794 2.19079 8.97694
      vertex 2.08479 2.08479 8.94833
    endloop
  endfacet
  facet normal 0.0364113 0.0330005 0.998792
    outer loop
      vertex 2.10075 1.72404 8.99422
      vertex 1.83848 1.83848 9
      vertex 2.00983 1.64942 9
    endloop
  endfacet
  facet normal -0.126011 0.0755298 0.989149
    outer loop
      vertex -2.25962 1.50983 8.99422
      vertex -2.49946 1.33599 8.97694
      vertex -2.39673 1.28108 8.99422
    endloop
  endfacet
  facet normal -0.13281 0.0628106 0.989149
    outer loop
      vertex -2.49946 1.33599 8.97694
      vertex -2.51075 1.03999 8.99422
      vertex -2.39673 1.28108 8.99422
    endloop
  endfacet
  facet normal -0.163335 0.180206 0.969973
    outer loop
      vertex -1.87041 2.2791 8.94833
      vertex -2.08479 2.08479 8.94833
      vertex -1.79794 2.19079 8.97694
    endloop
  endfacet
  facet normal -0.163345 0.180233 0.969966
    outer loop
      vertex -1.79794 2.19079 8.97694
      vertex -2.08479 2.08479 8.94833
      vertex -2.00402 2.00402 8.97694
    endloop
  endfacet
  facet normal -0.0986564 0.108853 0.98915
    outer loop
      vertex -1.72404 2.10075 8.99422
      vertex -2.00402 2.00402 8.97694
      vertex -1.92165 1.92165 8.99422
    endloop
  endfacet
  facet normal -0.108853 0.0986564 0.98915
    outer loop
      vertex -2.00402 2.00402 8.97694
      vertex -2.10075 1.72404 8.99422
      vertex -1.92165 1.92165 8.99422
    endloop
  endfacet
  facet normal -0.0875179 0.118002 0.989149
    outer loop
      vertex -1.57455 2.35647 8.97694
      vertex -1.79794 2.19079 8.97694
      vertex -1.72404 2.10075 8.99422
    endloop
  endfacet
  facet normal -0.180206 0.163335 0.969973
    outer loop
      vertex -2.08479 2.08479 8.94833
      vertex -2.2791 1.87041 8.94833
      vertex -2.19079 1.79794 8.97694
    endloop
  endfacet
  facet normal -0.270865 0.200887 0.941423
    outer loop
      vertex -2.36481 1.94075 8.90866
      vertex -2.45146 1.63801 8.94833
      vertex -2.2791 1.87041 8.94833
    endloop
  endfacet
  facet normal -0.195353 0.144884 0.969972
    outer loop
      vertex -2.2791 1.87041 8.94833
      vertex -2.45146 1.63801 8.94833
      vertex -2.35647 1.57455 8.97694
    endloop
  endfacet
  facet normal -0.0252622 0.0421486 0.998792
    outer loop
      vertex -1.22563 2.29299 9
      vertex -1.50983 2.25962 8.99422
      vertex -1.44448 2.16182 9
    endloop
  endfacet
  facet normal -0.0252619 0.0421462 0.998792
    outer loop
      vertex -1.28108 2.39673 8.99422
      vertex -1.50983 2.25962 8.99422
      vertex -1.22563 2.29299 9
    endloop
  endfacet
  facet normal -0.0292728 -0.0394708 0.998792
    outer loop
      vertex -1.64942 -2.00983 9
      vertex -1.72404 -2.10075 8.99422
      vertex -1.44448 -2.16182 9
    endloop
  endfacet
  facet normal 0.047603 0.968938 0.24268
    outer loop
      vertex 0 3.77694 8.03411
      vertex 0 3.74833 8.14834
      vertex 0.3674 3.73028 8.14834
    endloop
  endfacet
  facet normal 0.0485456 0.988006 0.146587
    outer loop
      vertex 0.371899 3.77595 7.91762
      vertex 0 3.77694 8.03411
      vertex 0.370205 3.75875 8.03411
    endloop
  endfacet
  facet normal -0.422949 0.894224 0.146551
    outer loop
      vertex -1.45199 3.5054 7.91762
      vertex -1.78858 3.3462 7.91762
      vertex -1.44537 3.48944 8.03411
    endloop
  endfacet
  facet normal -0.42293 0.894247 0.146468
    outer loop
      vertex -1.44537 3.48944 8.03411
      vertex -1.78858 3.3462 7.91762
      vertex -1.78044 3.33097 8.03411
    endloop
  endfacet
  facet normal -0.240378 0.95956 0.1465
    outer loop
      vertex -0.740215 3.72132 7.91762
      vertex -1.1014 3.63084 7.91762
      vertex -1.09639 3.61431 8.03411
    endloop
  endfacet
  facet normal -0.242709 0.968863 0.0489504
    outer loop
      vertex -0.741343 3.72698 7.8
      vertex -1.1014 3.63084 7.91762
      vertex -0.740215 3.72132 7.91762
    endloop
  endfacet
  facet normal -0.441087 0.735893 0.513716
    outer loop
      vertex -1.72451 3.22634 8.36568
      vertex -2.03244 3.04177 8.36568
      vertex -1.69597 3.17294 8.46668
    endloop
  endfacet
  facet normal -0.464856 0.77555 0.42712
    outer loop
      vertex -1.72451 3.22634 8.36568
      vertex -2.06042 3.08363 8.25922
      vertex -2.03244 3.04177 8.36568
    endloop
  endfacet
  facet normal -0.511102 0.689156 0.513652
    outer loop
      vertex -1.99881 2.99143 8.46668
      vertex -2.3208 2.82791 8.36568
      vertex -2.2824 2.78111 8.46668
    endloop
  endfacet
  facet normal -0.576211 0.635725 0.513648
    outer loop
      vertex -2.3208 2.82791 8.36568
      vertex -2.544 2.544 8.46668
      vertex -2.2824 2.78111 8.46668
    endloop
  endfacet
  facet normal -0.264531 0.441315 0.857475
    outer loop
      vertex -1.49229 2.79188 8.8583
      vertex -1.81487 2.71615 8.79776
      vertex -1.75875 2.63216 8.8583
    endloop
  endfacet
  facet normal -0.306498 0.413274 0.857475
    outer loop
      vertex -1.81487 2.71615 8.79776
      vertex -2.00828 2.4471 8.8583
      vertex -1.75875 2.63216 8.8583
    endloop
  endfacet
  facet normal -0.355124 0.47883 0.802876
    outer loop
      vertex -1.86742 2.7948 8.72761
      vertex -2.13237 2.5983 8.72761
      vertex -1.81487 2.71615 8.79776
    endloop
  endfacet
  facet normal -0.306479 0.511332 0.802876
    outer loop
      vertex -1.5399 2.88096 8.79776
      vertex -1.86742 2.7948 8.72761
      vertex -1.81487 2.71615 8.79776
    endloop
  endfacet
  facet normal -0.441646 0.595479 0.671083
    outer loop
      vertex -1.95984 2.9331 8.56127
      vertex -2.23789 2.72688 8.56127
      vertex -1.9159 2.86735 8.64853
    endloop
  endfacet
  facet normal -0.381149 0.635906 0.671081
    outer loop
      vertex -1.6629 3.11108 8.56127
      vertex -1.95984 2.9331 8.56127
      vertex -1.9159 2.86735 8.64853
    endloop
  endfacet
  facet normal -0.287311 0.607485 0.74055
    outer loop
      vertex -1.31969 3.18602 8.64853
      vertex -1.62562 3.04133 8.64853
      vertex -1.2863 3.10541 8.72761
    endloop
  endfacet
  facet normal -0.316962 0.67018 0.671114
    outer loop
      vertex -1.31969 3.18602 8.64853
      vertex -1.6629 3.11108 8.56127
      vertex -1.62562 3.04133 8.64853
    endloop
  endfacet
  facet normal -0.645399 0.47867 0.59526
    outer loop
      vertex -2.78111 2.2824 8.46668
      vertex -2.9331 1.95984 8.56127
      vertex -2.72688 2.23789 8.56127
    endloop
  endfacet
  facet normal -0.735893 0.441087 0.513716
    outer loop
      vertex -3.04177 2.03244 8.36568
      vertex -3.22634 1.72451 8.36568
      vertex -3.17294 1.69597 8.46668
    endloop
  endfacet
  facet normal -0.735928 0.441085 0.513667
    outer loop
      vertex -3.04177 2.03244 8.36568
      vertex -3.17294 1.69597 8.46668
      vertex -2.99143 1.99881 8.46668
    endloop
  endfacet
  facet normal -0.595367 0.539631 0.595261
    outer loop
      vertex -2.544 2.544 8.46668
      vertex -2.78111 2.2824 8.46668
      vertex -2.72688 2.23789 8.56127
    endloop
  endfacet
  facet normal 0.54933 0.497869 0.671091
    outer loop
      vertex 2.4944 2.4944 8.56127
      vertex 2.43848 2.43848 8.64853
      vertex 2.72688 2.23789 8.56127
    endloop
  endfacet
  facet normal 0.775555 0.464856 0.427112
    outer loop
      vertex 3.27074 1.74825 8.25922
      vertex 3.08363 2.06042 8.25922
      vertex 3.22634 1.72451 8.36568
    endloop
  endfacet
  facet normal 0.779198 0.577875 0.242715
    outer loop
      vertex 3.14041 2.09836 8.03411
      vertex 2.91962 2.39607 8.03411
      vertex 3.11662 2.08246 8.14834
    endloop
  endfacet
  facet normal 0.79455 0.589261 0.146498
    outer loop
      vertex 2.93297 2.40703 7.91762
      vertex 2.91962 2.39607 8.03411
      vertex 3.14041 2.09836 8.03411
    endloop
  endfacet
  facet normal -0.0292724 -0.039469 0.998792
    outer loop
      vertex -1.44448 -2.16182 9
      vertex -1.72404 -2.10075 8.99422
      vertex -1.50983 -2.25962 8.99422
    endloop
  endfacet
  facet normal 0.13281 0.0628106 0.989149
    outer loop
      vertex 2.49946 1.33599 8.97694
      vertex 2.39673 1.28108 8.99422
      vertex 2.51075 1.03999 8.99422
    endloop
  endfacet
  facet normal 0.142506 0.0356951 0.98915
    outer loop
      vertex 2.77965 0.552907 8.97694
      vertex 2.6006 0.788883 8.99422
      vertex 2.6654 0.530181 8.99422
    endloop
  endfacet
  facet normal 0.235925 0.0590968 0.969973
    outer loop
      vertex 2.82139 0.855858 8.94833
      vertex 2.71207 0.822698 8.97694
      vertex 2.77965 0.552907 8.97694
    endloop
  endfacet
  facet normal 0.226483 0.24987 0.941419
    outer loop
      vertex 2.16319 2.16319 8.90866
      vertex 1.94075 2.36481 8.90866
      vertex 2.08479 2.08479 8.94833
    endloop
  endfacet
  facet normal 0.242938 0.0119374 0.969968
    outer loop
      vertex 2.94834 0 8.94833
      vertex 2.82046 0.277791 8.97694
      vertex 2.83411 0 8.97694
    endloop
  endfacet
  facet normal 0.336817 0.0165457 0.941425
    outer loop
      vertex 3.04449 0.299855 8.90866
      vertex 2.94834 0 8.94833
      vertex 3.05922 0 8.90866
    endloop
  endfacet
  facet normal 0.108859 0.0986585 0.989149
    outer loop
      vertex 2.19079 1.79794 8.97694
      vertex 2.00402 2.00402 8.97694
      vertex 2.10075 1.72404 8.99422
    endloop
  endfacet
  facet normal 0.0490834 -0.00241204 0.998792
    outer loop
      vertex 2.71762 0 8.99422
      vertex 2.58748 -0.254844 9
      vertex 2.70453 -0.266373 8.99422
    endloop
  endfacet
  facet normal 0.0252619 0.0421462 0.998792
    outer loop
      vertex 1.28108 2.39673 8.99422
      vertex 1.22563 2.29299 9
      vertex 1.50983 2.25962 8.99422
    endloop
  endfacet
  facet normal -0.0628104 -0.132805 0.98915
    outer loop
      vertex -1.03999 -2.51075 8.99422
      vertex -1.33599 -2.49946 8.97694
      vertex -1.08457 -2.61837 8.97694
    endloop
  endfacet
  facet normal 0.73296 -0.66431 0.146501
    outer loop
      vertex 2.91962 -2.39607 8.03411
      vertex 2.68292 -2.68292 7.91762
      vertex 2.93297 -2.40703 7.91762
    endloop
  endfacet
  facet normal 0.740064 -0.670749 0.048997
    outer loop
      vertex 2.93297 -2.40703 7.91762
      vertex 2.68292 -2.68292 7.91762
      vertex 2.93744 -2.41069 7.8
    endloop
  endfacet
  facet normal 0.651498 -0.718789 0.242676
    outer loop
      vertex 2.65047 -2.65047 8.14834
      vertex 2.39607 -2.91962 8.03411
      vertex 2.6707 -2.6707 8.03411
    endloop
  endfacet
  facet normal 0.607248 -0.669955 0.427094
    outer loop
      vertex 2.58681 -2.58681 8.36568
      vertex 2.35275 -2.86683 8.25922
      vertex 2.62241 -2.62241 8.25922
    endloop
  endfacet
  facet normal 0.718792 -0.651465 0.242758
    outer loop
      vertex 2.8975 -2.37791 8.14834
      vertex 2.65047 -2.65047 8.14834
      vertex 2.91962 -2.39607 8.03411
    endloop
  endfacet
  facet normal 0.779183 -0.57788 0.242754
    outer loop
      vertex 3.11662 -2.08246 8.14834
      vertex 2.8975 -2.37791 8.14834
      vertex 2.91962 -2.39607 8.03411
    endloop
  endfacet
  facet normal 0.802238 -0.594992 0.0489769
    outer loop
      vertex 3.15478 -2.10796 7.91762
      vertex 2.93297 -2.40703 7.91762
      vertex 3.15958 -2.11117 7.8
    endloop
  endfacet
  facet normal 0.85671 -0.513468 0.048975
    outer loop
      vertex 3.3462 -1.78858 7.91762
      vertex 3.15478 -2.10796 7.91762
      vertex 3.15958 -2.11117 7.8
    endloop
  endfacet
  facet normal 0.414757 0.876957 0.242741
    outer loop
      vertex 1.44537 3.48944 8.03411
      vertex 1.43442 3.463 8.14834
      vertex 1.76695 3.30573 8.14834
    endloop
  endfacet
  facet normal 0.402611 0.851277 0.336498
    outer loop
      vertex 1.43442 3.463 8.14834
      vertex 1.41924 3.42635 8.25922
      vertex 1.76695 3.30573 8.14834
    endloop
  endfacet
  facet normal 0.538616 0.726262 0.427126
    outer loop
      vertex 2.06042 3.08363 8.25922
      vertex 2.03244 3.04177 8.36568
      vertex 2.35275 2.86683 8.25922
    endloop
  endfacet
  facet normal 0.386576 0.817378 0.427144
    outer loop
      vertex 1.41924 3.42635 8.25922
      vertex 1.39997 3.37983 8.36568
      vertex 1.72451 3.22634 8.36568
    endloop
  endfacet
  facet normal 0.343578 0.726417 0.595208
    outer loop
      vertex 1.3768 3.3239 8.46668
      vertex 1.34996 3.25909 8.56127
      vertex 1.69597 3.17294 8.46668
    endloop
  endfacet
  facet normal 0.343577 0.726431 0.595191
    outer loop
      vertex 1.69597 3.17294 8.46668
      vertex 1.34996 3.25909 8.56127
      vertex 1.6629 3.11108 8.56127
    endloop
  endfacet
  facet normal 0.95959 -0.142327 0.242757
    outer loop
      vertex 3.75875 -0.370205 8.03411
      vertex 3.6763 -0.731262 8.14834
      vertex 3.70437 -0.736844 8.03411
    endloop
  endfacet
  facet normal 0.997595 0.0490081 0.0490231
    outer loop
      vertex 3.8 0 7.8
      vertex 3.77595 0.371899 7.91762
      vertex 3.79422 0 7.91762
    endloop
  endfacet
  facet normal 0.987987 -0.146559 0.049003
    outer loop
      vertex 3.77595 -0.371899 7.91762
      vertex 3.72698 -0.741343 7.8
      vertex 3.7817 -0.372464 7.8
    endloop
  endfacet
  facet normal 0.997595 -0.0490141 0.0490041
    outer loop
      vertex 3.8 0 7.8
      vertex 3.77595 -0.371899 7.91762
      vertex 3.7817 -0.372464 7.8
    endloop
  endfacet
  facet normal 0.851325 0.30462 0.427143
    outer loop
      vertex 3.42635 1.41924 8.25922
      vertex 3.37983 1.39997 8.36568
      vertex 3.50078 1.06195 8.36568
    endloop
  endfacet
  facet normal 0.635719 0.576188 0.513681
    outer loop
      vertex 2.58681 2.58681 8.36568
      vertex 2.544 2.544 8.46668
      vertex 2.82791 2.3208 8.36568
    endloop
  endfacet
  facet normal 0.794872 0.117918 0.595209
    outer loop
      vertex 3.52863 0.701888 8.46668
      vertex 3.51063 0.345766 8.56127
      vertex 3.58044 0.352642 8.46668
    endloop
  endfacet
  facet normal 0.719169 0.180145 0.671077
    outer loop
      vertex 3.45983 0.688203 8.56127
      vertex 3.30004 1.00105 8.64853
      vertex 3.38227 0.672774 8.64853
    endloop
  endfacet
  facet normal 0.894247 0.42293 0.146468
    outer loop
      vertex 3.3462 1.78858 7.91762
      vertex 3.33097 1.78044 8.03411
      vertex 3.48944 1.44537 8.03411
    endloop
  endfacet
  facet normal 0.832066 0.498737 0.24275
    outer loop
      vertex 3.33097 1.78044 8.03411
      vertex 3.14041 2.09836 8.03411
      vertex 3.30573 1.76695 8.14834
    endloop
  endfacet
  facet normal 0.756364 0.56094 0.33654
    outer loop
      vertex 3.11662 2.08246 8.14834
      vertex 2.86683 2.35275 8.25922
      vertex 3.08363 2.06042 8.25922
    endloop
  endfacet
  facet normal 0.756601 0.270701 0.59521
    outer loop
      vertex 3.3239 1.3768 8.46668
      vertex 3.25909 1.34996 8.56127
      vertex 3.37571 1.02401 8.56127
    endloop
  endfacet
  facet normal 0.959555 0.240352 0.146576
    outer loop
      vertex 3.72132 0.740215 7.91762
      vertex 3.61431 1.09639 8.03411
      vertex 3.70437 0.736844 8.03411
    endloop
  endfacet
  facet normal 0.978494 0.145134 0.146577
    outer loop
      vertex 3.72132 0.740215 7.91762
      vertex 3.70437 0.736844 8.03411
      vertex 3.77595 0.371899 7.91762
    endloop
  endfacet
  facet normal 0.779469 -0.195258 0.595233
    outer loop
      vertex 3.45983 -0.688203 8.56127
      vertex 3.37571 -1.02401 8.56127
      vertex 3.44284 -1.04438 8.46668
    endloop
  endfacet
  facet normal 0.719181 -0.180156 0.671061
    outer loop
      vertex 3.45983 -0.688203 8.56127
      vertex 3.30004 -1.00105 8.64853
      vertex 3.37571 -1.02401 8.56127
    endloop
  endfacet
  facet normal 0.651842 0.163279 0.740568
    outer loop
      vertex 3.38227 0.672774 8.64853
      vertex 3.21654 0.975725 8.72761
      vertex 3.29669 0.655751 8.72761
    endloop
  endfacet
  facet normal 0.733317 -0.108786 0.671127
    outer loop
      vertex 3.51063 -0.345766 8.56127
      vertex 3.43192 -0.338015 8.64853
      vertex 3.45983 -0.688203 8.56127
    endloop
  endfacet
  facet normal 0.513957 -0.0252597 0.857444
    outer loop
      vertex 3.16568 0 8.8583
      vertex 3.15043 -0.31029 8.8583
      vertex 3.26668 0 8.79776
    endloop
  endfacet
  facet normal 0.513933 -0.025248 0.857458
    outer loop
      vertex 3.26668 0 8.79776
      vertex 3.15043 -0.31029 8.8583
      vertex 3.25095 -0.32019 8.79776
    endloop
  endfacet
  facet normal 0.595408 0.0292407 0.802891
    outer loop
      vertex 3.34509 0.329462 8.72761
      vertex 3.25095 0.32019 8.79776
      vertex 3.36127 0 8.72761
    endloop
  endfacet
  facet normal 0.561306 0.200847 0.802868
    outer loop
      vertex 3.10541 1.2863 8.72761
      vertex 3.01802 1.25011 8.79776
      vertex 3.21654 0.975725 8.72761
    endloop
  endfacet
  facet normal 0.355122 0.47882 0.802882
    outer loop
      vertex 2.13237 2.5983 8.72761
      vertex 1.81487 2.71615 8.79776
      vertex 2.07236 2.52518 8.79776
    endloop
  endfacet
  facet normal 0.132805 0.0628104 0.98915
    outer loop
      vertex 2.61837 1.08457 8.97694
      vertex 2.49946 1.33599 8.97694
      vertex 2.51075 1.03999 8.99422
    endloop
  endfacet
  facet normal 0.511102 -0.689156 0.513652
    outer loop
      vertex 2.2824 -2.78111 8.46668
      vertex 1.99881 -2.99143 8.46668
      vertex 2.3208 -2.82791 8.36568
    endloop
  endfacet
  facet normal 0.413126 -0.689255 0.595194
    outer loop
      vertex 1.95984 -2.9331 8.56127
      vertex 1.6629 -3.11108 8.56127
      vertex 1.69597 -3.17294 8.46668
    endloop
  endfacet
  facet normal 0.651465 -0.718792 0.242758
    outer loop
      vertex 2.65047 -2.65047 8.14834
      vertex 2.37791 -2.8975 8.14834
      vertex 2.39607 -2.91962 8.03411
    endloop
  endfacet
  facet normal 0.498731 -0.83208 0.242712
    outer loop
      vertex 2.08246 -3.11662 8.14834
      vertex 1.76695 -3.30573 8.14834
      vertex 2.09836 -3.14041 8.03411
    endloop
  endfacet
  facet normal 0.464856 -0.77555 0.42712
    outer loop
      vertex 2.03244 -3.04177 8.36568
      vertex 1.72451 -3.22634 8.36568
      vertex 2.06042 -3.08363 8.25922
    endloop
  endfacet
  facet normal 0.484119 -0.807693 0.336542
    outer loop
      vertex 2.06042 -3.08363 8.25922
      vertex 1.74825 -3.27074 8.25922
      vertex 2.08246 -3.11662 8.14834
    endloop
  endfacet
  facet normal 0.635725 -0.576211 0.513648
    outer loop
      vertex 2.78111 -2.2824 8.46668
      vertex 2.544 -2.544 8.46668
      vertex 2.82791 -2.3208 8.36568
    endloop
  endfacet
  facet normal 0.689156 -0.511102 0.513652
    outer loop
      vertex 2.99143 -1.99881 8.46668
      vertex 2.78111 -2.2824 8.46668
      vertex 2.82791 -2.3208 8.36568
    endloop
  endfacet
  facet normal -0.441353 -0.264536 0.857454
    outer loop
      vertex -2.79188 -1.49229 8.8583
      vertex -2.88096 -1.5399 8.79776
      vertex -2.71615 -1.81487 8.79776
    endloop
  endfacet
  facet normal -0.511332 -0.306479 0.802876
    outer loop
      vertex -2.71615 -1.81487 8.79776
      vertex -2.88096 -1.5399 8.79776
      vertex -2.7948 -1.86742 8.72761
    endloop
  endfacet
  facet normal -0.242938 0.0119374 0.969968
    outer loop
      vertex -2.82046 0.277791 8.97694
      vertex -2.94834 0 8.94833
      vertex -2.83411 0 8.97694
    endloop
  endfacet
  facet normal -0.242938 -0.0119374 0.969968
    outer loop
      vertex -2.83411 0 8.97694
      vertex -2.94834 0 8.94833
      vertex -2.82046 -0.277791 8.97694
    endloop
  endfacet
  facet normal -0.336817 0.0165457 0.941425
    outer loop
      vertex -3.04449 0.299855 8.90866
      vertex -3.05922 0 8.90866
      vertex -2.94834 0 8.94833
    endloop
  endfacet
  facet normal -0.427517 0.0210013 0.903763
    outer loop
      vertex -3.04449 0.299855 8.90866
      vertex -3.16568 0 8.8583
      vertex -3.05922 0 8.90866
    endloop
  endfacet
  facet normal 0.0421462 0.0252619 0.998792
    outer loop
      vertex 2.39673 1.28108 8.99422
      vertex 2.25962 1.50983 8.99422
      vertex 2.29299 1.22563 9
    endloop
  endfacet
  facet normal -0.0165546 -0.0462712 0.998792
    outer loop
      vertex -0.994976 -2.40209 9
      vertex -1.03999 -2.51075 8.99422
      vertex -0.75474 -2.48804 9
    endloop
  endfacet
  facet normal -0.0210103 -0.0444253 0.998792
    outer loop
      vertex -0.994976 -2.40209 9
      vertex -1.28108 -2.39673 8.99422
      vertex -1.03999 -2.51075 8.99422
    endloop
  endfacet
  facet normal -0.0494925 -0.138321 0.98915
    outer loop
      vertex -1.03999 -2.51075 8.99422
      vertex -1.08457 -2.61837 8.97694
      vertex -0.822698 -2.71207 8.97694
    endloop
  endfacet
  facet normal -0.0819401 -0.229006 0.96997
    outer loop
      vertex -1.08457 -2.61837 8.97694
      vertex -1.12828 -2.72391 8.94833
      vertex -0.822698 -2.71207 8.97694
    endloop
  endfacet
  facet normal 0.0444253 0.0210103 0.998792
    outer loop
      vertex 2.51075 1.03999 8.99422
      vertex 2.39673 1.28108 8.99422
      vertex 2.40209 0.994976 9
    endloop
  endfacet
  facet normal -0.0330008 -0.0364114 0.998792
    outer loop
      vertex -1.83848 -1.83848 9
      vertex -1.92165 -1.92165 8.99422
      vertex -1.72404 -2.10075 8.99422
    endloop
  endfacet
  facet normal -0.0364114 -0.0330008 0.998792
    outer loop
      vertex -1.83848 -1.83848 9
      vertex -2.10075 -1.72404 8.99422
      vertex -1.92165 -1.92165 8.99422
    endloop
  endfacet
  facet normal -0.287478 -0.317164 0.90375
    outer loop
      vertex -1.94075 -2.36481 8.90866
      vertex -2.16319 -2.16319 8.90866
      vertex -2.00828 -2.4471 8.8583
    endloop
  endfacet
  facet normal -0.226483 -0.24987 0.941419
    outer loop
      vertex -2.08479 -2.08479 8.94833
      vertex -2.16319 -2.16319 8.90866
      vertex -1.94075 -2.36481 8.90866
    endloop
  endfacet
  facet normal -0.931484 0.138192 0.336512
    outer loop
      vertex -3.63739 0.723522 8.25922
      vertex -3.73028 0.3674 8.14834
      vertex -3.6908 0.363511 8.25922
    endloop
  endfacet
  facet normal -0.832267 0.208467 0.513685
    outer loop
      vertex -3.50078 1.06195 8.36568
      vertex -3.58801 0.713699 8.36568
      vertex -3.52863 0.701888 8.46668
    endloop
  endfacet
  facet normal -0.441085 -0.735928 0.513667
    outer loop
      vertex -1.99881 -2.99143 8.46668
      vertex -2.03244 -3.04177 8.36568
      vertex -1.69597 -3.17294 8.46668
    endloop
  endfacet
  facet normal -0.386576 -0.817378 0.427144
    outer loop
      vertex -1.39997 -3.37983 8.36568
      vertex -1.72451 -3.22634 8.36568
      vertex -1.41924 -3.42635 8.25922
    endloop
  endfacet
  facet normal -0.343578 -0.726417 0.595208
    outer loop
      vertex -1.34996 -3.25909 8.56127
      vertex -1.69597 -3.17294 8.46668
      vertex -1.3768 -3.3239 8.46668
    endloop
  endfacet
  facet normal -0.343577 -0.726431 0.595191
    outer loop
      vertex -1.6629 -3.11108 8.56127
      vertex -1.69597 -3.17294 8.46668
      vertex -1.34996 -3.25909 8.56127
    endloop
  endfacet
  facet normal -0.576211 -0.635725 0.513648
    outer loop
      vertex -2.2824 -2.78111 8.46668
      vertex -2.544 -2.544 8.46668
      vertex -2.3208 -2.82791 8.36568
    endloop
  endfacet
  facet normal -0.576188 -0.635719 0.513681
    outer loop
      vertex -2.544 -2.544 8.46668
      vertex -2.58681 -2.58681 8.36568
      vertex -2.3208 -2.82791 8.36568
    endloop
  endfacet
  facet normal -0.264536 -0.441353 0.857454
    outer loop
      vertex -1.49229 -2.79188 8.8583
      vertex -1.81487 -2.71615 8.79776
      vertex -1.5399 -2.88096 8.79776
    endloop
  endfacet
  facet normal -0.220002 -0.465156 0.857455
    outer loop
      vertex -1.49229 -2.79188 8.8583
      vertex -1.5399 -2.88096 8.79776
      vertex -1.25011 -3.01802 8.79776
    endloop
  endfacet
  facet normal 0.219698 -0.877106 0.427105
    outer loop
      vertex 1.06195 -3.50078 8.36568
      vertex 0.713699 -3.58801 8.36568
      vertex 0.723522 -3.63739 8.25922
    endloop
  endfacet
  facet normal 0.132678 -0.894399 0.427138
    outer loop
      vertex 0.713699 -3.58801 8.36568
      vertex 0.358576 -3.64069 8.36568
      vertex 0.363511 -3.6908 8.25922
    endloop
  endfacet
  facet normal -0.0443771 -0.903097 0.427139
    outer loop
      vertex -0.358576 -3.64069 8.36568
      vertex -0.363511 -3.6908 8.25922
      vertex 0 -3.65831 8.36568
    endloop
  endfacet
  facet normal -0.132678 -0.894399 0.427138
    outer loop
      vertex -0.358576 -3.64069 8.36568
      vertex -0.713699 -3.58801 8.36568
      vertex -0.363511 -3.6908 8.25922
    endloop
  endfacet
  facet normal -0.0462082 -0.940548 0.336504
    outer loop
      vertex 0 -3.70866 8.25922
      vertex -0.3674 -3.73028 8.14834
      vertex 0 -3.74833 8.14834
    endloop
  endfacet
  facet normal -0.047603 -0.968938 0.24268
    outer loop
      vertex 0 -3.74833 8.14834
      vertex -0.3674 -3.73028 8.14834
      vertex 0 -3.77694 8.03411
    endloop
  endfacet
  facet normal -0.219693 -0.877102 0.427115
    outer loop
      vertex -1.06195 -3.50078 8.36568
      vertex -1.07657 -3.54896 8.25922
      vertex -0.723522 -3.63739 8.25922
    endloop
  endfacet
  facet normal -0.304616 -0.85134 0.427118
    outer loop
      vertex -1.06195 -3.50078 8.36568
      vertex -1.41924 -3.42635 8.25922
      vertex -1.07657 -3.54896 8.25922
    endloop
  endfacet
  facet normal 0.0329805 -0.671157 0.740581
    outer loop
      vertex 0 -3.36127 8.72761
      vertex 0 -3.44853 8.64853
      vertex 0.338015 -3.43192 8.64853
    endloop
  endfacet
  facet normal -0.0329805 -0.671157 0.740581
    outer loop
      vertex 0 -3.36127 8.72761
      vertex -0.338015 -3.43192 8.64853
      vertex 0 -3.44853 8.64853
    endloop
  endfacet
  facet normal 0.386595 -0.817388 0.427107
    outer loop
      vertex 1.72451 -3.22634 8.36568
      vertex 1.41924 -3.42635 8.25922
      vertex 1.74825 -3.27074 8.25922
    endloop
  endfacet
  facet normal 0.402616 -0.851262 0.336531
    outer loop
      vertex 1.74825 -3.27074 8.25922
      vertex 1.41924 -3.42635 8.25922
      vertex 1.76695 -3.30573 8.14834
    endloop
  endfacet
  facet normal 0.226393 -0.6327 0.740565
    outer loop
      vertex 1.2863 -3.10541 8.72761
      vertex 0.975725 -3.21654 8.72761
      vertex 1.00105 -3.30004 8.64853
    endloop
  endfacet
  facet normal 0.163281 -0.651844 0.740567
    outer loop
      vertex 0.975725 -3.21654 8.72761
      vertex 0.672774 -3.38227 8.64853
      vertex 1.00105 -3.30004 8.64853
    endloop
  endfacet
  facet normal 0.180156 -0.719181 0.671061
    outer loop
      vertex 1.00105 -3.30004 8.64853
      vertex 0.688203 -3.45983 8.56127
      vertex 1.02401 -3.37571 8.56127
    endloop
  endfacet
  facet normal 0.180145 -0.719169 0.671077
    outer loop
      vertex 1.00105 -3.30004 8.64853
      vertex 0.672774 -3.38227 8.64853
      vertex 0.688203 -3.45983 8.56127
    endloop
  endfacet
  facet normal 0.138188 -0.931481 0.336522
    outer loop
      vertex 0.723522 -3.63739 8.25922
      vertex 0.3674 -3.73028 8.14834
      vertex 0.731262 -3.6763 8.14834
    endloop
  endfacet
  facet normal 0.228799 -0.913457 0.336522
    outer loop
      vertex 1.07657 -3.54896 8.25922
      vertex 0.723522 -3.63739 8.25922
      vertex 0.731262 -3.6763 8.14834
    endloop
  endfacet
  facet normal 0.20847 -0.832257 0.513701
    outer loop
      vertex 1.04438 -3.44284 8.46668
      vertex 0.701888 -3.52863 8.46668
      vertex 1.06195 -3.50078 8.36568
    endloop
  endfacet
  facet normal 0.289059 -0.807835 0.513661
    outer loop
      vertex 1.3768 -3.3239 8.46668
      vertex 1.06195 -3.50078 8.36568
      vertex 1.39997 -3.37983 8.36568
    endloop
  endfacet
  facet normal -0.146543 -0.987993 0.0489486
    outer loop
      vertex -0.740215 -3.72132 7.91762
      vertex -0.741343 -3.72698 7.8
      vertex -0.371899 -3.77595 7.91762
    endloop
  endfacet
  facet normal -0.145134 -0.978494 0.146577
    outer loop
      vertex -0.736844 -3.70437 8.03411
      vertex -0.740215 -3.72132 7.91762
      vertex -0.371899 -3.77595 7.91762
    endloop
  endfacet
  facet normal -0.775613 0.366847 0.513662
    outer loop
      vertex -3.17294 1.69597 8.46668
      vertex -3.37983 1.39997 8.36568
      vertex -3.3239 1.3768 8.46668
    endloop
  endfacet
  facet normal -0.775592 0.366813 0.513717
    outer loop
      vertex -3.22634 1.72451 8.36568
      vertex -3.37983 1.39997 8.36568
      vertex -3.17294 1.69597 8.46668
    endloop
  endfacet
  facet normal -0.651844 0.163281 0.740567
    outer loop
      vertex -3.30004 1.00105 8.64853
      vertex -3.38227 0.672774 8.64853
      vertex -3.21654 0.975725 8.72761
    endloop
  endfacet
  facet normal -0.6327 0.226393 0.740565
    outer loop
      vertex -3.10541 1.2863 8.72761
      vertex -3.30004 1.00105 8.64853
      vertex -3.21654 0.975725 8.72761
    endloop
  endfacet
  facet normal -0.832257 0.20847 0.513701
    outer loop
      vertex -3.50078 1.06195 8.36568
      vertex -3.52863 0.701888 8.46668
      vertex -3.44284 1.04438 8.46668
    endloop
  endfacet
  facet normal -0.779489 0.195252 0.595209
    outer loop
      vertex -3.44284 1.04438 8.46668
      vertex -3.52863 0.701888 8.46668
      vertex -3.45983 0.688203 8.56127
    endloop
  endfacet
  facet normal 0.208615 -0.125033 0.969972
    outer loop
      vertex 2.6002 -1.38984 8.94833
      vertex 2.35647 -1.57455 8.97694
      vertex 2.45146 -1.63801 8.94833
    endloop
  endfacet
  facet normal 0.195353 -0.144884 0.969972
    outer loop
      vertex 2.35647 -1.57455 8.97694
      vertex 2.2791 -1.87041 8.94833
      vertex 2.45146 -1.63801 8.94833
    endloop
  endfacet
  facet normal 0.195349 -0.144883 0.969973
    outer loop
      vertex 2.35647 -1.57455 8.97694
      vertex 2.19079 -1.79794 8.97694
      vertex 2.2791 -1.87041 8.94833
    endloop
  endfacet
  facet normal 0.118002 -0.0875179 0.989149
    outer loop
      vertex 2.35647 -1.57455 8.97694
      vertex 2.10075 -1.72404 8.99422
      vertex 2.19079 -1.79794 8.97694
    endloop
  endfacet
  facet normal 0.645399 -0.47867 0.59526
    outer loop
      vertex 2.9331 -1.95984 8.56127
      vertex 2.72688 -2.23789 8.56127
      vertex 2.78111 -2.2824 8.46668
    endloop
  endfacet
  facet normal 0.645432 -0.478674 0.595221
    outer loop
      vertex 2.9331 -1.95984 8.56127
      vertex 2.78111 -2.2824 8.46668
      vertex 2.99143 -1.99881 8.46668
    endloop
  endfacet
  facet normal 0.635906 -0.381149 0.671081
    outer loop
      vertex 3.11108 -1.6629 8.56127
      vertex 2.86735 -1.9159 8.64853
      vertex 2.9331 -1.95984 8.56127
    endloop
  endfacet
  facet normal 0.756579 -0.270704 0.595237
    outer loop
      vertex 3.37571 -1.02401 8.56127
      vertex 3.3239 -1.3768 8.46668
      vertex 3.44284 -1.04438 8.46668
    endloop
  endfacet
  facet normal 0.578292 -0.144856 0.802867
    outer loop
      vertex 3.29669 -0.655751 8.72761
      vertex 3.20392 -0.637298 8.79776
      vertex 3.21654 -0.975725 8.72761
    endloop
  endfacet
  facet normal 0.578268 -0.14486 0.802883
    outer loop
      vertex 3.20392 -0.637298 8.79776
      vertex 3.12602 -0.948268 8.79776
      vertex 3.21654 -0.975725 8.72761
    endloop
  endfacet
  facet normal 0.733366 -0.10877 0.671076
    outer loop
      vertex 3.43192 -0.338015 8.64853
      vertex 3.38227 -0.672774 8.64853
      vertex 3.45983 -0.688203 8.56127
    endloop
  endfacet
  facet normal 0.664708 -0.0985993 0.740568
    outer loop
      vertex 3.34509 -0.329462 8.72761
      vertex 3.29669 -0.655751 8.72761
      vertex 3.38227 -0.672774 8.64853
    endloop
  endfacet
  facet normal 0.499115 -0.125029 0.857468
    outer loop
      vertex 3.10485 -0.617592 8.8583
      vertex 3.02936 -0.918947 8.8583
      vertex 3.20392 -0.637298 8.79776
    endloop
  endfacet
  facet normal 0.508968 -0.0754918 0.857468
    outer loop
      vertex 3.15043 -0.31029 8.8583
      vertex 3.10485 -0.617592 8.8583
      vertex 3.20392 -0.637298 8.79776
    endloop
  endfacet
  facet normal 0.146728 -0.00721046 0.989151
    outer loop
      vertex 2.71762 0 8.99422
      vertex 2.70453 -0.266373 8.99422
      vertex 2.82046 -0.277791 8.97694
    endloop
  endfacet
  facet normal 0.146729 -0.00720994 0.98915
    outer loop
      vertex 2.83411 0 8.97694
      vertex 2.71762 0 8.99422
      vertex 2.82046 -0.277791 8.97694
    endloop
  endfacet
  facet normal 0.242938 -0.0119373 0.969968
    outer loop
      vertex 2.94834 0 8.94833
      vertex 2.82046 -0.277791 8.97694
      vertex 2.93414 -0.288987 8.94833
    endloop
  endfacet
  facet normal 0.145318 -0.0215562 0.98915
    outer loop
      vertex 2.82046 -0.277791 8.97694
      vertex 2.6654 -0.530181 8.99422
      vertex 2.77965 -0.552907 8.97694
    endloop
  endfacet
  facet normal 0.138323 0.0494941 0.98915
    outer loop
      vertex 2.71207 0.822698 8.97694
      vertex 2.51075 1.03999 8.99422
      vertex 2.6006 0.788883 8.99422
    endloop
  endfacet
  facet normal 0.145315 0.0215543 0.989151
    outer loop
      vertex 2.82046 0.277791 8.97694
      vertex 2.6654 0.530181 8.99422
      vertex 2.70453 0.266373 8.99422
    endloop
  endfacet
  facet normal 0.415223 -0.104012 0.903754
    outer loop
      vertex 3.00044 -0.596824 8.90866
      vertex 2.92749 -0.888044 8.90866
      vertex 3.02936 -0.918947 8.8583
    endloop
  endfacet
  facet normal 0.317523 -0.113618 0.941419
    outer loop
      vertex 2.82139 -0.855858 8.94833
      vertex 2.72391 -1.12828 8.94833
      vertex 2.92749 -0.888044 8.90866
    endloop
  endfacet
  facet normal 0.343827 -0.254997 0.903747
    outer loop
      vertex 2.54365 -1.69961 8.90866
      vertex 2.36481 -1.94075 8.90866
      vertex 2.63216 -1.75875 8.8583
    endloop
  endfacet
  facet normal 0.413285 -0.306517 0.857463
    outer loop
      vertex 2.71615 -1.81487 8.79776
      vertex 2.4471 -2.00828 8.8583
      vertex 2.52518 -2.07236 8.79776
    endloop
  endfacet
  facet normal 0.355124 -0.47883 0.802876
    outer loop
      vertex 2.13237 -2.5983 8.72761
      vertex 1.81487 -2.71615 8.79776
      vertex 1.86742 -2.7948 8.72761
    endloop
  endfacet
  facet normal 0.355122 -0.47882 0.802882
    outer loop
      vertex 2.07236 -2.52518 8.79776
      vertex 1.81487 -2.71615 8.79776
      vertex 2.13237 -2.5983 8.72761
    endloop
  endfacet
  facet normal 0.144179 -0.304839 0.941427
    outer loop
      vertex 1.38984 -2.6002 8.94833
      vertex 1.12828 -2.72391 8.94833
      vertex 1.44211 -2.69799 8.90866
    endloop
  endfacet
  facet normal 0.14418 -0.304849 0.941424
    outer loop
      vertex 1.44211 -2.69799 8.90866
      vertex 1.12828 -2.72391 8.94833
      vertex 1.17071 -2.82635 8.90866
    endloop
  endfacet
  facet normal 0.200889 -0.270869 0.941421
    outer loop
      vertex 1.94075 -2.36481 8.90866
      vertex 1.63801 -2.45146 8.94833
      vertex 1.69961 -2.54365 8.90866
    endloop
  endfacet
  facet normal 0.226474 -0.249866 0.941422
    outer loop
      vertex 2.08479 -2.08479 8.94833
      vertex 1.87041 -2.2791 8.94833
      vertex 1.94075 -2.36481 8.90866
    endloop
  endfacet
  facet normal 0.10399 -0.219873 0.96997
    outer loop
      vertex 1.33599 -2.49946 8.97694
      vertex 1.08457 -2.61837 8.97694
      vertex 1.12828 -2.72391 8.94833
    endloop
  endfacet
  facet normal 0.0292724 -0.039469 0.998792
    outer loop
      vertex 1.72404 -2.10075 8.99422
      vertex 1.44448 -2.16182 9
      vertex 1.50983 -2.25962 8.99422
    endloop
  endfacet
  facet normal 0.144883 -0.195349 0.969973
    outer loop
      vertex 1.79794 -2.19079 8.97694
      vertex 1.57455 -2.35647 8.97694
      vertex 1.87041 -2.2791 8.94833
    endloop
  endfacet
  facet normal 0.125033 -0.208615 0.969972
    outer loop
      vertex 1.57455 -2.35647 8.97694
      vertex 1.38984 -2.6002 8.94833
      vertex 1.63801 -2.45146 8.94833
    endloop
  endfacet
  facet normal 0.220002 -0.465156 0.857455
    outer loop
      vertex 1.49229 -2.79188 8.8583
      vertex 1.25011 -3.01802 8.79776
      vertex 1.5399 -2.88096 8.79776
    endloop
  endfacet
  facet normal 0.287478 -0.317164 0.90375
    outer loop
      vertex 2.16319 -2.16319 8.90866
      vertex 1.94075 -2.36481 8.90866
      vertex 2.00828 -2.4471 8.8583
    endloop
  endfacet
  facet normal 0.441646 -0.595477 0.671085
    outer loop
      vertex 2.18772 -2.66575 8.64853
      vertex 1.9159 -2.86735 8.64853
      vertex 2.23789 -2.72688 8.56127
    endloop
  endfacet
  facet normal 0.451279 -0.497922 0.740555
    outer loop
      vertex 2.43848 -2.43848 8.64853
      vertex 2.13237 -2.5983 8.72761
      vertex 2.18772 -2.66575 8.64853
    endloop
  endfacet
  facet normal 0.345456 -0.576382 0.74057
    outer loop
      vertex 1.86742 -2.7948 8.72761
      vertex 1.62562 -3.04133 8.64853
      vertex 1.9159 -2.86735 8.64853
    endloop
  endfacet
  facet normal 0.381121 -0.635888 0.671114
    outer loop
      vertex 1.9159 -2.86735 8.64853
      vertex 1.62562 -3.04133 8.64853
      vertex 1.6629 -3.11108 8.56127
    endloop
  endfacet
  facet normal 0.988006 0.0485456 0.146587
    outer loop
      vertex 3.77595 0.371899 7.91762
      vertex 3.75875 0.370205 8.03411
      vertex 3.77694 0 8.03411
    endloop
  endfacet
  facet normal 0.968938 0.047603 0.24268
    outer loop
      vertex 3.77694 0 8.03411
      vertex 3.73028 0.3674 8.14834
      vertex 3.74833 0 8.14834
    endloop
  endfacet
  facet normal 0.959608 -0.142361 0.242663
    outer loop
      vertex 3.73028 -0.3674 8.14834
      vertex 3.6763 -0.731262 8.14834
      vertex 3.75875 -0.370205 8.03411
    endloop
  endfacet
  facet normal 0.894413 -0.132692 0.427105
    outer loop
      vertex 3.6908 -0.363511 8.25922
      vertex 3.58801 -0.713699 8.36568
      vertex 3.63739 -0.723522 8.25922
    endloop
  endfacet
  facet normal -0.219982 0.465138 0.85747
    outer loop
      vertex -1.25011 3.01802 8.79776
      vertex -1.49229 2.79188 8.8583
      vertex -1.21145 2.9247 8.8583
    endloop
  endfacet
  facet normal -0.183007 0.386958 0.903754
    outer loop
      vertex -1.21145 2.9247 8.8583
      vertex -1.49229 2.79188 8.8583
      vertex -1.17071 2.82635 8.90866
    endloop
  endfacet
  facet normal -0.200831 0.56129 0.802882
    outer loop
      vertex -0.975725 3.21654 8.72761
      vertex -1.25011 3.01802 8.79776
      vertex -0.948268 3.12602 8.79776
    endloop
  endfacet
  facet normal -0.173343 0.484465 0.857465
    outer loop
      vertex -0.948268 3.12602 8.79776
      vertex -1.25011 3.01802 8.79776
      vertex -0.918947 3.02936 8.8583
    endloop
  endfacet
  facet normal -0.0119373 0.242938 0.969968
    outer loop
      vertex 0 2.94834 8.94833
      vertex -0.288987 2.93414 8.94833
      vertex -0.277791 2.82046 8.97694
    endloop
  endfacet
  facet normal -0.0356897 0.240598 0.969968
    outer loop
      vertex -0.288987 2.93414 8.94833
      vertex -0.552907 2.77965 8.97694
      vertex -0.277791 2.82046 8.97694
    endloop
  endfacet
  facet normal 0.0215562 0.145318 0.98915
    outer loop
      vertex 0.552907 2.77965 8.97694
      vertex 0.277791 2.82046 8.97694
      vertex 0.530181 2.6654 8.99422
    endloop
  endfacet
  facet normal 0.0356897 0.240598 0.969968
    outer loop
      vertex 0.288987 2.93414 8.94833
      vertex 0.277791 2.82046 8.97694
      vertex 0.552907 2.77965 8.97694
    endloop
  endfacet
  facet normal 0.228786 0.913449 0.336553
    outer loop
      vertex 1.08808 3.58693 8.14834
      vertex 0.731262 3.6763 8.14834
      vertex 1.07657 3.54896 8.25922
    endloop
  endfacet
  facet normal 0.235695 0.941033 0.242704
    outer loop
      vertex 1.09639 3.61431 8.03411
      vertex 0.731262 3.6763 8.14834
      vertex 1.08808 3.58693 8.14834
    endloop
  endfacet
  facet normal 0.316962 0.67018 0.671114
    outer loop
      vertex 1.6629 3.11108 8.56127
      vertex 1.31969 3.18602 8.64853
      vertex 1.62562 3.04133 8.64853
    endloop
  endfacet
  facet normal 0.30648 0.511336 0.802873
    outer loop
      vertex 1.58449 2.96438 8.72761
      vertex 1.5399 2.88096 8.79776
      vertex 1.86742 2.7948 8.72761
    endloop
  endfacet
  facet normal 0.254886 0.538925 0.802865
    outer loop
      vertex 1.2863 3.10541 8.72761
      vertex 1.25011 3.01802 8.79776
      vertex 1.58449 2.96438 8.72761
    endloop
  endfacet
  facet normal 0.287311 0.607482 0.740552
    outer loop
      vertex 1.62562 3.04133 8.64853
      vertex 1.2863 3.10541 8.72761
      vertex 1.58449 2.96438 8.72761
    endloop
  endfacet
  facet normal 0.220002 0.465156 0.857455
    outer loop
      vertex 1.5399 2.88096 8.79776
      vertex 1.25011 3.01802 8.79776
      vertex 1.49229 2.79188 8.8583
    endloop
  endfacet
  facet normal 0.219982 0.465138 0.85747
    outer loop
      vertex 1.25011 3.01802 8.79776
      vertex 1.21145 2.9247 8.8583
      vertex 1.49229 2.79188 8.8583
    endloop
  endfacet
  facet normal 0.576188 0.635719 0.513681
    outer loop
      vertex 2.58681 2.58681 8.36568
      vertex 2.3208 2.82791 8.36568
      vertex 2.544 2.544 8.46668
    endloop
  endfacet
  facet normal 0.689148 0.511101 0.513664
    outer loop
      vertex 3.04177 2.03244 8.36568
      vertex 2.82791 2.3208 8.36568
      vertex 2.99143 1.99881 8.46668
    endloop
  endfacet
  facet normal 0.478674 0.645432 0.595221
    outer loop
      vertex 1.99881 2.99143 8.46668
      vertex 1.95984 2.9331 8.56127
      vertex 2.2824 2.78111 8.46668
    endloop
  endfacet
  facet normal 0.441646 0.595479 0.671083
    outer loop
      vertex 1.95984 2.9331 8.56127
      vertex 1.9159 2.86735 8.64853
      vertex 2.23789 2.72688 8.56127
    endloop
  endfacet
  facet normal 0.317148 0.287444 0.903766
    outer loop
      vertex 2.23847 2.23847 8.8583
      vertex 2.16319 2.16319 8.90866
      vertex 2.4471 2.00828 8.8583
    endloop
  endfacet
  facet normal 0.451273 0.497904 0.74057
    outer loop
      vertex 2.43848 2.43848 8.64853
      vertex 2.13237 2.5983 8.72761
      vertex 2.37678 2.37678 8.72761
    endloop
  endfacet
  facet normal 0.0494781 0.333564 0.941428
    outer loop
      vertex 0.299855 3.04449 8.90866
      vertex 0.288987 2.93414 8.94833
      vertex 0.596824 3.00044 8.90866
    endloop
  endfacet
  facet normal 0.0494756 0.333573 0.941425
    outer loop
      vertex 0.596824 3.00044 8.90866
      vertex 0.288987 2.93414 8.94833
      vertex 0.575192 2.89169 8.94833
    endloop
  endfacet
  facet normal 0.173343 0.484459 0.857468
    outer loop
      vertex 1.25011 3.01802 8.79776
      vertex 0.918947 3.02936 8.8583
      vertex 1.21145 2.9247 8.8583
    endloop
  endfacet
  facet normal 0.173343 0.484465 0.857465
    outer loop
      vertex 0.948268 3.12602 8.79776
      vertex 0.918947 3.02936 8.8583
      vertex 1.25011 3.01802 8.79776
    endloop
  endfacet
  facet normal 0.14418 0.304849 0.941424
    outer loop
      vertex 1.17071 2.82635 8.90866
      vertex 1.12828 2.72391 8.94833
      vertex 1.44211 2.69799 8.90866
    endloop
  endfacet
  facet normal 0.183007 0.386958 0.903754
    outer loop
      vertex 1.21145 2.9247 8.8583
      vertex 1.17071 2.82635 8.90866
      vertex 1.49229 2.79188 8.8583
    endloop
  endfacet
  facet normal 0.200889 0.270869 0.941421
    outer loop
      vertex 1.69961 2.54365 8.90866
      vertex 1.63801 2.45146 8.94833
      vertex 1.94075 2.36481 8.90866
    endloop
  endfacet
  facet normal 0.200887 0.270865 0.941423
    outer loop
      vertex 1.94075 2.36481 8.90866
      vertex 1.63801 2.45146 8.94833
      vertex 1.87041 2.2791 8.94833
    endloop
  endfacet
  facet normal 0.317164 0.287478 0.90375
    outer loop
      vertex 2.4471 2.00828 8.8583
      vertex 2.16319 2.16319 8.90866
      vertex 2.36481 1.94075 8.90866
    endloop
  endfacet
  facet normal 0.249866 0.226474 0.941422
    outer loop
      vertex 2.36481 1.94075 8.90866
      vertex 2.08479 2.08479 8.94833
      vertex 2.2791 1.87041 8.94833
    endloop
  endfacet
  facet normal -0.144883 0.195349 0.969973
    outer loop
      vertex -1.57455 2.35647 8.97694
      vertex -1.87041 2.2791 8.94833
      vertex -1.79794 2.19079 8.97694
    endloop
  endfacet
  facet normal -0.144884 0.195353 0.969972
    outer loop
      vertex -1.63801 2.45146 8.94833
      vertex -1.87041 2.2791 8.94833
      vertex -1.57455 2.35647 8.97694
    endloop
  endfacet
  facet normal 0.142327 0.95959 0.242757
    outer loop
      vertex 0.736844 3.70437 8.03411
      vertex 0.370205 3.75875 8.03411
      vertex 0.731262 3.6763 8.14834
    endloop
  endfacet
  facet normal 0.14513 0.978493 0.146587
    outer loop
      vertex 0.371899 3.77595 7.91762
      vertex 0.370205 3.75875 8.03411
      vertex 0.736844 3.70437 8.03411
    endloop
  endfacet
  facet normal -0.689242 0.413104 0.595223
    outer loop
      vertex -2.99143 1.99881 8.46668
      vertex -3.17294 1.69597 8.46668
      vertex -2.9331 1.95984 8.56127
    endloop
  endfacet
  facet normal -0.645432 0.478674 0.595221
    outer loop
      vertex -2.78111 2.2824 8.46668
      vertex -2.99143 1.99881 8.46668
      vertex -2.9331 1.95984 8.56127
    endloop
  endfacet
  facet normal 0.756367 0.560958 0.336503
    outer loop
      vertex 2.8975 2.37791 8.14834
      vertex 2.86683 2.35275 8.25922
      vertex 3.11662 2.08246 8.14834
    endloop
  endfacet
  facet normal 0.697747 0.632391 0.336498
    outer loop
      vertex 2.8975 2.37791 8.14834
      vertex 2.65047 2.65047 8.14834
      vertex 2.86683 2.35275 8.25922
    endloop
  endfacet
  facet normal 0.732935 0.66432 0.146575
    outer loop
      vertex 2.68292 2.68292 7.91762
      vertex 2.6707 2.6707 8.03411
      vertex 2.91962 2.39607 8.03411
    endloop
  endfacet
  facet normal 0.718789 0.651498 0.242676
    outer loop
      vertex 2.6707 2.6707 8.03411
      vertex 2.65047 2.65047 8.14834
      vertex 2.91962 2.39607 8.03411
    endloop
  endfacet
  facet normal 0.0476683 0.0119409 0.998792
    outer loop
      vertex 2.6654 0.530181 8.99422
      vertex 2.48804 0.75474 9
      vertex 2.55004 0.507235 9
    endloop
  endfacet
  facet normal 0.0394708 0.0292728 0.998792
    outer loop
      vertex 2.10075 1.72404 8.99422
      vertex 2.00983 1.64942 9
      vertex 2.16182 1.44448 9
    endloop
  endfacet
  facet normal 0.195349 0.144883 0.969973
    outer loop
      vertex 2.2791 1.87041 8.94833
      vertex 2.19079 1.79794 8.97694
      vertex 2.35647 1.57455 8.97694
    endloop
  endfacet
  facet normal 0.415223 0.104012 0.903754
    outer loop
      vertex 3.02936 0.918947 8.8583
      vertex 2.92749 0.888044 8.90866
      vertex 3.00044 0.596824 8.90866
    endloop
  endfacet
  facet normal 0.235933 0.0590954 0.969971
    outer loop
      vertex 2.82139 0.855858 8.94833
      vertex 2.77965 0.552907 8.97694
      vertex 2.89169 0.575192 8.94833
    endloop
  endfacet
  facet normal 0.578292 0.144856 0.802867
    outer loop
      vertex 3.21654 0.975725 8.72761
      vertex 3.20392 0.637298 8.79776
      vertex 3.29669 0.655751 8.72761
    endloop
  endfacet
  facet normal 0.427541 0.0210126 0.903752
    outer loop
      vertex 3.15043 0.31029 8.8583
      vertex 3.04449 0.299855 8.90866
      vertex 3.16568 0 8.8583
    endloop
  endfacet
  facet normal 0.242938 -0.0119374 0.969968
    outer loop
      vertex 2.83411 0 8.97694
      vertex 2.82046 -0.277791 8.97694
      vertex 2.94834 0 8.94833
    endloop
  endfacet
  facet normal 0.240598 -0.0356897 0.969968
    outer loop
      vertex 2.82046 -0.277791 8.97694
      vertex 2.77965 -0.552907 8.97694
      vertex 2.93414 -0.288987 8.94833
    endloop
  endfacet
  facet normal 0.57788 -0.779183 0.242754
    outer loop
      vertex 2.37791 -2.8975 8.14834
      vertex 2.08246 -3.11662 8.14834
      vertex 2.39607 -2.91962 8.03411
    endloop
  endfacet
  facet normal 0.66432 -0.732935 0.146575
    outer loop
      vertex 2.6707 -2.6707 8.03411
      vertex 2.39607 -2.91962 8.03411
      vertex 2.68292 -2.68292 7.91762
    endloop
  endfacet
  facet normal 0.987993 0.146543 0.0489486
    outer loop
      vertex 3.72698 0.741343 7.8
      vertex 3.72132 0.740215 7.91762
      vertex 3.77595 0.371899 7.91762
    endloop
  endfacet
  facet normal 0.95956 0.240378 0.1465
    outer loop
      vertex 3.63084 1.1014 7.91762
      vertex 3.61431 1.09639 8.03411
      vertex 3.72132 0.740215 7.91762
    endloop
  endfacet
  facet normal 0.978493 0.14513 0.146587
    outer loop
      vertex 3.77595 0.371899 7.91762
      vertex 3.70437 0.736844 8.03411
      vertex 3.75875 0.370205 8.03411
    endloop
  endfacet
  facet normal 0.877102 0.219693 0.427115
    outer loop
      vertex 3.54896 1.07657 8.25922
      vertex 3.50078 1.06195 8.36568
      vertex 3.63739 0.723522 8.25922
    endloop
  endfacet
  facet normal 0.98801 -0.0485372 0.14656
    outer loop
      vertex 3.77694 0 8.03411
      vertex 3.77595 -0.371899 7.91762
      vertex 3.79422 0 7.91762
    endloop
  endfacet
  facet normal 0.997595 -0.0490081 0.0490231
    outer loop
      vertex 3.79422 0 7.91762
      vertex 3.77595 -0.371899 7.91762
      vertex 3.8 0 7.8
    endloop
  endfacet
  facet normal 0.807835 0.289059 0.513661
    outer loop
      vertex 3.37983 1.39997 8.36568
      vertex 3.3239 1.3768 8.46668
      vertex 3.50078 1.06195 8.36568
    endloop
  endfacet
  facet normal 0.832257 0.20847 0.513701
    outer loop
      vertex 3.50078 1.06195 8.36568
      vertex 3.44284 1.04438 8.46668
      vertex 3.52863 0.701888 8.46668
    endloop
  endfacet
  facet normal 0.894413 0.132692 0.427105
    outer loop
      vertex 3.63739 0.723522 8.25922
      vertex 3.58801 0.713699 8.36568
      vertex 3.6908 0.363511 8.25922
    endloop
  endfacet
  facet normal 0.877106 0.219698 0.427105
    outer loop
      vertex 3.63739 0.723522 8.25922
      vertex 3.50078 1.06195 8.36568
      vertex 3.58801 0.713699 8.36568
    endloop
  endfacet
  facet normal 0.85692 -0.0420876 0.513728
    outer loop
      vertex 3.59776 0 8.46668
      vertex 3.58044 -0.352642 8.46668
      vertex 3.65831 0 8.36568
    endloop
  endfacet
  facet normal 0.740448 -0.0363855 0.671128
    outer loop
      vertex 3.44853 0 8.64853
      vertex 3.43192 -0.338015 8.64853
      vertex 3.51063 -0.345766 8.56127
    endloop
  endfacet
  facet normal 0.876956 0.414753 0.242751
    outer loop
      vertex 3.33097 1.78044 8.03411
      vertex 3.30573 1.76695 8.14834
      vertex 3.48944 1.44537 8.03411
    endloop
  endfacet
  facet normal 0.876957 0.414757 0.242741
    outer loop
      vertex 3.48944 1.44537 8.03411
      vertex 3.30573 1.76695 8.14834
      vertex 3.463 1.43442 8.14834
    endloop
  endfacet
  facet normal 0.726417 0.343578 0.595208
    outer loop
      vertex 3.3239 1.3768 8.46668
      vertex 3.17294 1.69597 8.46668
      vertex 3.25909 1.34996 8.56127
    endloop
  endfacet
  facet normal 0.56129 0.200831 0.802882
    outer loop
      vertex 3.21654 0.975725 8.72761
      vertex 3.01802 1.25011 8.79776
      vertex 3.12602 0.948268 8.79776
    endloop
  endfacet
  facet normal 0.968863 0.242709 0.0489504
    outer loop
      vertex 3.72698 0.741343 7.8
      vertex 3.63084 1.1014 7.91762
      vertex 3.72132 0.740215 7.91762
    endloop
  endfacet
  facet normal 0.968865 0.242687 0.0490184
    outer loop
      vertex 3.63637 1.10308 7.8
      vertex 3.63084 1.1014 7.91762
      vertex 3.72698 0.741343 7.8
    endloop
  endfacet
  facet normal 0.913385 0.326834 0.242708
    outer loop
      vertex 3.61431 1.09639 8.03411
      vertex 3.463 1.43442 8.14834
      vertex 3.58693 1.08808 8.14834
    endloop
  endfacet
  facet normal 0.886631 0.317261 0.336499
    outer loop
      vertex 3.463 1.43442 8.14834
      vertex 3.42635 1.41924 8.25922
      vertex 3.58693 1.08808 8.14834
    endloop
  endfacet
  facet normal 0.794872 -0.117918 0.595209
    outer loop
      vertex 3.58044 -0.352642 8.46668
      vertex 3.51063 -0.345766 8.56127
      vertex 3.52863 -0.701888 8.46668
    endloop
  endfacet
  facet normal 0.848691 -0.125902 0.513686
    outer loop
      vertex 3.58044 -0.352642 8.46668
      vertex 3.52863 -0.701888 8.46668
      vertex 3.58801 -0.713699 8.36568
    endloop
  endfacet
  facet normal 0.651844 0.163281 0.740567
    outer loop
      vertex 3.30004 1.00105 8.64853
      vertex 3.21654 0.975725 8.72761
      vertex 3.38227 0.672774 8.64853
    endloop
  endfacet
  facet normal 0.733366 0.10877 0.671076
    outer loop
      vertex 3.45983 0.688203 8.56127
      vertex 3.38227 0.672774 8.64853
      vertex 3.43192 0.338015 8.64853
    endloop
  endfacet
  facet normal 0.386958 0.183007 0.903754
    outer loop
      vertex 2.9247 1.21145 8.8583
      vertex 2.79188 1.49229 8.8583
      vertex 2.82635 1.17071 8.90866
    endloop
  endfacet
  facet normal 0.578268 0.14486 0.802883
    outer loop
      vertex 3.21654 0.975725 8.72761
      vertex 3.12602 0.948268 8.79776
      vertex 3.20392 0.637298 8.79776
    endloop
  endfacet
  facet normal 0.6327 0.226393 0.740565
    outer loop
      vertex 3.30004 1.00105 8.64853
      vertex 3.10541 1.2863 8.72761
      vertex 3.21654 0.975725 8.72761
    endloop
  endfacet
  facet normal 0.632713 0.226406 0.74055
    outer loop
      vertex 3.18602 1.31969 8.64853
      vertex 3.10541 1.2863 8.72761
      vertex 3.30004 1.00105 8.64853
    endloop
  endfacet
  facet normal 0.441085 -0.735928 0.513667
    outer loop
      vertex 1.99881 -2.99143 8.46668
      vertex 1.69597 -3.17294 8.46668
      vertex 2.03244 -3.04177 8.36568
    endloop
  endfacet
  facet normal 0.511101 -0.689148 0.513664
    outer loop
      vertex 2.3208 -2.82791 8.36568
      vertex 1.99881 -2.99143 8.46668
      vertex 2.03244 -3.04177 8.36568
    endloop
  endfacet
  facet normal 0.513468 -0.85671 0.048975
    outer loop
      vertex 2.10796 -3.15478 7.91762
      vertex 1.78858 -3.3462 7.91762
      vertex 2.11117 -3.15958 7.8
    endloop
  endfacet
  facet normal 0.66431 -0.73296 0.146501
    outer loop
      vertex 2.68292 -2.68292 7.91762
      vertex 2.39607 -2.91962 8.03411
      vertex 2.40703 -2.93297 7.91762
    endloop
  endfacet
  facet normal -0.200889 -0.270869 0.941421
    outer loop
      vertex -1.63801 -2.45146 8.94833
      vertex -1.94075 -2.36481 8.90866
      vertex -1.69961 -2.54365 8.90866
    endloop
  endfacet
  facet normal -0.200887 -0.270865 0.941423
    outer loop
      vertex -1.87041 -2.2791 8.94833
      vertex -1.94075 -2.36481 8.90866
      vertex -1.63801 -2.45146 8.94833
    endloop
  endfacet
  facet normal -0.894413 0.132692 0.427105
    outer loop
      vertex -3.63739 0.723522 8.25922
      vertex -3.6908 0.363511 8.25922
      vertex -3.58801 0.713699 8.36568
    endloop
  endfacet
  facet normal -0.894399 0.132678 0.427138
    outer loop
      vertex -3.58801 0.713699 8.36568
      vertex -3.6908 0.363511 8.25922
      vertex -3.64069 0.358576 8.36568
    endloop
  endfacet
  facet normal 0.195258 -0.779469 0.595233
    outer loop
      vertex 1.02401 -3.37571 8.56127
      vertex 0.688203 -3.45983 8.56127
      vertex 1.04438 -3.44284 8.46668
    endloop
  endfacet
  facet normal 0.195252 -0.779489 0.595209
    outer loop
      vertex 1.04438 -3.44284 8.46668
      vertex 0.688203 -3.45983 8.56127
      vertex 0.701888 -3.52863 8.46668
    endloop
  endfacet
  facet normal 0.270869 -0.200889 0.941421
    outer loop
      vertex 2.45146 -1.63801 8.94833
      vertex 2.36481 -1.94075 8.90866
      vertex 2.54365 -1.69961 8.90866
    endloop
  endfacet
  facet normal 0.289255 -0.173373 0.941421
    outer loop
      vertex 2.69799 -1.44211 8.90866
      vertex 2.45146 -1.63801 8.94833
      vertex 2.54365 -1.69961 8.90866
    endloop
  endfacet
  facet normal 0.539738 -0.400296 0.740571
    outer loop
      vertex 2.7948 -1.86742 8.72761
      vertex 2.5983 -2.13237 8.72761
      vertex 2.86735 -1.9159 8.64853
    endloop
  endfacet
  facet normal 0.539747 -0.400312 0.740556
    outer loop
      vertex 2.86735 -1.9159 8.64853
      vertex 2.5983 -2.13237 8.72761
      vertex 2.66575 -2.18772 8.64853
    endloop
  endfacet
  facet normal 0.726417 -0.343578 0.595208
    outer loop
      vertex 3.25909 -1.34996 8.56127
      vertex 3.17294 -1.69597 8.46668
      vertex 3.3239 -1.3768 8.46668
    endloop
  endfacet
  facet normal 0.775613 -0.366847 0.513662
    outer loop
      vertex 3.3239 -1.3768 8.46668
      vertex 3.17294 -1.69597 8.46668
      vertex 3.37983 -1.39997 8.36568
    endloop
  endfacet
  facet normal 0.561306 -0.200847 0.802868
    outer loop
      vertex 3.21654 -0.975725 8.72761
      vertex 3.01802 -1.25011 8.79776
      vertex 3.10541 -1.2863 8.72761
    endloop
  endfacet
  facet normal 0.698065 -0.249757 0.671064
    outer loop
      vertex 3.30004 -1.00105 8.64853
      vertex 3.25909 -1.34996 8.56127
      vertex 3.37571 -1.02401 8.56127
    endloop
  endfacet
  facet normal 0.635888 -0.381121 0.671114
    outer loop
      vertex 3.04133 -1.62562 8.64853
      vertex 2.86735 -1.9159 8.64853
      vertex 3.11108 -1.6629 8.56127
    endloop
  endfacet
  facet normal 0.607485 -0.287311 0.74055
    outer loop
      vertex 3.10541 -1.2863 8.72761
      vertex 3.04133 -1.62562 8.64853
      vertex 3.18602 -1.31969 8.64853
    endloop
  endfacet
  facet normal 0.56129 -0.200831 0.802882
    outer loop
      vertex 3.12602 -0.948268 8.79776
      vertex 3.01802 -1.25011 8.79776
      vertex 3.21654 -0.975725 8.72761
    endloop
  endfacet
  facet normal 0.484465 -0.173343 0.857465
    outer loop
      vertex 3.02936 -0.918947 8.8583
      vertex 3.01802 -1.25011 8.79776
      vertex 3.12602 -0.948268 8.79776
    endloop
  endfacet
  facet normal 0.802594 -0.0394141 0.595222
    outer loop
      vertex 3.52761 0 8.56127
      vertex 3.51063 -0.345766 8.56127
      vertex 3.59776 0 8.46668
    endloop
  endfacet
  facet normal 0.671199 -0.0329629 0.740544
    outer loop
      vertex 3.36127 0 8.72761
      vertex 3.34509 -0.329462 8.72761
      vertex 3.43192 -0.338015 8.64853
    endloop
  endfacet
  facet normal 0.589706 -0.0874738 0.802867
    outer loop
      vertex 3.34509 -0.329462 8.72761
      vertex 3.20392 -0.637298 8.79776
      vertex 3.29669 -0.655751 8.72761
    endloop
  endfacet
  facet normal 0.589675 -0.0874541 0.802892
    outer loop
      vertex 3.25095 -0.32019 8.79776
      vertex 3.20392 -0.637298 8.79776
      vertex 3.34509 -0.329462 8.72761
    endloop
  endfacet
  facet normal 0.0486107 -0.00721097 0.998792
    outer loop
      vertex 2.58748 -0.254844 9
      vertex 2.55004 -0.507235 9
      vertex 2.70453 -0.266373 8.99422
    endloop
  endfacet
  facet normal 0.0486093 -0.00721011 0.998792
    outer loop
      vertex 2.70453 -0.266373 8.99422
      vertex 2.55004 -0.507235 9
      vertex 2.6654 -0.530181 8.99422
    endloop
  endfacet
  facet normal 0.235933 -0.0590954 0.969971
    outer loop
      vertex 2.89169 -0.575192 8.94833
      vertex 2.77965 -0.552907 8.97694
      vertex 2.82139 -0.855858 8.94833
    endloop
  endfacet
  facet normal 0.415219 -0.104013 0.903756
    outer loop
      vertex 3.10485 -0.617592 8.8583
      vertex 3.00044 -0.596824 8.90866
      vertex 3.02936 -0.918947 8.8583
    endloop
  endfacet
  facet normal 0.333564 0.0494781 0.941428
    outer loop
      vertex 3.00044 0.596824 8.90866
      vertex 2.93414 0.288987 8.94833
      vertex 3.04449 0.299855 8.90866
    endloop
  endfacet
  facet normal 0.240598 0.0356897 0.969968
    outer loop
      vertex 2.93414 0.288987 8.94833
      vertex 2.77965 0.552907 8.97694
      vertex 2.82046 0.277791 8.97694
    endloop
  endfacet
  facet normal 0.327117 0.0819347 0.941425
    outer loop
      vertex 3.00044 0.596824 8.90866
      vertex 2.82139 0.855858 8.94833
      vertex 2.89169 0.575192 8.94833
    endloop
  endfacet
  facet normal 0.208626 0.125048 0.969968
    outer loop
      vertex 2.6002 1.38984 8.94833
      vertex 2.35647 1.57455 8.97694
      vertex 2.49946 1.33599 8.97694
    endloop
  endfacet
  facet normal 0.0486093 0.00721011 0.998792
    outer loop
      vertex 2.6654 0.530181 8.99422
      vertex 2.55004 0.507235 9
      vertex 2.70453 0.266373 8.99422
    endloop
  endfacet
  facet normal 0.423415 -0.062806 0.903756
    outer loop
      vertex 3.04449 -0.299855 8.90866
      vertex 3.00044 -0.596824 8.90866
      vertex 3.10485 -0.617592 8.8583
    endloop
  endfacet
  facet normal 0.333564 -0.0494781 0.941428
    outer loop
      vertex 3.04449 -0.299855 8.90866
      vertex 2.93414 -0.288987 8.94833
      vertex 3.00044 -0.596824 8.90866
    endloop
  endfacet
  facet normal 0.511336 -0.30648 0.802873
    outer loop
      vertex 2.88096 -1.5399 8.79776
      vertex 2.7948 -1.86742 8.72761
      vertex 2.96438 -1.58449 8.72761
    endloop
  endfacet
  facet normal 0.538914 -0.254886 0.802873
    outer loop
      vertex 3.01802 -1.25011 8.79776
      vertex 2.88096 -1.5399 8.79776
      vertex 2.96438 -1.58449 8.72761
    endloop
  endfacet
  facet normal 0.441315 -0.264531 0.857475
    outer loop
      vertex 2.79188 -1.49229 8.8583
      vertex 2.63216 -1.75875 8.8583
      vertex 2.71615 -1.81487 8.79776
    endloop
  endfacet
  facet normal 0.367136 -0.220067 0.90376
    outer loop
      vertex 2.69799 -1.44211 8.90866
      vertex 2.63216 -1.75875 8.8583
      vertex 2.79188 -1.49229 8.8583
    endloop
  endfacet
  facet normal 0.254992 -0.343824 0.90375
    outer loop
      vertex 1.94075 -2.36481 8.90866
      vertex 1.75875 -2.63216 8.8583
      vertex 2.00828 -2.4471 8.8583
    endloop
  endfacet
  facet normal 0.254997 -0.343827 0.903747
    outer loop
      vertex 1.94075 -2.36481 8.90866
      vertex 1.69961 -2.54365 8.90866
      vertex 1.75875 -2.63216 8.8583
    endloop
  endfacet
  facet normal 0.264536 -0.441353 0.857454
    outer loop
      vertex 1.81487 -2.71615 8.79776
      vertex 1.49229 -2.79188 8.8583
      vertex 1.5399 -2.88096 8.79776
    endloop
  endfacet
  facet normal 0.264531 -0.441315 0.857475
    outer loop
      vertex 1.75875 -2.63216 8.8583
      vertex 1.49229 -2.79188 8.8583
      vertex 1.81487 -2.71615 8.79776
    endloop
  endfacet
  facet normal 0.0875164 -0.118001 0.989149
    outer loop
      vertex 1.72404 -2.10075 8.99422
      vertex 1.50983 -2.25962 8.99422
      vertex 1.57455 -2.35647 8.97694
    endloop
  endfacet
  facet normal 0.103996 -0.219879 0.969968
    outer loop
      vertex 1.33599 -2.49946 8.97694
      vertex 1.12828 -2.72391 8.94833
      vertex 1.38984 -2.6002 8.94833
    endloop
  endfacet
  facet normal 0.163335 -0.180206 0.969973
    outer loop
      vertex 2.08479 -2.08479 8.94833
      vertex 1.79794 -2.19079 8.97694
      vertex 1.87041 -2.2791 8.94833
    endloop
  endfacet
  facet normal 0.163345 -0.180233 0.969966
    outer loop
      vertex 2.00402 -2.00402 8.97694
      vertex 1.79794 -2.19079 8.97694
      vertex 2.08479 -2.08479 8.94833
    endloop
  endfacet
  facet normal 0.0628104 -0.132805 0.98915
    outer loop
      vertex 1.33599 -2.49946 8.97694
      vertex 1.03999 -2.51075 8.99422
      vertex 1.08457 -2.61837 8.97694
    endloop
  endfacet
  facet normal 0.0494925 -0.138321 0.98915
    outer loop
      vertex 1.03999 -2.51075 8.99422
      vertex 0.822698 -2.71207 8.97694
      vertex 1.08457 -2.61837 8.97694
    endloop
  endfacet
  facet normal 0.47867 -0.645399 0.59526
    outer loop
      vertex 2.23789 -2.72688 8.56127
      vertex 1.95984 -2.9331 8.56127
      vertex 2.2824 -2.78111 8.46668
    endloop
  endfacet
  facet normal 0.441646 -0.595479 0.671083
    outer loop
      vertex 2.23789 -2.72688 8.56127
      vertex 1.9159 -2.86735 8.64853
      vertex 1.95984 -2.9331 8.56127
    endloop
  endfacet
  facet normal 0.940548 0.0462082 0.336504
    outer loop
      vertex 3.73028 0.3674 8.14834
      vertex 3.70866 0 8.25922
      vertex 3.74833 0 8.14834
    endloop
  endfacet
  facet normal 0.940545 0.0462108 0.336512
    outer loop
      vertex 3.73028 0.3674 8.14834
      vertex 3.6908 0.363511 8.25922
      vertex 3.70866 0 8.25922
    endloop
  endfacet
  facet normal 0.968938 -0.047603 0.24268
    outer loop
      vertex 3.74833 0 8.14834
      vertex 3.73028 -0.3674 8.14834
      vertex 3.77694 0 8.03411
    endloop
  endfacet
  facet normal 0.940548 -0.0462082 0.336504
    outer loop
      vertex 3.74833 0 8.14834
      vertex 3.70866 0 8.25922
      vertex 3.73028 -0.3674 8.14834
    endloop
  endfacet
  facet normal 0.0590968 0.235925 0.969973
    outer loop
      vertex 0.855858 2.82139 8.94833
      vertex 0.552907 2.77965 8.97694
      vertex 0.822698 2.71207 8.97694
    endloop
  endfacet
  facet normal 0.0590954 0.235933 0.969971
    outer loop
      vertex 0.575192 2.89169 8.94833
      vertex 0.552907 2.77965 8.97694
      vertex 0.855858 2.82139 8.94833
    endloop
  endfacet
  facet normal 0.0215543 0.145315 0.989151
    outer loop
      vertex 0.277791 2.82046 8.97694
      vertex 0.266373 2.70453 8.99422
      vertex 0.530181 2.6654 8.99422
    endloop
  endfacet
  facet normal 0.00721046 0.146728 0.989151
    outer loop
      vertex 0.277791 2.82046 8.97694
      vertex 0 2.71762 8.99422
      vertex 0.266373 2.70453 8.99422
    endloop
  endfacet
  facet normal 0.138188 0.931481 0.336522
    outer loop
      vertex 0.731262 3.6763 8.14834
      vertex 0.3674 3.73028 8.14834
      vertex 0.723522 3.63739 8.25922
    endloop
  endfacet
  facet normal 0.138192 0.931484 0.336512
    outer loop
      vertex 0.3674 3.73028 8.14834
      vertex 0.363511 3.6908 8.25922
      vertex 0.723522 3.63739 8.25922
    endloop
  endfacet
  facet normal 0.306479 0.511332 0.802876
    outer loop
      vertex 1.86742 2.7948 8.72761
      vertex 1.5399 2.88096 8.79776
      vertex 1.81487 2.71615 8.79776
    endloop
  endfacet
  facet normal 0.183007 0.386943 0.903761
    outer loop
      vertex 1.49229 2.79188 8.8583
      vertex 1.17071 2.82635 8.90866
      vertex 1.44211 2.69799 8.90866
    endloop
  endfacet
  facet normal 0.345474 0.576394 0.740552
    outer loop
      vertex 1.62562 3.04133 8.64853
      vertex 1.58449 2.96438 8.72761
      vertex 1.86742 2.7948 8.72761
    endloop
  endfacet
  facet normal 0.47867 0.645399 0.59526
    outer loop
      vertex 2.2824 2.78111 8.46668
      vertex 1.95984 2.9331 8.56127
      vertex 2.23789 2.72688 8.56127
    endloop
  endfacet
  facet normal 0.220067 0.367136 0.90376
    outer loop
      vertex 1.49229 2.79188 8.8583
      vertex 1.44211 2.69799 8.90866
      vertex 1.75875 2.63216 8.8583
    endloop
  endfacet
  facet normal 0.264531 0.441315 0.857475
    outer loop
      vertex 1.81487 2.71615 8.79776
      vertex 1.49229 2.79188 8.8583
      vertex 1.75875 2.63216 8.8583
    endloop
  endfacet
  facet normal 0.413126 0.689255 0.595194
    outer loop
      vertex 1.69597 3.17294 8.46668
      vertex 1.6629 3.11108 8.56127
      vertex 1.95984 2.9331 8.56127
    endloop
  endfacet
  facet normal 0.441646 0.595477 0.671085
    outer loop
      vertex 2.23789 2.72688 8.56127
      vertex 1.9159 2.86735 8.64853
      vertex 2.18772 2.66575 8.64853
    endloop
  endfacet
  facet normal 0.539644 0.595424 0.595193
    outer loop
      vertex 2.544 2.544 8.46668
      vertex 2.23789 2.72688 8.56127
      vertex 2.4944 2.4944 8.56127
    endloop
  endfacet
  facet normal 0.497869 0.54933 0.671091
    outer loop
      vertex 2.4944 2.4944 8.56127
      vertex 2.23789 2.72688 8.56127
      vertex 2.43848 2.43848 8.64853
    endloop
  endfacet
  facet normal 0.549332 0.497873 0.671086
    outer loop
      vertex 2.72688 2.23789 8.56127
      vertex 2.43848 2.43848 8.64853
      vertex 2.66575 2.18772 8.64853
    endloop
  endfacet
  facet normal 0.497904 0.451273 0.74057
    outer loop
      vertex 2.43848 2.43848 8.64853
      vertex 2.37678 2.37678 8.72761
      vertex 2.5983 2.13237 8.72761
    endloop
  endfacet
  facet normal 0.24987 0.226483 0.941419
    outer loop
      vertex 2.16319 2.16319 8.90866
      vertex 2.08479 2.08479 8.94833
      vertex 2.36481 1.94075 8.90866
    endloop
  endfacet
  facet normal 0.254992 0.343824 0.90375
    outer loop
      vertex 2.00828 2.4471 8.8583
      vertex 1.75875 2.63216 8.8583
      vertex 1.94075 2.36481 8.90866
    endloop
  endfacet
  facet normal 0.381269 0.345559 0.857451
    outer loop
      vertex 2.30989 2.30989 8.79776
      vertex 2.23847 2.23847 8.8583
      vertex 2.4471 2.00828 8.8583
    endloop
  endfacet
  facet normal 0.287478 0.317164 0.90375
    outer loop
      vertex 2.00828 2.4471 8.8583
      vertex 1.94075 2.36481 8.90866
      vertex 2.16319 2.16319 8.90866
    endloop
  endfacet
  facet normal -0.226483 0.24987 0.941419
    outer loop
      vertex -1.94075 2.36481 8.90866
      vertex -2.16319 2.16319 8.90866
      vertex -2.08479 2.08479 8.94833
    endloop
  endfacet
  facet normal -0.24987 0.226483 0.941419
    outer loop
      vertex -2.16319 2.16319 8.90866
      vertex -2.36481 1.94075 8.90866
      vertex -2.08479 2.08479 8.94833
    endloop
  endfacet
  facet normal -0.635906 0.381149 0.671081
    outer loop
      vertex -2.9331 1.95984 8.56127
      vertex -3.11108 1.6629 8.56127
      vertex -2.86735 1.9159 8.64853
    endloop
  endfacet
  facet normal -0.595479 0.441646 0.671083
    outer loop
      vertex -2.72688 2.23789 8.56127
      vertex -2.9331 1.95984 8.56127
      vertex -2.86735 1.9159 8.64853
    endloop
  endfacet
  facet normal 0.607248 0.669955 0.427094
    outer loop
      vertex 2.62241 2.62241 8.25922
      vertex 2.35275 2.86683 8.25922
      vertex 2.58681 2.58681 8.36568
    endloop
  endfacet
  facet normal 0.607213 0.669949 0.427154
    outer loop
      vertex 2.35275 2.86683 8.25922
      vertex 2.3208 2.82791 8.36568
      vertex 2.58681 2.58681 8.36568
    endloop
  endfacet
  facet normal 0.163345 0.180233 0.969966
    outer loop
      vertex 2.08479 2.08479 8.94833
      vertex 1.79794 2.19079 8.97694
      vertex 2.00402 2.00402 8.97694
    endloop
  endfacet
  facet normal 0.0986585 0.108859 0.989149
    outer loop
      vertex 1.79794 2.19079 8.97694
      vertex 1.72404 2.10075 8.99422
      vertex 2.00402 2.00402 8.97694
    endloop
  endfacet
  facet normal 0.0364114 0.0330008 0.998792
    outer loop
      vertex 1.92165 1.92165 8.99422
      vertex 1.83848 1.83848 9
      vertex 2.10075 1.72404 8.99422
    endloop
  endfacet
  facet normal 0.108853 0.0986564 0.98915
    outer loop
      vertex 2.00402 2.00402 8.97694
      vertex 1.92165 1.92165 8.99422
      vertex 2.10075 1.72404 8.99422
    endloop
  endfacet
  facet normal 0.219879 0.103996 0.969968
    outer loop
      vertex 2.6002 1.38984 8.94833
      vertex 2.49946 1.33599 8.97694
      vertex 2.72391 1.12828 8.94833
    endloop
  endfacet
  facet normal 0.304839 0.144179 0.941427
    outer loop
      vertex 2.69799 1.44211 8.90866
      vertex 2.6002 1.38984 8.94833
      vertex 2.72391 1.12828 8.94833
    endloop
  endfacet
  facet normal 0.333573 0.0494756 0.941425
    outer loop
      vertex 3.00044 0.596824 8.90866
      vertex 2.89169 0.575192 8.94833
      vertex 2.93414 0.288987 8.94833
    endloop
  endfacet
  facet normal 0.508986 0.0754872 0.857459
    outer loop
      vertex 3.20392 0.637298 8.79776
      vertex 3.15043 0.31029 8.8583
      vertex 3.25095 0.32019 8.79776
    endloop
  endfacet
  facet normal 0.336817 -0.0165457 0.941425
    outer loop
      vertex 3.05922 0 8.90866
      vertex 2.94834 0 8.94833
      vertex 3.04449 -0.299855 8.90866
    endloop
  endfacet
  facet normal 0.427517 -0.0210013 0.903763
    outer loop
      vertex 3.05922 0 8.90866
      vertex 3.04449 -0.299855 8.90866
      vertex 3.16568 0 8.8583
    endloop
  endfacet
  facet normal 0.240589 0.0356843 0.969971
    outer loop
      vertex 2.89169 0.575192 8.94833
      vertex 2.77965 0.552907 8.97694
      vertex 2.93414 0.288987 8.94833
    endloop
  endfacet
  facet normal 0.242938 0.0119373 0.969968
    outer loop
      vertex 2.93414 0.288987 8.94833
      vertex 2.82046 0.277791 8.97694
      vertex 2.94834 0 8.94833
    endloop
  endfacet
  facet normal 0.560958 -0.756367 0.336503
    outer loop
      vertex 2.35275 -2.86683 8.25922
      vertex 2.08246 -3.11662 8.14834
      vertex 2.37791 -2.8975 8.14834
    endloop
  endfacet
  facet normal 0.632391 -0.697747 0.336498
    outer loop
      vertex 2.65047 -2.65047 8.14834
      vertex 2.35275 -2.86683 8.25922
      vertex 2.37791 -2.8975 8.14834
    endloop
  endfacet
  facet normal 0.941033 0.235695 0.242704
    outer loop
      vertex 3.61431 1.09639 8.03411
      vertex 3.58693 1.08808 8.14834
      vertex 3.6763 0.731262 8.14834
    endloop
  endfacet
  facet normal 0.968942 0.0476089 0.242662
    outer loop
      vertex 3.75875 0.370205 8.03411
      vertex 3.73028 0.3674 8.14834
      vertex 3.77694 0 8.03411
    endloop
  endfacet
  facet normal 0.807819 0.289038 0.513697
    outer loop
      vertex 3.50078 1.06195 8.36568
      vertex 3.3239 1.3768 8.46668
      vertex 3.44284 1.04438 8.46668
    endloop
  endfacet
  facet normal 0.756579 0.270704 0.595237
    outer loop
      vertex 3.44284 1.04438 8.46668
      vertex 3.3239 1.3768 8.46668
      vertex 3.37571 1.02401 8.56127
    endloop
  endfacet
  facet normal 0.931481 0.138188 0.336522
    outer loop
      vertex 3.6763 0.731262 8.14834
      vertex 3.63739 0.723522 8.25922
      vertex 3.73028 0.3674 8.14834
    endloop
  endfacet
  facet normal 0.959608 0.142361 0.242663
    outer loop
      vertex 3.75875 0.370205 8.03411
      vertex 3.6763 0.731262 8.14834
      vertex 3.73028 0.3674 8.14834
    endloop
  endfacet
  facet normal 0.832267 0.208467 0.513685
    outer loop
      vertex 3.58801 0.713699 8.36568
      vertex 3.50078 1.06195 8.36568
      vertex 3.52863 0.701888 8.46668
    endloop
  endfacet
  facet normal 0.802594 0.0394141 0.595222
    outer loop
      vertex 3.59776 0 8.46668
      vertex 3.51063 0.345766 8.56127
      vertex 3.52761 0 8.56127
    endloop
  endfacet
  facet normal 0.802604 -0.0394198 0.595209
    outer loop
      vertex 3.59776 0 8.46668
      vertex 3.51063 -0.345766 8.56127
      vertex 3.58044 -0.352642 8.46668
    endloop
  endfacet
  facet normal 0.848691 0.125902 0.513686
    outer loop
      vertex 3.58801 0.713699 8.36568
      vertex 3.52863 0.701888 8.46668
      vertex 3.58044 0.352642 8.46668
    endloop
  endfacet
  facet normal 0.931377 0.33326 0.146544
    outer loop
      vertex 3.5054 1.45199 7.91762
      vertex 3.48944 1.44537 8.03411
      vertex 3.61431 1.09639 8.03411
    endloop
  endfacet
  facet normal 0.894224 0.422949 0.146551
    outer loop
      vertex 3.5054 1.45199 7.91762
      vertex 3.3462 1.78858 7.91762
      vertex 3.48944 1.44537 8.03411
    endloop
  endfacet
  facet normal 0.817378 0.386576 0.427144
    outer loop
      vertex 3.42635 1.41924 8.25922
      vertex 3.22634 1.72451 8.36568
      vertex 3.37983 1.39997 8.36568
    endloop
  endfacet
  facet normal 0.645399 0.47867 0.59526
    outer loop
      vertex 2.78111 2.2824 8.46668
      vertex 2.72688 2.23789 8.56127
      vertex 2.9331 1.95984 8.56127
    endloop
  endfacet
  facet normal 0.817388 0.386595 0.427107
    outer loop
      vertex 3.27074 1.74825 8.25922
      vertex 3.22634 1.72451 8.36568
      vertex 3.42635 1.41924 8.25922
    endloop
  endfacet
  facet normal 0.851262 0.402616 0.336531
    outer loop
      vertex 3.30573 1.76695 8.14834
      vertex 3.27074 1.74825 8.25922
      vertex 3.42635 1.41924 8.25922
    endloop
  endfacet
  facet normal 0.689156 0.511102 0.513652
    outer loop
      vertex 2.82791 2.3208 8.36568
      vertex 2.78111 2.2824 8.46668
      vertex 2.99143 1.99881 8.46668
    endloop
  endfacet
  facet normal 0.735928 0.441085 0.513667
    outer loop
      vertex 3.04177 2.03244 8.36568
      vertex 2.99143 1.99881 8.46668
      vertex 3.17294 1.69597 8.46668
    endloop
  endfacet
  facet normal 0.664708 0.0985993 0.740568
    outer loop
      vertex 3.38227 0.672774 8.64853
      vertex 3.29669 0.655751 8.72761
      vertex 3.34509 0.329462 8.72761
    endloop
  endfacet
  facet normal 0.589706 0.0874738 0.802867
    outer loop
      vertex 3.29669 0.655751 8.72761
      vertex 3.20392 0.637298 8.79776
      vertex 3.34509 0.329462 8.72761
    endloop
  endfacet
  facet normal 0.594992 -0.802238 0.0489769
    outer loop
      vertex 2.40703 -2.93297 7.91762
      vertex 2.10796 -3.15478 7.91762
      vertex 2.11117 -3.15958 7.8
    endloop
  endfacet
  facet normal 0.594985 -0.802242 0.0490024
    outer loop
      vertex 2.40703 -2.93297 7.91762
      vertex 2.11117 -3.15958 7.8
      vertex 2.41069 -2.93744 7.8
    endloop
  endfacet
  facet normal 0.67016 -0.316963 0.671133
    outer loop
      vertex 3.18602 -1.31969 8.64853
      vertex 3.11108 -1.6629 8.56127
      vertex 3.25909 -1.34996 8.56127
    endloop
  endfacet
  facet normal 0.697996 -0.249766 0.671132
    outer loop
      vertex 3.30004 -1.00105 8.64853
      vertex 3.18602 -1.31969 8.64853
      vertex 3.25909 -1.34996 8.56127
    endloop
  endfacet
  facet normal 0.386958 -0.183007 0.903754
    outer loop
      vertex 2.82635 -1.17071 8.90866
      vertex 2.79188 -1.49229 8.8583
      vertex 2.9247 -1.21145 8.8583
    endloop
  endfacet
  facet normal 0.465138 -0.219982 0.85747
    outer loop
      vertex 2.9247 -1.21145 8.8583
      vertex 2.79188 -1.49229 8.8583
      vertex 3.01802 -1.25011 8.79776
    endloop
  endfacet
  facet normal 0.327117 -0.0819347 0.941425
    outer loop
      vertex 2.89169 -0.575192 8.94833
      vertex 2.82139 -0.855858 8.94833
      vertex 3.00044 -0.596824 8.90866
    endloop
  endfacet
  facet normal 0.333573 -0.0494756 0.941425
    outer loop
      vertex 2.93414 -0.288987 8.94833
      vertex 2.89169 -0.575192 8.94833
      vertex 3.00044 -0.596824 8.90866
    endloop
  endfacet
  facet normal 0.0755298 -0.126011 0.989149
    outer loop
      vertex 1.50983 -2.25962 8.99422
      vertex 1.33599 -2.49946 8.97694
      vertex 1.57455 -2.35647 8.97694
    endloop
  endfacet
  facet normal 0.125048 -0.208626 0.969968
    outer loop
      vertex 1.57455 -2.35647 8.97694
      vertex 1.33599 -2.49946 8.97694
      vertex 1.38984 -2.6002 8.94833
    endloop
  endfacet
  facet normal 0.497869 -0.54933 0.671091
    outer loop
      vertex 2.43848 -2.43848 8.64853
      vertex 2.23789 -2.72688 8.56127
      vertex 2.4944 -2.4944 8.56127
    endloop
  endfacet
  facet normal 0.497873 -0.549332 0.671086
    outer loop
      vertex 2.43848 -2.43848 8.64853
      vertex 2.18772 -2.66575 8.64853
      vertex 2.23789 -2.72688 8.56127
    endloop
  endfacet
  facet normal 0.931484 -0.138192 0.336512
    outer loop
      vertex 3.6908 -0.363511 8.25922
      vertex 3.63739 -0.723522 8.25922
      vertex 3.73028 -0.3674 8.14834
    endloop
  endfacet
  facet normal 0.940545 -0.0462108 0.336512
    outer loop
      vertex 3.70866 0 8.25922
      vertex 3.6908 -0.363511 8.25922
      vertex 3.73028 -0.3674 8.14834
    endloop
  endfacet
  facet normal 0.988006 -0.0485456 0.146587
    outer loop
      vertex 3.77694 0 8.03411
      vertex 3.75875 -0.370205 8.03411
      vertex 3.77595 -0.371899 7.91762
    endloop
  endfacet
  facet normal 0.968942 -0.0476089 0.242662
    outer loop
      vertex 3.77694 0 8.03411
      vertex 3.73028 -0.3674 8.14834
      vertex 3.75875 -0.370205 8.03411
    endloop
  endfacet
  facet normal 0.40033 0.441696 0.802895
    outer loop
      vertex 2.37678 2.37678 8.72761
      vertex 2.13237 2.5983 8.72761
      vertex 2.30989 2.30989 8.79776
    endloop
  endfacet
  facet normal 0.451279 0.497922 0.740555
    outer loop
      vertex 2.18772 2.66575 8.64853
      vertex 2.13237 2.5983 8.72761
      vertex 2.43848 2.43848 8.64853
    endloop
  endfacet
  facet normal 0.381149 0.635906 0.671081
    outer loop
      vertex 1.95984 2.9331 8.56127
      vertex 1.6629 3.11108 8.56127
      vertex 1.9159 2.86735 8.64853
    endloop
  endfacet
  facet normal 0.381121 0.635888 0.671114
    outer loop
      vertex 1.6629 3.11108 8.56127
      vertex 1.62562 3.04133 8.64853
      vertex 1.9159 2.86735 8.64853
    endloop
  endfacet
  facet normal 0.441087 0.735893 0.513716
    outer loop
      vertex 1.72451 3.22634 8.36568
      vertex 1.69597 3.17294 8.46668
      vertex 2.03244 3.04177 8.36568
    endloop
  endfacet
  facet normal 0.511101 0.689148 0.513664
    outer loop
      vertex 2.03244 3.04177 8.36568
      vertex 1.99881 2.99143 8.46668
      vertex 2.3208 2.82791 8.36568
    endloop
  endfacet
  facet normal 0.367136 0.220067 0.90376
    outer loop
      vertex 2.79188 1.49229 8.8583
      vertex 2.63216 1.75875 8.8583
      vertex 2.69799 1.44211 8.90866
    endloop
  endfacet
  facet normal 0.413285 0.306517 0.857463
    outer loop
      vertex 2.52518 2.07236 8.79776
      vertex 2.4471 2.00828 8.8583
      vertex 2.71615 1.81487 8.79776
    endloop
  endfacet
  facet normal 0 0 1
    outer loop
      vertex 2.58748 0.254844 9
      vertex 2.58748 -0.254844 9
      vertex 2.6 0 9
    endloop
  endfacet
  facet normal 0 0 1
    outer loop
      vertex 2.55004 0.507235 9
      vertex 2.58748 -0.254844 9
      vertex 2.58748 0.254844 9
    endloop
  endfacet
  facet normal 0 0 1
    outer loop
      vertex 2.55004 0.507235 9
      vertex 2.55004 -0.507235 9
      vertex 2.58748 -0.254844 9
    endloop
  endfacet
  facet normal 0 0 1
    outer loop
      vertex 2.48804 0.75474 9
      vertex 2.55004 -0.507235 9
      vertex 2.55004 0.507235 9
    endloop
  endfacet
  facet normal 0 0 1
    outer loop
      vertex 2.48804 0.75474 9
      vertex 2.48804 -0.75474 9
      vertex 2.55004 -0.507235 9
    endloop
  endfacet
  facet normal 0 0 1
    outer loop
      vertex 2.40209 0.994976 9
      vertex 2.48804 -0.75474 9
      vertex 2.48804 0.75474 9
    endloop
  endfacet
  facet normal 0 0 1
    outer loop
      vertex 2.40209 0.994976 9
      vertex 2.40209 -0.994976 9
      vertex 2.48804 -0.75474 9
    endloop
  endfacet
  facet normal 0 0 1
    outer loop
      vertex 2.29299 1.22563 9
      vertex 2.40209 -0.994976 9
      vertex 2.40209 0.994976 9
    endloop
  endfacet
  facet normal 0 0 1
    outer loop
      vertex 2.29299 1.22563 9
      vertex 2.29299 -1.22563 9
      vertex 2.40209 -0.994976 9
    endloop
  endfacet
  facet normal 0 0 1
    outer loop
      vertex 2.16182 1.44448 9
      vertex 2.29299 -1.22563 9
      vertex 2.29299 1.22563 9
    endloop
  endfacet
  facet normal 0 0 1
    outer loop
      vertex 2.16182 1.44448 9
      vertex 2.16182 -1.44448 9
      vertex 2.29299 -1.22563 9
    endloop
  endfacet
  facet normal 0 0 1
    outer loop
      vertex 2.00983 1.64942 9
      vertex 2.16182 -1.44448 9
      vertex 2.16182 1.44448 9
    endloop
  endfacet
  facet normal 0 0 1
    outer loop
      vertex 2.00983 1.64942 9
      vertex 2.00983 -1.64942 9
      vertex 2.16182 -1.44448 9
    endloop
  endfacet
  facet normal 0 0 1
    outer loop
      vertex 1.83848 1.83848 9
      vertex 2.00983 -1.64942 9
      vertex 2.00983 1.64942 9
    endloop
  endfacet
  facet normal 0 0 1
    outer loop
      vertex 1.83848 1.83848 9
      vertex 1.83848 -1.83848 9
      vertex 2.00983 -1.64942 9
    endloop
  endfacet
  facet normal 0 0 1
    outer loop
      vertex 1.64942 2.00983 9
      vertex 1.83848 -1.83848 9
      vertex 1.83848 1.83848 9
    endloop
  endfacet
  facet normal 0 0 1
    outer loop
      vertex 1.64942 2.00983 9
      vertex 1.64942 -2.00983 9
      vertex 1.83848 -1.83848 9
    endloop
  endfacet
  facet normal 0 0 1
    outer loop
      vertex 1.44448 2.16182 9
      vertex 1.64942 -2.00983 9
      vertex 1.64942 2.00983 9
    endloop
  endfacet
  facet normal 0 0 1
    outer loop
      vertex 1.44448 2.16182 9
      vertex 1.44448 -2.16182 9
      vertex 1.64942 -2.00983 9
    endloop
  endfacet
  facet normal 0 0 1
    outer loop
      vertex 1.22563 2.29299 9
      vertex 1.44448 -2.16182 9
      vertex 1.44448 2.16182 9
    endloop
  endfacet
  facet normal 0 0 1
    outer loop
      vertex 1.22563 2.29299 9
      vertex 1.22563 -2.29299 9
      vertex 1.44448 -2.16182 9
    endloop
  endfacet
  facet normal 0 0 1
    outer loop
      vertex 0.994976 2.40209 9
      vertex 1.22563 -2.29299 9
      vertex 1.22563 2.29299 9
    endloop
  endfacet
  facet normal 0 0 1
    outer loop
      vertex 0.994976 2.40209 9
      vertex 0.994976 -2.40209 9
      vertex 1.22563 -2.29299 9
    endloop
  endfacet
  facet normal 0 0 1
    outer loop
      vertex 0.75474 2.48804 9
      vertex 0.994976 -2.40209 9
      vertex 0.994976 2.40209 9
    endloop
  endfacet
  facet normal 0 0 1
    outer loop
      vertex 0.75474 2.48804 9
      vertex 0.75474 -2.48804 9
      vertex 0.994976 -2.40209 9
    endloop
  endfacet
  facet normal 0 0 1
    outer loop
      vertex 0.507235 2.55004 9
      vertex 0.75474 -2.48804 9
      vertex 0.75474 2.48804 9
    endloop
  endfacet
  facet normal 0 0 1
    outer loop
      vertex 0.507235 2.55004 9
      vertex 0.507235 -2.55004 9
      vertex 0.75474 -2.48804 9
    endloop
  endfacet
  facet normal 0 0 1
    outer loop
      vertex 0.254844 2.58748 9
      vertex 0.507235 -2.55004 9
      vertex 0.507235 2.55004 9
    endloop
  endfacet
  facet normal 0 0 1
    outer loop
      vertex 0.254844 2.58748 9
      vertex 0.254844 -2.58748 9
      vertex 0.507235 -2.55004 9
    endloop
  endfacet
  facet normal 0 0 1
    outer loop
      vertex 0 2.6 9
      vertex 0.254844 -2.58748 9
      vertex 0.254844 2.58748 9
    endloop
  endfacet
  facet normal 0 0 1
    outer loop
      vertex 0 2.6 9
      vertex 0 -2.6 9
      vertex 0.254844 -2.58748 9
    endloop
  endfacet
  facet normal -0 0 1
    outer loop
      vertex -0.254844 2.58748 9
      vertex 0 -2.6 9
      vertex 0 2.6 9
    endloop
  endfacet
  facet normal 0 0 1
    outer loop
      vertex -0.254844 2.58748 9
      vertex -0.254844 -2.58748 9
      vertex 0 -2.6 9
    endloop
  endfacet
  facet normal -0 0 1
    outer loop
      vertex -0.507235 2.55004 9
      vertex -0.254844 -2.58748 9
      vertex -0.254844 2.58748 9
    endloop
  endfacet
  facet normal 0 0 1
    outer loop
      vertex -0.507235 2.55004 9
      vertex -0.507235 -2.55004 9
      vertex -0.254844 -2.58748 9
    endloop
  endfacet
  facet normal -0 0 1
    outer loop
      vertex -0.75474 2.48804 9
      vertex -0.507235 -2.55004 9
      vertex -0.507235 2.55004 9
    endloop
  endfacet
  facet normal 0 0 1
    outer loop
      vertex -0.75474 2.48804 9
      vertex -0.75474 -2.48804 9
      vertex -0.507235 -2.55004 9
    endloop
  endfacet
  facet normal -0 0 1
    outer loop
      vertex -0.994976 2.40209 9
      vertex -0.75474 -2.48804 9
      vertex -0.75474 2.48804 9
    endloop
  endfacet
  facet normal 0 0 1
    outer loop
      vertex -0.994976 2.40209 9
      vertex -0.994976 -2.40209 9
      vertex -0.75474 -2.48804 9
    endloop
  endfacet
  facet normal -0 0 1
    outer loop
      vertex -1.22563 2.29299 9
      vertex -0.994976 -2.40209 9
      vertex -0.994976 2.40209 9
    endloop
  endfacet
  facet normal 0 0 1
    outer loop
      vertex -1.22563 2.29299 9
      vertex -1.22563 -2.29299 9
      vertex -0.994976 -2.40209 9
    endloop
  endfacet
  facet normal -0 0 1
    outer loop
      vertex -1.44448 2.16182 9
      vertex -1.22563 -2.29299 9
      vertex -1.22563 2.29299 9
    endloop
  endfacet
  facet normal 0 0 1
    outer loop
      vertex -1.44448 2.16182 9
      vertex -1.44448 -2.16182 9
      vertex -1.22563 -2.29299 9
    endloop
  endfacet
  facet normal -0 0 1
    outer loop
      vertex -1.64942 2.00983 9
      vertex -1.44448 -2.16182 9
      vertex -1.44448 2.16182 9
    endloop
  endfacet
  facet normal 0 0 1
    outer loop
      vertex -1.64942 2.00983 9
      vertex -1.64942 -2.00983 9
      vertex -1.44448 -2.16182 9
    endloop
  endfacet
  facet normal -0 0 1
    outer loop
      vertex -1.83848 1.83848 9
      vertex -1.64942 -2.00983 9
      vertex -1.64942 2.00983 9
    endloop
  endfacet
  facet normal 0 0 1
    outer loop
      vertex -1.83848 1.83848 9
      vertex -1.83848 -1.83848 9
      vertex -1.64942 -2.00983 9
    endloop
  endfacet
  facet normal -0 0 1
    outer loop
      vertex -2.00983 1.64942 9
      vertex -1.83848 -1.83848 9
      vertex -1.83848 1.83848 9
    endloop
  endfacet
  facet normal 0 0 1
    outer loop
      vertex -2.00983 1.64942 9
      vertex -2.00983 -1.64942 9
      vertex -1.83848 -1.83848 9
    endloop
  endfacet
  facet normal -0 0 1
    outer loop
      vertex -2.16182 1.44448 9
      vertex -2.00983 -1.64942 9
      vertex -2.00983 1.64942 9
    endloop
  endfacet
  facet normal 0 0 1
    outer loop
      vertex -2.16182 1.44448 9
      vertex -2.16182 -1.44448 9
      vertex -2.00983 -1.64942 9
    endloop
  endfacet
  facet normal -0 0 1
    outer loop
      vertex -2.29299 1.22563 9
      vertex -2.16182 -1.44448 9
      vertex -2.16182 1.44448 9
    endloop
  endfacet
  facet normal 0 0 1
    outer loop
      vertex -2.29299 1.22563 9
      vertex -2.29299 -1.22563 9
      vertex -2.16182 -1.44448 9
    endloop
  endfacet
  facet normal -0 0 1
    outer loop
      vertex -2.40209 0.994976 9
      vertex -2.29299 -1.22563 9
      vertex -2.29299 1.22563 9
    endloop
  endfacet
  facet normal 0 0 1
    outer loop
      vertex -2.40209 0.994976 9
      vertex -2.40209 -0.994976 9
      vertex -2.29299 -1.22563 9
    endloop
  endfacet
  facet normal -0 0 1
    outer loop
      vertex -2.48804 0.75474 9
      vertex -2.40209 -0.994976 9
      vertex -2.40209 0.994976 9
    endloop
  endfacet
  facet normal 0 0 1
    outer loop
      vertex -2.48804 0.75474 9
      vertex -2.48804 -0.75474 9
      vertex -2.40209 -0.994976 9
    endloop
  endfacet
  facet normal -0 0 1
    outer loop
      vertex -2.55004 0.507235 9
      vertex -2.48804 -0.75474 9
      vertex -2.48804 0.75474 9
    endloop
  endfacet
  facet normal 0 0 1
    outer loop
      vertex -2.55004 0.507235 9
      vertex -2.55004 -0.507235 9
      vertex -2.48804 -0.75474 9
    endloop
  endfacet
  facet normal -0 0 1
    outer loop
      vertex -2.58748 0.254844 9
      vertex -2.55004 -0.507235 9
      vertex -2.55004 0.507235 9
    endloop
  endfacet
  facet normal 0 0 1
    outer loop
      vertex -2.58748 0.254844 9
      vertex -2.58748 -0.254844 9
      vertex -2.55004 -0.507235 9
    endloop
  endfacet
  facet normal 0 -0 1
    outer loop
      vertex -2.58748 -0.254844 9
      vertex -2.58748 0.254844 9
      vertex -2.6 0 9
    endloop
  endfacet
  facet normal 0.126011 0.0755298 0.989149
    outer loop
      vertex 2.35647 1.57455 8.97694
      vertex 2.25962 1.50983 8.99422
      vertex 2.49946 1.33599 8.97694
    endloop
  endfacet
  facet normal 0.118001 0.0875164 0.989149
    outer loop
      vertex 2.35647 1.57455 8.97694
      vertex 2.10075 1.72404 8.99422
      vertex 2.25962 1.50983 8.99422
    endloop
  endfacet
  facet normal 0.0986564 0.108853 0.98915
    outer loop
      vertex 2.00402 2.00402 8.97694
      vertex 1.72404 2.10075 8.99422
      vertex 1.92165 1.92165 8.99422
    endloop
  endfacet
  facet normal 0.0330008 0.0364114 0.998792
    outer loop
      vertex 1.92165 1.92165 8.99422
      vertex 1.72404 2.10075 8.99422
      vertex 1.83848 1.83848 9
    endloop
  endfacet
  facet normal 0.219873 0.10399 0.96997
    outer loop
      vertex 2.72391 1.12828 8.94833
      vertex 2.49946 1.33599 8.97694
      vertex 2.61837 1.08457 8.97694
    endloop
  endfacet
  facet normal 0.229006 0.0819401 0.96997
    outer loop
      vertex 2.72391 1.12828 8.94833
      vertex 2.61837 1.08457 8.97694
      vertex 2.71207 0.822698 8.97694
    endloop
  endfacet
  facet normal 0.195353 0.144884 0.969972
    outer loop
      vertex 2.45146 1.63801 8.94833
      vertex 2.2791 1.87041 8.94833
      vertex 2.35647 1.57455 8.97694
    endloop
  endfacet
  facet normal 0.208615 0.125033 0.969972
    outer loop
      vertex 2.45146 1.63801 8.94833
      vertex 2.35647 1.57455 8.97694
      vertex 2.6002 1.38984 8.94833
    endloop
  endfacet
  facet normal 0.423415 0.062806 0.903756
    outer loop
      vertex 3.10485 0.617592 8.8583
      vertex 3.00044 0.596824 8.90866
      vertex 3.04449 0.299855 8.90866
    endloop
  endfacet
  facet normal 0.415219 0.104013 0.903756
    outer loop
      vertex 3.02936 0.918947 8.8583
      vertex 3.00044 0.596824 8.90866
      vertex 3.10485 0.617592 8.8583
    endloop
  endfacet
  facet normal 0.146728 0.00721046 0.989151
    outer loop
      vertex 2.82046 0.277791 8.97694
      vertex 2.70453 0.266373 8.99422
      vertex 2.71762 0 8.99422
    endloop
  endfacet
  facet normal 0.146729 0.00720994 0.98915
    outer loop
      vertex 2.82046 0.277791 8.97694
      vertex 2.71762 0 8.99422
      vertex 2.83411 0 8.97694
    endloop
  endfacet
  facet normal 0.903097 -0.0443771 0.427139
    outer loop
      vertex 3.65831 0 8.36568
      vertex 3.64069 -0.358576 8.36568
      vertex 3.6908 -0.363511 8.25922
    endloop
  endfacet
  facet normal 0.903105 -0.0443713 0.427121
    outer loop
      vertex 3.70866 0 8.25922
      vertex 3.65831 0 8.36568
      vertex 3.6908 -0.363511 8.25922
    endloop
  endfacet
  facet normal 0.794872 0.117918 0.59521
    outer loop
      vertex 3.52863 0.701888 8.46668
      vertex 3.45983 0.688203 8.56127
      vertex 3.51063 0.345766 8.56127
    endloop
  endfacet
  facet normal 0.779489 0.195252 0.595209
    outer loop
      vertex 3.52863 0.701888 8.46668
      vertex 3.44284 1.04438 8.46668
      vertex 3.45983 0.688203 8.56127
    endloop
  endfacet
  facet normal 0.740494 0.0363645 0.671078
    outer loop
      vertex 3.51063 0.345766 8.56127
      vertex 3.44853 0 8.64853
      vertex 3.52761 0 8.56127
    endloop
  endfacet
  facet normal 0.740494 -0.0363645 0.671078
    outer loop
      vertex 3.52761 0 8.56127
      vertex 3.44853 0 8.64853
      vertex 3.51063 -0.345766 8.56127
    endloop
  endfacet
  facet normal 0.697996 0.249766 0.671132
    outer loop
      vertex 3.25909 1.34996 8.56127
      vertex 3.18602 1.31969 8.64853
      vertex 3.30004 1.00105 8.64853
    endloop
  endfacet
  facet normal 0.607485 0.287311 0.74055
    outer loop
      vertex 3.18602 1.31969 8.64853
      vertex 3.04133 1.62562 8.64853
      vertex 3.10541 1.2863 8.72761
    endloop
  endfacet
  facet normal 0.77555 0.464856 0.42712
    outer loop
      vertex 3.08363 2.06042 8.25922
      vertex 3.04177 2.03244 8.36568
      vertex 3.22634 1.72451 8.36568
    endloop
  endfacet
  facet normal 0.735893 0.441087 0.513716
    outer loop
      vertex 3.22634 1.72451 8.36568
      vertex 3.04177 2.03244 8.36568
      vertex 3.17294 1.69597 8.46668
    endloop
  endfacet
  facet normal 0.595367 0.539631 0.595261
    outer loop
      vertex 2.78111 2.2824 8.46668
      vertex 2.544 2.544 8.46668
      vertex 2.72688 2.23789 8.56127
    endloop
  endfacet
  facet normal 0.595424 0.539644 0.595193
    outer loop
      vertex 2.544 2.544 8.46668
      vertex 2.4944 2.4944 8.56127
      vertex 2.72688 2.23789 8.56127
    endloop
  endfacet
  facet normal 0.726248 0.538616 0.42715
    outer loop
      vertex 2.86683 2.35275 8.25922
      vertex 2.82791 2.3208 8.36568
      vertex 3.04177 2.03244 8.36568
    endloop
  endfacet
  facet normal 0.669949 0.607213 0.427154
    outer loop
      vertex 2.86683 2.35275 8.25922
      vertex 2.58681 2.58681 8.36568
      vertex 2.82791 2.3208 8.36568
    endloop
  endfacet
  facet normal 0.577875 -0.779198 0.242715
    outer loop
      vertex 2.39607 -2.91962 8.03411
      vertex 2.08246 -3.11662 8.14834
      vertex 2.09836 -3.14041 8.03411
    endloop
  endfacet
  facet normal 0.589261 -0.79455 0.146498
    outer loop
      vertex 2.39607 -2.91962 8.03411
      vertex 2.09836 -3.14041 8.03411
      vertex 2.40703 -2.93297 7.91762
    endloop
  endfacet
  facet normal 0.67018 -0.316962 0.671114
    outer loop
      vertex 3.18602 -1.31969 8.64853
      vertex 3.04133 -1.62562 8.64853
      vertex 3.11108 -1.6629 8.56127
    endloop
  endfacet
  facet normal 0.632713 -0.226406 0.74055
    outer loop
      vertex 3.30004 -1.00105 8.64853
      vertex 3.10541 -1.2863 8.72761
      vertex 3.18602 -1.31969 8.64853
    endloop
  endfacet
  facet normal 0.576394 -0.345474 0.740552
    outer loop
      vertex 2.96438 -1.58449 8.72761
      vertex 2.7948 -1.86742 8.72761
      vertex 3.04133 -1.62562 8.64853
    endloop
  endfacet
  facet normal 0.576382 -0.345456 0.74057
    outer loop
      vertex 3.04133 -1.62562 8.64853
      vertex 2.7948 -1.86742 8.72761
      vertex 2.86735 -1.9159 8.64853
    endloop
  endfacet
  facet normal 0.400296 0.539738 0.740571
    outer loop
      vertex 1.9159 2.86735 8.64853
      vertex 1.86742 2.7948 8.72761
      vertex 2.13237 2.5983 8.72761
    endloop
  endfacet
  facet normal 0.355124 0.47883 0.802876
    outer loop
      vertex 1.86742 2.7948 8.72761
      vertex 1.81487 2.71615 8.79776
      vertex 2.13237 2.5983 8.72761
    endloop
  endfacet
  facet normal 0.441085 0.735928 0.513667
    outer loop
      vertex 2.03244 3.04177 8.36568
      vertex 1.69597 3.17294 8.46668
      vertex 1.99881 2.99143 8.46668
    endloop
  endfacet
  facet normal 0.413104 0.689242 0.595223
    outer loop
      vertex 1.99881 2.99143 8.46668
      vertex 1.69597 3.17294 8.46668
      vertex 1.95984 2.9331 8.56127
    endloop
  endfacet
  facet normal 0.345559 0.381269 0.857451
    outer loop
      vertex 2.30989 2.30989 8.79776
      vertex 2.00828 2.4471 8.8583
      vertex 2.23847 2.23847 8.8583
    endloop
  endfacet
  facet normal 0.287444 0.317148 0.903766
    outer loop
      vertex 2.23847 2.23847 8.8583
      vertex 2.00828 2.4471 8.8583
      vertex 2.16319 2.16319 8.90866
    endloop
  endfacet
  facet normal 0.317523 0.113618 0.941419
    outer loop
      vertex 2.92749 0.888044 8.90866
      vertex 2.72391 1.12828 8.94833
      vertex 2.82139 0.855858 8.94833
    endloop
  endfacet
  facet normal 0.228995 0.0819407 0.969973
    outer loop
      vertex 2.72391 1.12828 8.94833
      vertex 2.71207 0.822698 8.97694
      vertex 2.82139 0.855858 8.94833
    endloop
  endfacet
  facet normal 0.289255 0.173373 0.941421
    outer loop
      vertex 2.54365 1.69961 8.90866
      vertex 2.45146 1.63801 8.94833
      vertex 2.69799 1.44211 8.90866
    endloop
  endfacet
  facet normal 0.327131 0.0819456 0.941419
    outer loop
      vertex 2.92749 0.888044 8.90866
      vertex 2.82139 0.855858 8.94833
      vertex 3.00044 0.596824 8.90866
    endloop
  endfacet
  facet normal 0.40303 0.144208 0.903754
    outer loop
      vertex 2.9247 1.21145 8.8583
      vertex 2.82635 1.17071 8.90866
      vertex 3.02936 0.918947 8.8583
    endloop
  endfacet
  facet normal 0.499115 0.125029 0.857468
    outer loop
      vertex 3.20392 0.637298 8.79776
      vertex 3.02936 0.918947 8.8583
      vertex 3.10485 0.617592 8.8583
    endloop
  endfacet
  facet normal 0.903097 0.0443771 0.427139
    outer loop
      vertex 3.6908 0.363511 8.25922
      vertex 3.64069 0.358576 8.36568
      vertex 3.65831 0 8.36568
    endloop
  endfacet
  facet normal 0.894399 0.132678 0.427138
    outer loop
      vertex 3.6908 0.363511 8.25922
      vertex 3.58801 0.713699 8.36568
      vertex 3.64069 0.358576 8.36568
    endloop
  endfacet
  facet normal 0.671157 0.0329805 0.740581
    outer loop
      vertex 3.43192 0.338015 8.64853
      vertex 3.36127 0 8.72761
      vertex 3.44853 0 8.64853
    endloop
  endfacet
  facet normal 0.671157 -0.0329805 0.740581
    outer loop
      vertex 3.44853 0 8.64853
      vertex 3.36127 0 8.72761
      vertex 3.43192 -0.338015 8.64853
    endloop
  endfacet
  facet normal 0.807699 0.484118 0.33653
    outer loop
      vertex 3.30573 1.76695 8.14834
      vertex 3.11662 2.08246 8.14834
      vertex 3.27074 1.74825 8.25922
    endloop
  endfacet
  facet normal 0.807693 0.484119 0.336542
    outer loop
      vertex 3.11662 2.08246 8.14834
      vertex 3.08363 2.06042 8.25922
      vertex 3.27074 1.74825 8.25922
    endloop
  endfacet
  facet normal 0.497922 0.451279 0.740555
    outer loop
      vertex 2.66575 2.18772 8.64853
      vertex 2.43848 2.43848 8.64853
      vertex 2.5983 2.13237 8.72761
    endloop
  endfacet
  facet normal 0.511336 0.30648 0.802873
    outer loop
      vertex 2.96438 1.58449 8.72761
      vertex 2.7948 1.86742 8.72761
      vertex 2.88096 1.5399 8.79776
    endloop
  endfacet
  facet normal 0.367165 0.220071 0.903747
    outer loop
      vertex 2.63216 1.75875 8.8583
      vertex 2.54365 1.69961 8.90866
      vertex 2.69799 1.44211 8.90866
    endloop
  endfacet
  facet normal 0.289243 0.173357 0.941428
    outer loop
      vertex 2.69799 1.44211 8.90866
      vertex 2.45146 1.63801 8.94833
      vertex 2.6002 1.38984 8.94833
    endloop
  endfacet
  facet normal 0.607482 0.287311 0.740552
    outer loop
      vertex 3.04133 1.62562 8.64853
      vertex 2.96438 1.58449 8.72761
      vertex 3.10541 1.2863 8.72761
    endloop
  endfacet
  facet normal 0.538925 0.254886 0.802865
    outer loop
      vertex 3.10541 1.2863 8.72761
      vertex 2.96438 1.58449 8.72761
      vertex 3.01802 1.25011 8.79776
    endloop
  endfacet
  facet normal 0.441315 0.264531 0.857475
    outer loop
      vertex 2.71615 1.81487 8.79776
      vertex 2.63216 1.75875 8.8583
      vertex 2.79188 1.49229 8.8583
    endloop
  endfacet
  facet normal 0.413274 0.306498 0.857475
    outer loop
      vertex 2.71615 1.81487 8.79776
      vertex 2.4471 2.00828 8.8583
      vertex 2.63216 1.75875 8.8583
    endloop
  endfacet
  facet normal 0.576394 0.345474 0.740552
    outer loop
      vertex 3.04133 1.62562 8.64853
      vertex 2.7948 1.86742 8.72761
      vertex 2.96438 1.58449 8.72761
    endloop
  endfacet
  facet normal 0.465156 0.220002 0.857455
    outer loop
      vertex 2.88096 1.5399 8.79776
      vertex 2.79188 1.49229 8.8583
      vertex 3.01802 1.25011 8.79776
    endloop
  endfacet
  facet normal 0.423424 0.0628036 0.903752
    outer loop
      vertex 3.10485 0.617592 8.8583
      vertex 3.04449 0.299855 8.90866
      vertex 3.15043 0.31029 8.8583
    endloop
  endfacet
  facet normal 0.508968 0.0754918 0.857468
    outer loop
      vertex 3.20392 0.637298 8.79776
      vertex 3.10485 0.617592 8.8583
      vertex 3.15043 0.31029 8.8583
    endloop
  endfacet
  facet normal 0.856951 0.0421096 0.513675
    outer loop
      vertex 3.64069 0.358576 8.36568
      vertex 3.58044 0.352642 8.46668
      vertex 3.65831 0 8.36568
    endloop
  endfacet
  facet normal 0.848698 0.125898 0.513675
    outer loop
      vertex 3.58801 0.713699 8.36568
      vertex 3.58044 0.352642 8.46668
      vertex 3.64069 0.358576 8.36568
    endloop
  endfacet
  facet normal 0.441696 0.40033 0.802895
    outer loop
      vertex 2.37678 2.37678 8.72761
      vertex 2.30989 2.30989 8.79776
      vertex 2.5983 2.13237 8.72761
    endloop
  endfacet
  facet normal 0.441704 0.400347 0.802882
    outer loop
      vertex 2.5983 2.13237 8.72761
      vertex 2.30989 2.30989 8.79776
      vertex 2.52518 2.07236 8.79776
    endloop
  endfacet
  facet normal 0.67018 0.316962 0.671114
    outer loop
      vertex 3.11108 1.6629 8.56127
      vertex 3.04133 1.62562 8.64853
      vertex 3.18602 1.31969 8.64853
    endloop
  endfacet
  facet normal 0.635888 0.381121 0.671114
    outer loop
      vertex 3.11108 1.6629 8.56127
      vertex 2.86735 1.9159 8.64853
      vertex 3.04133 1.62562 8.64853
    endloop
  endfacet
  facet normal 0.386943 0.183007 0.903761
    outer loop
      vertex 2.79188 1.49229 8.8583
      vertex 2.69799 1.44211 8.90866
      vertex 2.82635 1.17071 8.90866
    endloop
  endfacet
  facet normal 0.304849 0.14418 0.941424
    outer loop
      vertex 2.82635 1.17071 8.90866
      vertex 2.69799 1.44211 8.90866
      vertex 2.72391 1.12828 8.94833
    endloop
  endfacet
  facet normal 0.343827 0.254997 0.903747
    outer loop
      vertex 2.63216 1.75875 8.8583
      vertex 2.36481 1.94075 8.90866
      vertex 2.54365 1.69961 8.90866
    endloop
  endfacet
  facet normal 0.270869 0.200889 0.941421
    outer loop
      vertex 2.54365 1.69961 8.90866
      vertex 2.36481 1.94075 8.90866
      vertex 2.45146 1.63801 8.94833
    endloop
  endfacet
  facet normal 0.85692 0.0420876 0.513728
    outer loop
      vertex 3.65831 0 8.36568
      vertex 3.58044 0.352642 8.46668
      vertex 3.59776 0 8.46668
    endloop
  endfacet
  facet normal 0.802604 0.0394198 0.595209
    outer loop
      vertex 3.58044 0.352642 8.46668
      vertex 3.51063 0.345766 8.56127
      vertex 3.59776 0 8.46668
    endloop
  endfacet
  facet normal 0.539747 0.400312 0.740556
    outer loop
      vertex 2.66575 2.18772 8.64853
      vertex 2.5983 2.13237 8.72761
      vertex 2.86735 1.9159 8.64853
    endloop
  endfacet
  facet normal 0.689255 0.413126 0.595194
    outer loop
      vertex 3.17294 1.69597 8.46668
      vertex 2.9331 1.95984 8.56127
      vertex 3.11108 1.6629 8.56127
    endloop
  endfacet
  facet normal 0.576382 0.345456 0.74057
    outer loop
      vertex 2.86735 1.9159 8.64853
      vertex 2.7948 1.86742 8.72761
      vertex 3.04133 1.62562 8.64853
    endloop
  endfacet
  facet normal 0.539738 0.400296 0.740571
    outer loop
      vertex 2.86735 1.9159 8.64853
      vertex 2.5983 2.13237 8.72761
      vertex 2.7948 1.86742 8.72761
    endloop
  endfacet
  facet normal 0.40303 0.144207 0.903754
    outer loop
      vertex 3.02936 0.918947 8.8583
      vertex 2.82635 1.17071 8.90866
      vertex 2.92749 0.888044 8.90866
    endloop
  endfacet
  facet normal 0.317512 0.113608 0.941424
    outer loop
      vertex 2.82635 1.17071 8.90866
      vertex 2.72391 1.12828 8.94833
      vertex 2.92749 0.888044 8.90866
    endloop
  endfacet
  facet normal 0.484459 0.173343 0.857468
    outer loop
      vertex 3.01802 1.25011 8.79776
      vertex 2.9247 1.21145 8.8583
      vertex 3.02936 0.918947 8.8583
    endloop
  endfacet
  facet normal 0.465138 0.219982 0.85747
    outer loop
      vertex 3.01802 1.25011 8.79776
      vertex 2.79188 1.49229 8.8583
      vertex 2.9247 1.21145 8.8583
    endloop
  endfacet
  facet normal 0.645432 0.478674 0.595221
    outer loop
      vertex 2.99143 1.99881 8.46668
      vertex 2.78111 2.2824 8.46668
      vertex 2.9331 1.95984 8.56127
    endloop
  endfacet
  facet normal 0.689242 0.413104 0.595223
    outer loop
      vertex 2.99143 1.99881 8.46668
      vertex 2.9331 1.95984 8.56127
      vertex 3.17294 1.69597 8.46668
    endloop
  endfacet
  facet normal 0.635906 0.381149 0.671081
    outer loop
      vertex 2.9331 1.95984 8.56127
      vertex 2.86735 1.9159 8.64853
      vertex 3.11108 1.6629 8.56127
    endloop
  endfacet
  facet normal 0.595479 0.441646 0.671083
    outer loop
      vertex 2.9331 1.95984 8.56127
      vertex 2.72688 2.23789 8.56127
      vertex 2.86735 1.9159 8.64853
    endloop
  endfacet
  facet normal 0.67016 0.316963 0.671133
    outer loop
      vertex 3.25909 1.34996 8.56127
      vertex 3.11108 1.6629 8.56127
      vertex 3.18602 1.31969 8.64853
    endloop
  endfacet
  facet normal 0.726431 0.343577 0.595191
    outer loop
      vertex 3.17294 1.69597 8.46668
      vertex 3.11108 1.6629 8.56127
      vertex 3.25909 1.34996 8.56127
    endloop
  endfacet
  facet normal 0.47883 0.355124 0.802876
    outer loop
      vertex 2.7948 1.86742 8.72761
      vertex 2.5983 2.13237 8.72761
      vertex 2.71615 1.81487 8.79776
    endloop
  endfacet
  facet normal 0.511332 0.306479 0.802876
    outer loop
      vertex 2.7948 1.86742 8.72761
      vertex 2.71615 1.81487 8.79776
      vertex 2.88096 1.5399 8.79776
    endloop
  endfacet
  facet normal -0.67155 0.740959 0
    outer loop
      vertex 1.23744 -1.23744 0
      vertex 1.11019 -1.35277 2
      vertex 1.23744 -1.23744 2
    endloop
  endfacet
  facet normal -0.67155 0.740959 0
    outer loop
      vertex 1.11019 -1.35277 2
      vertex 1.23744 -1.23744 0
      vertex 1.11019 -1.35277 0
    endloop
  endfacet
  facet normal -0.989176 -0.146736 0
    outer loop
      vertex 1.74157 0.17153 0
      vertex 1.71637 0.341408 2
      vertex 1.71637 0.341408 0
    endloop
  endfacet
  facet normal -0.989176 -0.146736 0
    outer loop
      vertex 1.71637 0.341408 2
      vertex 1.74157 0.17153 0
      vertex 1.74157 0.17153 2
    endloop
  endfacet
  facet normal -0.998795 -0.0490867 0
    outer loop
      vertex 1.75 0 0
      vertex 1.74157 0.17153 2
      vertex 1.74157 0.17153 0
    endloop
  endfacet
  facet normal -0.998795 -0.0490867 0
    outer loop
      vertex 1.74157 0.17153 2
      vertex 1.75 0 0
      vertex 1.75 0 2
    endloop
  endfacet
  facet normal -0.970043 -0.242933 0
    outer loop
      vertex 1.71637 0.341408 0
      vertex 1.67465 0.507998 2
      vertex 1.67465 0.507998 0
    endloop
  endfacet
  facet normal -0.970043 -0.242933 0
    outer loop
      vertex 1.67465 0.507998 2
      vertex 1.71637 0.341408 0
      vertex 1.71637 0.341408 2
    endloop
  endfacet
  facet normal -0.336908 0.941538 0
    outer loop
      vertex 0.669696 -1.61679 0
      vertex 0.507998 -1.67465 2
      vertex 0.669696 -1.61679 2
    endloop
  endfacet
  facet normal -0.336908 0.941538 0
    outer loop
      vertex 0.507998 -1.67465 2
      vertex 0.669696 -1.61679 0
      vertex 0.507998 -1.67465 0
    endloop
  endfacet
  facet normal 0.67155 -0.740959 0
    outer loop
      vertex -1.23744 1.23744 0
      vertex -1.11019 1.35277 2
      vertex -1.23744 1.23744 2
    endloop
  endfacet
  facet normal 0.67155 -0.740959 0
    outer loop
      vertex -1.11019 1.35277 2
      vertex -1.23744 1.23744 0
      vertex -1.11019 1.35277 0
    endloop
  endfacet
  facet normal 0.970043 0.242933 0
    outer loop
      vertex -1.67465 -0.507998 2
      vertex -1.71637 -0.341408 0
      vertex -1.71637 -0.341408 2
    endloop
  endfacet
  facet normal 0.970043 0.242933 0
    outer loop
      vertex -1.71637 -0.341408 0
      vertex -1.67465 -0.507998 2
      vertex -1.67465 -0.507998 0
    endloop
  endfacet
  facet normal -0.42757 -0.903982 0
    outer loop
      vertex 0.669696 1.61679 0
      vertex 0.824944 1.54336 2
      vertex 0.669696 1.61679 2
    endloop
  endfacet
  facet normal -0.42757 -0.903982 -0
    outer loop
      vertex 0.824944 1.54336 2
      vertex 0.669696 1.61679 0
      vertex 0.824944 1.54336 0
    endloop
  endfacet
  facet normal 0.242933 0.970043 -0
    outer loop
      vertex -0.341408 -1.71637 0
      vertex -0.507998 -1.67465 2
      vertex -0.341408 -1.71637 2
    endloop
  endfacet
  facet normal 0.242933 0.970043 0
    outer loop
      vertex -0.507998 -1.67465 2
      vertex -0.341408 -1.71637 0
      vertex -0.507998 -1.67465 0
    endloop
  endfacet
  facet normal 0.146736 0.989176 -0
    outer loop
      vertex -0.17153 -1.74157 0
      vertex -0.341408 -1.71637 2
      vertex -0.17153 -1.74157 2
    endloop
  endfacet
  facet normal 0.146736 0.989176 0
    outer loop
      vertex -0.341408 -1.71637 2
      vertex -0.17153 -1.74157 0
      vertex -0.341408 -1.71637 0
    endloop
  endfacet
  facet normal -0.242933 -0.970043 0
    outer loop
      vertex 0.341408 1.71637 0
      vertex 0.507998 1.67465 2
      vertex 0.341408 1.71637 2
    endloop
  endfacet
  facet normal -0.242933 -0.970043 -0
    outer loop
      vertex 0.507998 1.67465 2
      vertex 0.341408 1.71637 0
      vertex 0.507998 1.67465 0
    endloop
  endfacet
  facet normal 0.740959 -0.67155 0
    outer loop
      vertex -1.35277 1.11019 2
      vertex -1.23744 1.23744 0
      vertex -1.23744 1.23744 2
    endloop
  endfacet
  facet normal 0.740959 -0.67155 0
    outer loop
      vertex -1.23744 1.23744 0
      vertex -1.35277 1.11019 2
      vertex -1.35277 1.11019 0
    endloop
  endfacet
  facet normal 0.336908 -0.941538 0
    outer loop
      vertex -0.669696 1.61679 0
      vertex -0.507998 1.67465 2
      vertex -0.669696 1.61679 2
    endloop
  endfacet
  facet normal 0.336908 -0.941538 0
    outer loop
      vertex -0.507998 1.67465 2
      vertex -0.669696 1.61679 0
      vertex -0.507998 1.67465 0
    endloop
  endfacet
  facet normal -0.0490867 0.998795 0
    outer loop
      vertex 0.17153 -1.74157 0
      vertex 0 -1.75 2
      vertex 0.17153 -1.74157 2
    endloop
  endfacet
  facet normal -0.0490867 0.998795 0
    outer loop
      vertex 0 -1.75 2
      vertex 0.17153 -1.74157 0
      vertex 0 -1.75 0
    endloop
  endfacet
  facet normal 0.0490867 -0.998795 0
    outer loop
      vertex -0.17153 1.74157 0
      vertex 0 1.75 2
      vertex -0.17153 1.74157 2
    endloop
  endfacet
  facet normal 0.0490867 -0.998795 0
    outer loop
      vertex 0 1.75 2
      vertex -0.17153 1.74157 0
      vertex 0 1.75 0
    endloop
  endfacet
  facet normal 0.595679 0.803223 -0
    outer loop
      vertex -0.972247 -1.45507 0
      vertex -1.11019 -1.35277 2
      vertex -0.972247 -1.45507 2
    endloop
  endfacet
  facet normal 0.595679 0.803223 0
    outer loop
      vertex -1.11019 -1.35277 2
      vertex -0.972247 -1.45507 0
      vertex -1.11019 -1.35277 0
    endloop
  endfacet
  facet normal 0.903982 0.42757 0
    outer loop
      vertex -1.54336 -0.824944 2
      vertex -1.61679 -0.669696 0
      vertex -1.61679 -0.669696 2
    endloop
  endfacet
  facet normal 0.903982 0.42757 0
    outer loop
      vertex -1.61679 -0.669696 0
      vertex -1.54336 -0.824944 2
      vertex -1.54336 -0.824944 0
    endloop
  endfacet
  facet normal 0.146736 -0.989176 0
    outer loop
      vertex -0.341408 1.71637 0
      vertex -0.17153 1.74157 2
      vertex -0.341408 1.71637 2
    endloop
  endfacet
  facet normal 0.146736 -0.989176 0
    outer loop
      vertex -0.17153 1.74157 2
      vertex -0.341408 1.71637 0
      vertex -0.17153 1.74157 0
    endloop
  endfacet
  facet normal -0.595679 0.803223 0
    outer loop
      vertex 1.11019 -1.35277 0
      vertex 0.972247 -1.45507 2
      vertex 1.11019 -1.35277 2
    endloop
  endfacet
  facet normal -0.595679 0.803223 0
    outer loop
      vertex 0.972247 -1.45507 2
      vertex 1.11019 -1.35277 0
      vertex 0.972247 -1.45507 0
    endloop
  endfacet
  facet normal -0.514103 -0.857729 0
    outer loop
      vertex 0.824944 1.54336 0
      vertex 0.972247 1.45507 2
      vertex 0.824944 1.54336 2
    endloop
  endfacet
  facet normal -0.514103 -0.857729 -0
    outer loop
      vertex 0.972247 1.45507 2
      vertex 0.824944 1.54336 0
      vertex 0.972247 1.45507 0
    endloop
  endfacet
  facet normal 0.998795 0.0490867 0
    outer loop
      vertex -1.74157 -0.17153 2
      vertex -1.75 0 0
      vertex -1.75 0 2
    endloop
  endfacet
  facet normal 0.998795 0.0490867 0
    outer loop
      vertex -1.75 0 0
      vertex -1.74157 -0.17153 2
      vertex -1.74157 -0.17153 0
    endloop
  endfacet
  facet normal 0.903982 -0.42757 0
    outer loop
      vertex -1.61679 0.669696 2
      vertex -1.54336 0.824944 0
      vertex -1.54336 0.824944 2
    endloop
  endfacet
  facet normal 0.903982 -0.42757 0
    outer loop
      vertex -1.54336 0.824944 0
      vertex -1.61679 0.669696 2
      vertex -1.61679 0.669696 0
    endloop
  endfacet
  facet normal -0.970043 0.242933 0
    outer loop
      vertex 1.67465 -0.507998 0
      vertex 1.71637 -0.341408 2
      vertex 1.71637 -0.341408 0
    endloop
  endfacet
  facet normal -0.970043 0.242933 0
    outer loop
      vertex 1.71637 -0.341408 2
      vertex 1.67465 -0.507998 0
      vertex 1.67465 -0.507998 2
    endloop
  endfacet
  facet normal -0.67155 -0.740959 0
    outer loop
      vertex 1.11019 1.35277 0
      vertex 1.23744 1.23744 2
      vertex 1.11019 1.35277 2
    endloop
  endfacet
  facet normal -0.67155 -0.740959 -0
    outer loop
      vertex 1.23744 1.23744 2
      vertex 1.11019 1.35277 0
      vertex 1.23744 1.23744 0
    endloop
  endfacet
  facet normal -0.595679 -0.803223 0
    outer loop
      vertex 0.972247 1.45507 0
      vertex 1.11019 1.35277 2
      vertex 0.972247 1.45507 2
    endloop
  endfacet
  facet normal -0.595679 -0.803223 -0
    outer loop
      vertex 1.11019 1.35277 2
      vertex 0.972247 1.45507 0
      vertex 1.11019 1.35277 0
    endloop
  endfacet
  facet normal 0.595679 -0.803223 0
    outer loop
      vertex -1.11019 1.35277 0
      vertex -0.972247 1.45507 2
      vertex -1.11019 1.35277 2
    endloop
  endfacet
  facet normal 0.595679 -0.803223 0
    outer loop
      vertex -0.972247 1.45507 2
      vertex -1.11019 1.35277 0
      vertex -0.972247 1.45507 0
    endloop
  endfacet
  facet normal -0.514103 0.857729 0
    outer loop
      vertex 0.972247 -1.45507 0
      vertex 0.824944 -1.54336 2
      vertex 0.972247 -1.45507 2
    endloop
  endfacet
  facet normal -0.514103 0.857729 0
    outer loop
      vertex 0.824944 -1.54336 2
      vertex 0.972247 -1.45507 0
      vertex 0.824944 -1.54336 0
    endloop
  endfacet
  facet normal -0.740959 -0.67155 0
    outer loop
      vertex 1.35277 1.11019 0
      vertex 1.23744 1.23744 2
      vertex 1.23744 1.23744 0
    endloop
  endfacet
  facet normal -0.740959 -0.67155 0
    outer loop
      vertex 1.23744 1.23744 2
      vertex 1.35277 1.11019 0
      vertex 1.35277 1.11019 2
    endloop
  endfacet
  facet normal -0.803223 -0.595679 0
    outer loop
      vertex 1.45507 0.972247 0
      vertex 1.35277 1.11019 2
      vertex 1.35277 1.11019 0
    endloop
  endfacet
  facet normal -0.803223 -0.595679 0
    outer loop
      vertex 1.35277 1.11019 2
      vertex 1.45507 0.972247 0
      vertex 1.45507 0.972247 2
    endloop
  endfacet
  facet normal -0.989176 0.146736 0
    outer loop
      vertex 1.71637 -0.341408 0
      vertex 1.74157 -0.17153 2
      vertex 1.74157 -0.17153 0
    endloop
  endfacet
  facet normal -0.989176 0.146736 0
    outer loop
      vertex 1.74157 -0.17153 2
      vertex 1.71637 -0.341408 0
      vertex 1.71637 -0.341408 2
    endloop
  endfacet
  facet normal 0.941538 -0.336908 0
    outer loop
      vertex -1.67465 0.507998 2
      vertex -1.61679 0.669696 0
      vertex -1.61679 0.669696 2
    endloop
  endfacet
  facet normal 0.941538 -0.336908 0
    outer loop
      vertex -1.61679 0.669696 0
      vertex -1.67465 0.507998 2
      vertex -1.67465 0.507998 0
    endloop
  endfacet
  facet normal -0.903982 0.42757 0
    outer loop
      vertex 1.54336 -0.824944 0
      vertex 1.61679 -0.669696 2
      vertex 1.61679 -0.669696 0
    endloop
  endfacet
  facet normal -0.903982 0.42757 0
    outer loop
      vertex 1.61679 -0.669696 2
      vertex 1.54336 -0.824944 0
      vertex 1.54336 -0.824944 2
    endloop
  endfacet
  facet normal -0.998795 0.0490867 0
    outer loop
      vertex 1.74157 -0.17153 0
      vertex 1.75 0 2
      vertex 1.75 0 0
    endloop
  endfacet
  facet normal -0.998795 0.0490867 0
    outer loop
      vertex 1.75 0 2
      vertex 1.74157 -0.17153 0
      vertex 1.74157 -0.17153 2
    endloop
  endfacet
  facet normal -0.242933 0.970043 0
    outer loop
      vertex 0.507998 -1.67465 0
      vertex 0.341408 -1.71637 2
      vertex 0.507998 -1.67465 2
    endloop
  endfacet
  facet normal -0.242933 0.970043 0
    outer loop
      vertex 0.341408 -1.71637 2
      vertex 0.507998 -1.67465 0
      vertex 0.341408 -1.71637 0
    endloop
  endfacet
  facet normal -0.146736 0.989176 0
    outer loop
      vertex 0.341408 -1.71637 0
      vertex 0.17153 -1.74157 2
      vertex 0.341408 -1.71637 2
    endloop
  endfacet
  facet normal -0.146736 0.989176 0
    outer loop
      vertex 0.17153 -1.74157 2
      vertex 0.341408 -1.71637 0
      vertex 0.17153 -1.74157 0
    endloop
  endfacet
  facet normal -0.941538 -0.336908 0
    outer loop
      vertex 1.67465 0.507998 0
      vertex 1.61679 0.669696 2
      vertex 1.61679 0.669696 0
    endloop
  endfacet
  facet normal -0.941538 -0.336908 0
    outer loop
      vertex 1.61679 0.669696 2
      vertex 1.67465 0.507998 0
      vertex 1.67465 0.507998 2
    endloop
  endfacet
  facet normal -0.803223 0.595679 0
    outer loop
      vertex 1.35277 -1.11019 0
      vertex 1.45507 -0.972247 2
      vertex 1.45507 -0.972247 0
    endloop
  endfacet
  facet normal -0.803223 0.595679 0
    outer loop
      vertex 1.45507 -0.972247 2
      vertex 1.35277 -1.11019 0
      vertex 1.35277 -1.11019 2
    endloop
  endfacet
  facet normal -0.857729 0.514103 0
    outer loop
      vertex 1.45507 -0.972247 0
      vertex 1.54336 -0.824944 2
      vertex 1.54336 -0.824944 0
    endloop
  endfacet
  facet normal -0.857729 0.514103 0
    outer loop
      vertex 1.54336 -0.824944 2
      vertex 1.45507 -0.972247 0
      vertex 1.45507 -0.972247 2
    endloop
  endfacet
  facet normal -0.42757 0.903982 0
    outer loop
      vertex 0.824944 -1.54336 0
      vertex 0.669696 -1.61679 2
      vertex 0.824944 -1.54336 2
    endloop
  endfacet
  facet normal -0.42757 0.903982 0
    outer loop
      vertex 0.669696 -1.61679 2
      vertex 0.824944 -1.54336 0
      vertex 0.669696 -1.61679 0
    endloop
  endfacet
  facet normal -0.0490867 -0.998795 0
    outer loop
      vertex 0 1.75 0
      vertex 0.17153 1.74157 2
      vertex 0 1.75 2
    endloop
  endfacet
  facet normal -0.0490867 -0.998795 -0
    outer loop
      vertex 0.17153 1.74157 2
      vertex 0 1.75 0
      vertex 0.17153 1.74157 0
    endloop
  endfacet
  facet normal -0.941538 0.336908 0
    outer loop
      vertex 1.61679 -0.669696 0
      vertex 1.67465 -0.507998 2
      vertex 1.67465 -0.507998 0
    endloop
  endfacet
  facet normal -0.941538 0.336908 0
    outer loop
      vertex 1.67465 -0.507998 2
      vertex 1.61679 -0.669696 0
      vertex 1.61679 -0.669696 2
    endloop
  endfacet
  facet normal 0.242933 -0.970043 0
    outer loop
      vertex -0.507998 1.67465 0
      vertex -0.341408 1.71637 2
      vertex -0.507998 1.67465 2
    endloop
  endfacet
  facet normal 0.242933 -0.970043 0
    outer loop
      vertex -0.341408 1.71637 2
      vertex -0.507998 1.67465 0
      vertex -0.341408 1.71637 0
    endloop
  endfacet
  facet normal -0.903982 -0.42757 0
    outer loop
      vertex 1.61679 0.669696 0
      vertex 1.54336 0.824944 2
      vertex 1.54336 0.824944 0
    endloop
  endfacet
  facet normal -0.903982 -0.42757 0
    outer loop
      vertex 1.54336 0.824944 2
      vertex 1.61679 0.669696 0
      vertex 1.61679 0.669696 2
    endloop
  endfacet
  facet normal 0.42757 -0.903982 0
    outer loop
      vertex -0.824944 1.54336 0
      vertex -0.669696 1.61679 2
      vertex -0.824944 1.54336 2
    endloop
  endfacet
  facet normal 0.42757 -0.903982 0
    outer loop
      vertex -0.669696 1.61679 2
      vertex -0.824944 1.54336 0
      vertex -0.669696 1.61679 0
    endloop
  endfacet
  facet normal -0.146736 -0.989176 0
    outer loop
      vertex 0.17153 1.74157 0
      vertex 0.341408 1.71637 2
      vertex 0.17153 1.74157 2
    endloop
  endfacet
  facet normal -0.146736 -0.989176 -0
    outer loop
      vertex 0.341408 1.71637 2
      vertex 0.17153 1.74157 0
      vertex 0.341408 1.71637 0
    endloop
  endfacet
  facet normal 0.857729 0.514103 0
    outer loop
      vertex -1.45507 -0.972247 2
      vertex -1.54336 -0.824944 0
      vertex -1.54336 -0.824944 2
    endloop
  endfacet
  facet normal 0.857729 0.514103 0
    outer loop
      vertex -1.54336 -0.824944 0
      vertex -1.45507 -0.972247 2
      vertex -1.45507 -0.972247 0
    endloop
  endfacet
  facet normal -0.857729 -0.514103 0
    outer loop
      vertex 1.54336 0.824944 0
      vertex 1.45507 0.972247 2
      vertex 1.45507 0.972247 0
    endloop
  endfacet
  facet normal -0.857729 -0.514103 0
    outer loop
      vertex 1.45507 0.972247 2
      vertex 1.54336 0.824944 0
      vertex 1.54336 0.824944 2
    endloop
  endfacet
  facet normal 0.514103 -0.857729 0
    outer loop
      vertex -0.972247 1.45507 0
      vertex -0.824944 1.54336 2
      vertex -0.972247 1.45507 2
    endloop
  endfacet
  facet normal 0.514103 -0.857729 0
    outer loop
      vertex -0.824944 1.54336 2
      vertex -0.972247 1.45507 0
      vertex -0.824944 1.54336 0
    endloop
  endfacet
  facet normal 0.740959 0.67155 0
    outer loop
      vertex -1.23744 -1.23744 2
      vertex -1.35277 -1.11019 0
      vertex -1.35277 -1.11019 2
    endloop
  endfacet
  facet normal 0.740959 0.67155 0
    outer loop
      vertex -1.35277 -1.11019 0
      vertex -1.23744 -1.23744 2
      vertex -1.23744 -1.23744 0
    endloop
  endfacet
  facet normal 0.42757 0.903982 -0
    outer loop
      vertex -0.669696 -1.61679 0
      vertex -0.824944 -1.54336 2
      vertex -0.669696 -1.61679 2
    endloop
  endfacet
  facet normal 0.42757 0.903982 0
    outer loop
      vertex -0.824944 -1.54336 2
      vertex -0.669696 -1.61679 0
      vertex -0.824944 -1.54336 0
    endloop
  endfacet
  facet normal 0.941538 0.336908 0
    outer loop
      vertex -1.61679 -0.669696 2
      vertex -1.67465 -0.507998 0
      vertex -1.67465 -0.507998 2
    endloop
  endfacet
  facet normal 0.941538 0.336908 0
    outer loop
      vertex -1.67465 -0.507998 0
      vertex -1.61679 -0.669696 2
      vertex -1.61679 -0.669696 0
    endloop
  endfacet
  facet normal 0.514103 0.857729 -0
    outer loop
      vertex -0.824944 -1.54336 0
      vertex -0.972247 -1.45507 2
      vertex -0.824944 -1.54336 2
    endloop
  endfacet
  facet normal 0.514103 0.857729 0
    outer loop
      vertex -0.972247 -1.45507 2
      vertex -0.824944 -1.54336 0
      vertex -0.972247 -1.45507 0
    endloop
  endfacet
  facet normal 0.970043 -0.242933 0
    outer loop
      vertex -1.71637 0.341408 2
      vertex -1.67465 0.507998 0
      vertex -1.67465 0.507998 2
    endloop
  endfacet
  facet normal 0.970043 -0.242933 0
    outer loop
      vertex -1.67465 0.507998 0
      vertex -1.71637 0.341408 2
      vertex -1.71637 0.341408 0
    endloop
  endfacet
  facet normal 0.989176 -0.146736 0
    outer loop
      vertex -1.74157 0.17153 2
      vertex -1.71637 0.341408 0
      vertex -1.71637 0.341408 2
    endloop
  endfacet
  facet normal 0.989176 -0.146736 0
    outer loop
      vertex -1.71637 0.341408 0
      vertex -1.74157 0.17153 2
      vertex -1.74157 0.17153 0
    endloop
  endfacet
  facet normal -0.336908 -0.941538 0
    outer loop
      vertex 0.507998 1.67465 0
      vertex 0.669696 1.61679 2
      vertex 0.507998 1.67465 2
    endloop
  endfacet
  facet normal -0.336908 -0.941538 -0
    outer loop
      vertex 0.669696 1.61679 2
      vertex 0.507998 1.67465 0
      vertex 0.669696 1.61679 0
    endloop
  endfacet
  facet normal 0.803223 0.595679 0
    outer loop
      vertex -1.35277 -1.11019 2
      vertex -1.45507 -0.972247 0
      vertex -1.45507 -0.972247 2
    endloop
  endfacet
  facet normal 0.803223 0.595679 0
    outer loop
      vertex -1.45507 -0.972247 0
      vertex -1.35277 -1.11019 2
      vertex -1.35277 -1.11019 0
    endloop
  endfacet
  facet normal 0.989176 0.146736 0
    outer loop
      vertex -1.71637 -0.341408 2
      vertex -1.74157 -0.17153 0
      vertex -1.74157 -0.17153 2
    endloop
  endfacet
  facet normal 0.989176 0.146736 0
    outer loop
      vertex -1.74157 -0.17153 0
      vertex -1.71637 -0.341408 2
      vertex -1.71637 -0.341408 0
    endloop
  endfacet
  facet normal 0.67155 0.740959 -0
    outer loop
      vertex -1.11019 -1.35277 0
      vertex -1.23744 -1.23744 2
      vertex -1.11019 -1.35277 2
    endloop
  endfacet
  facet normal 0.67155 0.740959 0
    outer loop
      vertex -1.23744 -1.23744 2
      vertex -1.11019 -1.35277 0
      vertex -1.23744 -1.23744 0
    endloop
  endfacet
  facet normal 0.803223 -0.595679 0
    outer loop
      vertex -1.45507 0.972247 2
      vertex -1.35277 1.11019 0
      vertex -1.35277 1.11019 2
    endloop
  endfacet
  facet normal 0.803223 -0.595679 0
    outer loop
      vertex -1.35277 1.11019 0
      vertex -1.45507 0.972247 2
      vertex -1.45507 0.972247 0
    endloop
  endfacet
  facet normal 0.857729 -0.514103 0
    outer loop
      vertex -1.54336 0.824944 2
      vertex -1.45507 0.972247 0
      vertex -1.45507 0.972247 2
    endloop
  endfacet
  facet normal 0.857729 -0.514103 0
    outer loop
      vertex -1.45507 0.972247 0
      vertex -1.54336 0.824944 2
      vertex -1.54336 0.824944 0
    endloop
  endfacet
  facet normal 0 0 -1
    outer loop
      vertex 1.74157 -0.17153 2
      vertex 1.74157 0.17153 2
      vertex 1.75 0 2
    endloop
  endfacet
  facet normal 0 0 -1
    outer loop
      vertex 1.71637 -0.341408 2
      vertex 1.74157 0.17153 2
      vertex 1.74157 -0.17153 2
    endloop
  endfacet
  facet normal 0 0 -1
    outer loop
      vertex 1.71637 -0.341408 2
      vertex 1.71637 0.341408 2
      vertex 1.74157 0.17153 2
    endloop
  endfacet
  facet normal 0 0 -1
    outer loop
      vertex 1.67465 -0.507998 2
      vertex 1.71637 0.341408 2
      vertex 1.71637 -0.341408 2
    endloop
  endfacet
  facet normal 0 0 -1
    outer loop
      vertex 1.67465 -0.507998 2
      vertex 1.67465 0.507998 2
      vertex 1.71637 0.341408 2
    endloop
  endfacet
  facet normal 0 0 -1
    outer loop
      vertex 1.61679 -0.669696 2
      vertex 1.67465 0.507998 2
      vertex 1.67465 -0.507998 2
    endloop
  endfacet
  facet normal 0 0 -1
    outer loop
      vertex 1.61679 -0.669696 2
      vertex 1.61679 0.669696 2
      vertex 1.67465 0.507998 2
    endloop
  endfacet
  facet normal 0 0 -1
    outer loop
      vertex 1.54336 -0.824944 2
      vertex 1.61679 0.669696 2
      vertex 1.61679 -0.669696 2
    endloop
  endfacet
  facet normal 0 0 -1
    outer loop
      vertex 1.54336 -0.824944 2
      vertex 1.54336 0.824944 2
      vertex 1.61679 0.669696 2
    endloop
  endfacet
  facet normal 0 0 -1
    outer loop
      vertex 1.45507 -0.972247 2
      vertex 1.54336 0.824944 2
      vertex 1.54336 -0.824944 2
    endloop
  endfacet
  facet normal 0 0 -1
    outer loop
      vertex 1.45507 -0.972247 2
      vertex 1.45507 0.972247 2
      vertex 1.54336 0.824944 2
    endloop
  endfacet
  facet normal 0 0 -1
    outer loop
      vertex 1.35277 -1.11019 2
      vertex 1.45507 0.972247 2
      vertex 1.45507 -0.972247 2
    endloop
  endfacet
  facet normal 0 0 -1
    outer loop
      vertex 1.35277 -1.11019 2
      vertex 1.35277 1.11019 2
      vertex 1.45507 0.972247 2
    endloop
  endfacet
  facet normal 0 0 -1
    outer loop
      vertex 1.23744 -1.23744 2
      vertex 1.35277 1.11019 2
      vertex 1.35277 -1.11019 2
    endloop
  endfacet
  facet normal 0 0 -1
    outer loop
      vertex 1.23744 -1.23744 2
      vertex 1.23744 1.23744 2
      vertex 1.35277 1.11019 2
    endloop
  endfacet
  facet normal 0 0 -1
    outer loop
      vertex 1.11019 -1.35277 2
      vertex 1.23744 1.23744 2
      vertex 1.23744 -1.23744 2
    endloop
  endfacet
  facet normal 0 0 -1
    outer loop
      vertex 1.11019 -1.35277 2
      vertex 1.11019 1.35277 2
      vertex 1.23744 1.23744 2
    endloop
  endfacet
  facet normal 0 0 -1
    outer loop
      vertex 0.972247 -1.45507 2
      vertex 1.11019 1.35277 2
      vertex 1.11019 -1.35277 2
    endloop
  endfacet
  facet normal 0 0 -1
    outer loop
      vertex 0.972247 -1.45507 2
      vertex 0.972247 1.45507 2
      vertex 1.11019 1.35277 2
    endloop
  endfacet
  facet normal 0 0 -1
    outer loop
      vertex 0.824944 -1.54336 2
      vertex 0.972247 1.45507 2
      vertex 0.972247 -1.45507 2
    endloop
  endfacet
  facet normal 0 0 -1
    outer loop
      vertex 0.824944 -1.54336 2
      vertex 0.824944 1.54336 2
      vertex 0.972247 1.45507 2
    endloop
  endfacet
  facet normal 0 0 -1
    outer loop
      vertex 0.669696 -1.61679 2
      vertex 0.824944 1.54336 2
      vertex 0.824944 -1.54336 2
    endloop
  endfacet
  facet normal 0 0 -1
    outer loop
      vertex 0.669696 -1.61679 2
      vertex 0.669696 1.61679 2
      vertex 0.824944 1.54336 2
    endloop
  endfacet
  facet normal 0 0 -1
    outer loop
      vertex 0.507998 -1.67465 2
      vertex 0.669696 1.61679 2
      vertex 0.669696 -1.61679 2
    endloop
  endfacet
  facet normal 0 0 -1
    outer loop
      vertex 0.507998 -1.67465 2
      vertex 0.507998 1.67465 2
      vertex 0.669696 1.61679 2
    endloop
  endfacet
  facet normal 0 0 -1
    outer loop
      vertex 0.341408 -1.71637 2
      vertex 0.507998 1.67465 2
      vertex 0.507998 -1.67465 2
    endloop
  endfacet
  facet normal 0 0 -1
    outer loop
      vertex 0.341408 -1.71637 2
      vertex 0.341408 1.71637 2
      vertex 0.507998 1.67465 2
    endloop
  endfacet
  facet normal 0 0 -1
    outer loop
      vertex 0.17153 -1.74157 2
      vertex 0.341408 1.71637 2
      vertex 0.341408 -1.71637 2
    endloop
  endfacet
  facet normal 0 0 -1
    outer loop
      vertex 0.17153 -1.74157 2
      vertex 0.17153 1.74157 2
      vertex 0.341408 1.71637 2
    endloop
  endfacet
  facet normal 0 0 -1
    outer loop
      vertex 0 -1.75 2
      vertex 0.17153 1.74157 2
      vertex 0.17153 -1.74157 2
    endloop
  endfacet
  facet normal 0 0 -1
    outer loop
      vertex 0 -1.75 2
      vertex 0 1.75 2
      vertex 0.17153 1.74157 2
    endloop
  endfacet
  facet normal 0 0 -1
    outer loop
      vertex -0.17153 -1.74157 2
      vertex 0 1.75 2
      vertex 0 -1.75 2
    endloop
  endfacet
  facet normal 0 0 -1
    outer loop
      vertex -0.17153 -1.74157 2
      vertex -0.17153 1.74157 2
      vertex 0 1.75 2
    endloop
  endfacet
  facet normal 0 0 -1
    outer loop
      vertex -0.341408 -1.71637 2
      vertex -0.17153 1.74157 2
      vertex -0.17153 -1.74157 2
    endloop
  endfacet
  facet normal 0 0 -1
    outer loop
      vertex -0.341408 -1.71637 2
      vertex -0.341408 1.71637 2
      vertex -0.17153 1.74157 2
    endloop
  endfacet
  facet normal 0 0 -1
    outer loop
      vertex -0.507998 -1.67465 2
      vertex -0.341408 1.71637 2
      vertex -0.341408 -1.71637 2
    endloop
  endfacet
  facet normal 0 0 -1
    outer loop
      vertex -0.507998 -1.67465 2
      vertex -0.507998 1.67465 2
      vertex -0.341408 1.71637 2
    endloop
  endfacet
  facet normal 0 0 -1
    outer loop
      vertex -0.669696 -1.61679 2
      vertex -0.507998 1.67465 2
      vertex -0.507998 -1.67465 2
    endloop
  endfacet
  facet normal 0 0 -1
    outer loop
      vertex -0.669696 -1.61679 2
      vertex -0.669696 1.61679 2
      vertex -0.507998 1.67465 2
    endloop
  endfacet
  facet normal 0 0 -1
    outer loop
      vertex -0.824944 -1.54336 2
      vertex -0.669696 1.61679 2
      vertex -0.669696 -1.61679 2
    endloop
  endfacet
  facet normal 0 0 -1
    outer loop
      vertex -0.824944 -1.54336 2
      vertex -0.824944 1.54336 2
      vertex -0.669696 1.61679 2
    endloop
  endfacet
  facet normal 0 0 -1
    outer loop
      vertex -0.972247 -1.45507 2
      vertex -0.824944 1.54336 2
      vertex -0.824944 -1.54336 2
    endloop
  endfacet
  facet normal 0 0 -1
    outer loop
      vertex -0.972247 -1.45507 2
      vertex -0.972247 1.45507 2
      vertex -0.824944 1.54336 2
    endloop
  endfacet
  facet normal 0 0 -1
    outer loop
      vertex -1.11019 -1.35277 2
      vertex -0.972247 1.45507 2
      vertex -0.972247 -1.45507 2
    endloop
  endfacet
  facet normal 0 0 -1
    outer loop
      vertex -1.11019 -1.35277 2
      vertex -1.11019 1.35277 2
      vertex -0.972247 1.45507 2
    endloop
  endfacet
  facet normal 0 0 -1
    outer loop
      vertex -1.23744 -1.23744 2
      vertex -1.11019 1.35277 2
      vertex -1.11019 -1.35277 2
    endloop
  endfacet
  facet normal 0 0 -1
    outer loop
      vertex -1.23744 -1.23744 2
      vertex -1.23744 1.23744 2
      vertex -1.11019 1.35277 2
    endloop
  endfacet
  facet normal 0 0 -1
    outer loop
      vertex -1.35277 -1.11019 2
      vertex -1.23744 1.23744 2
      vertex -1.23744 -1.23744 2
    endloop
  endfacet
  facet normal 0 0 -1
    outer loop
      vertex -1.35277 -1.11019 2
      vertex -1.35277 1.11019 2
      vertex -1.23744 1.23744 2
    endloop
  endfacet
  facet normal 0 0 -1
    outer loop
      vertex -1.45507 -0.972247 2
      vertex -1.35277 1.11019 2
      vertex -1.35277 -1.11019 2
    endloop
  endfacet
  facet normal 0 0 -1
    outer loop
      vertex -1.45507 -0.972247 2
      vertex -1.45507 0.972247 2
      vertex -1.35277 1.11019 2
    endloop
  endfacet
  facet normal 0 0 -1
    outer loop
      vertex -1.54336 -0.824944 2
      vertex -1.45507 0.972247 2
      vertex -1.45507 -0.972247 2
    endloop
  endfacet
  facet normal 0 0 -1
    outer loop
      vertex -1.54336 -0.824944 2
      vertex -1.54336 0.824944 2
      vertex -1.45507 0.972247 2
    endloop
  endfacet
  facet normal 0 0 -1
    outer loop
      vertex -1.61679 -0.669696 2
      vertex -1.54336 0.824944 2
      vertex -1.54336 -0.824944 2
    endloop
  endfacet
  facet normal 0 0 -1
    outer loop
      vertex -1.61679 -0.669696 2
      vertex -1.61679 0.669696 2
      vertex -1.54336 0.824944 2
    endloop
  endfacet
  facet normal 0 0 -1
    outer loop
      vertex -1.67465 -0.507998 2
      vertex -1.61679 0.669696 2
      vertex -1.61679 -0.669696 2
    endloop
  endfacet
  facet normal 0 0 -1
    outer loop
      vertex -1.67465 -0.507998 2
      vertex -1.67465 0.507998 2
      vertex -1.61679 0.669696 2
    endloop
  endfacet
  facet normal 0 0 -1
    outer loop
      vertex -1.71637 -0.341408 2
      vertex -1.67465 0.507998 2
      vertex -1.67465 -0.507998 2
    endloop
  endfacet
  facet normal 0 0 -1
    outer loop
      vertex -1.71637 -0.341408 2
      vertex -1.71637 0.341408 2
      vertex -1.67465 0.507998 2
    endloop
  endfacet
  facet normal 0 0 -1
    outer loop
      vertex -1.74157 -0.17153 2
      vertex -1.71637 0.341408 2
      vertex -1.71637 -0.341408 2
    endloop
  endfacet
  facet normal 0 0 -1
    outer loop
      vertex -1.74157 -0.17153 2
      vertex -1.74157 0.17153 2
      vertex -1.71637 0.341408 2
    endloop
  endfacet
  facet normal 0 -0 -1
    outer loop
      vertex -1.74157 0.17153 2
      vertex -1.74157 -0.17153 2
      vertex -1.75 0 2
    endloop
  endfacet
  facet normal 0.0490867 0.998795 -0
    outer loop
      vertex 0 -1.75 0
      vertex -0.17153 -1.74157 2
      vertex 0 -1.75 2
    endloop
  endfacet
  facet normal 0.0490867 0.998795 0
    outer loop
      vertex -0.17153 -1.74157 2
      vertex 0 -1.75 0
      vertex -0.17153 -1.74157 0
    endloop
  endfacet
  facet normal 0.998795 -0.0490867 0
    outer loop
      vertex -1.75 0 2
      vertex -1.74157 0.17153 0
      vertex -1.74157 0.17153 2
    endloop
  endfacet
  facet normal 0.998795 -0.0490867 0
    outer loop
      vertex -1.74157 0.17153 0
      vertex -1.75 0 2
      vertex -1.75 0 0
    endloop
  endfacet
  facet normal 0.336908 0.941538 -0
    outer loop
      vertex -0.507998 -1.67465 0
      vertex -0.669696 -1.61679 2
      vertex -0.507998 -1.67465 2
    endloop
  endfacet
  facet normal 0.336908 0.941538 0
    outer loop
      vertex -0.669696 -1.61679 2
      vertex -0.507998 -1.67465 0
      vertex -0.669696 -1.61679 0
    endloop
  endfacet
  facet normal -0.740959 0.67155 0
    outer loop
      vertex 1.23744 -1.23744 0
      vertex 1.35277 -1.11019 2
      vertex 1.35277 -1.11019 0
    endloop
  endfacet
  facet normal -0.740959 0.67155 0
    outer loop
      vertex 1.35277 -1.11019 2
      vertex 1.23744 -1.23744 0
      vertex 1.23744 -1.23744 2
    endloop
  endfacet
endsolid OpenSCAD_Model
